{
  "strategy": "context_agnostic",
  "run_id": 2,
  "seed": 456,
  "episodes": 170,
  "queries_per_episode": 25,
  "total_time": 0.1251676082611084,
  "metrics": {
    "task_completion_rate": {
      "mean": 0.4924705882352942,
      "std": 0.049891786011513825,
      "final": 0.52,
      "improvement": 0.040000000000000036
    },
    "tool_selection_accuracy": {
      "mean": 0.16941176470588235,
      "std": 0.03312553453247636,
      "final": 0.2
    },
    "average_reward": {
      "mean": 11.042941176470586,
      "std": 1.3720241153166302,
      "cumulative": 1877.3
    },
    "execution_time": {
      "mean": 2.545861636891085e-05,
      "std": 7.758080288125958e-06,
      "p95": 4.457569122314452e-05
    },
    "convergence": {
      "episodes_to_stable": 170,
      "final_variance": 0.002619360000000001
    }
  },
  "time_series": {
    "completion_rates": [
      0.48,
      0.52,
      0.48,
      0.48,
      0.44,
      0.48,
      0.52,
      0.48,
      0.64,
      0.44,
      0.48,
      0.56,
      0.44,
      0.44,
      0.44,
      0.52,
      0.52,
      0.48,
      0.48,
      0.44,
      0.48,
      0.48,
      0.56,
      0.48,
      0.52,
      0.44,
      0.48,
      0.48,
      0.44,
      0.48,
      0.48,
      0.56,
      0.6,
      0.52,
      0.56,
      0.6,
      0.48,
      0.44,
      0.48,
      0.52,
      0.56,
      0.52,
      0.56,
      0.44,
      0.44,
      0.48,
      0.56,
      0.44,
      0.52,
      0.56,
      0.44,
      0.4,
      0.52,
      0.44,
      0.52,
      0.52,
      0.48,
      0.48,
      0.48,
      0.48,
      0.48,
      0.52,
      0.44,
      0.56,
      0.48,
      0.52,
      0.52,
      0.56,
      0.48,
      0.56,
      0.48,
      0.56,
      0.52,
      0.48,
      0.48,
      0.52,
      0.48,
      0.48,
      0.48,
      0.44,
      0.44,
      0.56,
      0.48,
      0.56,
      0.48,
      0.6,
      0.48,
      0.48,
      0.44,
      0.48,
      0.44,
      0.44,
      0.48,
      0.56,
      0.48,
      0.56,
      0.44,
      0.4,
      0.52,
      0.56,
      0.52,
      0.36,
      0.44,
      0.52,
      0.52,
      0.36,
      0.44,
      0.48,
      0.48,
      0.4,
      0.52,
      0.52,
      0.48,
      0.48,
      0.44,
      0.48,
      0.56,
      0.56,
      0.48,
      0.52,
      0.56,
      0.44,
      0.52,
      0.48,
      0.44,
      0.44,
      0.52,
      0.52,
      0.48,
      0.48,
      0.48,
      0.44,
      0.52,
      0.48,
      0.52,
      0.56,
      0.52,
      0.48,
      0.6,
      0.4,
      0.52,
      0.52,
      0.48,
      0.44,
      0.44,
      0.52,
      0.48,
      0.56,
      0.52,
      0.48,
      0.44,
      0.48,
      0.48,
      0.48,
      0.6,
      0.52,
      0.52,
      0.48,
      0.44,
      0.44,
      0.6,
      0.4,
      0.44,
      0.48,
      0.56,
      0.52,
      0.4,
      0.4,
      0.52,
      0.52
    ],
    "tool_accuracies": [
      0.16,
      0.16,
      0.16,
      0.2,
      0.12,
      0.16,
      0.16,
      0.12,
      0.2,
      0.16,
      0.16,
      0.2,
      0.2,
      0.2,
      0.2,
      0.2,
      0.16,
      0.16,
      0.16,
      0.12,
      0.16,
      0.2,
      0.16,
      0.2,
      0.12,
      0.16,
      0.16,
      0.12,
      0.08,
      0.2,
      0.12,
      0.24,
      0.16,
      0.12,
      0.2,
      0.12,
      0.16,
      0.2,
      0.2,
      0.16,
      0.16,
      0.2,
      0.2,
      0.16,
      0.12,
      0.12,
      0.2,
      0.12,
      0.16,
      0.2,
      0.2,
      0.16,
      0.2,
      0.16,
      0.2,
      0.16,
      0.2,
      0.16,
      0.2,
      0.16,
      0.2,
      0.16,
      0.08,
      0.12,
      0.08,
      0.2,
      0.2,
      0.16,
      0.16,
      0.2,
      0.16,
      0.2,
      0.2,
      0.2,
      0.16,
      0.16,
      0.16,
      0.2,
      0.16,
      0.16,
      0.2,
      0.2,
      0.16,
      0.2,
      0.2,
      0.2,
      0.16,
      0.2,
      0.16,
      0.16,
      0.2,
      0.2,
      0.16,
      0.12,
      0.16,
      0.16,
      0.2,
      0.12,
      0.16,
      0.16,
      0.16,
      0.12,
      0.08,
      0.2,
      0.2,
      0.16,
      0.16,
      0.2,
      0.16,
      0.12,
      0.2,
      0.2,
      0.2,
      0.2,
      0.16,
      0.2,
      0.16,
      0.16,
      0.16,
      0.2,
      0.2,
      0.16,
      0.16,
      0.12,
      0.16,
      0.16,
      0.2,
      0.24,
      0.2,
      0.12,
      0.16,
      0.16,
      0.12,
      0.2,
      0.2,
      0.2,
      0.2,
      0.12,
      0.24,
      0.16,
      0.2,
      0.2,
      0.16,
      0.2,
      0.16,
      0.2,
      0.16,
      0.2,
      0.12,
      0.16,
      0.16,
      0.2,
      0.2,
      0.2,
      0.2,
      0.2,
      0.16,
      0.2,
      0.08,
      0.16,
      0.2,
      0.12,
      0.16,
      0.16,
      0.16,
      0.12,
      0.12,
      0.12,
      0.2,
      0.2
    ],
    "episode_rewards": [
      10.7,
      11.8,
      10.7,
      10.7,
      9.6,
      10.7,
      11.8,
      10.7,
      15.1,
      9.6,
      10.7,
      12.9,
      9.6,
      9.6,
      9.6,
      11.8,
      11.8,
      10.7,
      10.7,
      9.6,
      10.7,
      10.7,
      12.9,
      10.7,
      11.8,
      9.6,
      10.7,
      10.7,
      9.6,
      10.7,
      10.7,
      12.9,
      14.0,
      11.8,
      12.9,
      14.0,
      10.7,
      9.6,
      10.7,
      11.8,
      12.9,
      11.8,
      12.9,
      9.6,
      9.6,
      10.7,
      12.9,
      9.6,
      11.8,
      12.9,
      9.6,
      8.5,
      11.8,
      9.6,
      11.8,
      11.8,
      10.7,
      10.7,
      10.7,
      10.7,
      10.7,
      11.8,
      9.6,
      12.9,
      10.7,
      11.8,
      11.8,
      12.9,
      10.7,
      12.9,
      10.7,
      12.9,
      11.8,
      10.7,
      10.7,
      11.8,
      10.7,
      10.7,
      10.7,
      9.6,
      9.6,
      12.9,
      10.7,
      12.9,
      10.7,
      14.0,
      10.7,
      10.7,
      9.6,
      10.7,
      9.6,
      9.6,
      10.7,
      12.9,
      10.7,
      12.9,
      9.6,
      8.5,
      11.8,
      12.9,
      11.8,
      7.4,
      9.6,
      11.8,
      11.8,
      7.4,
      9.6,
      10.7,
      10.7,
      8.5,
      11.8,
      11.8,
      10.7,
      10.7,
      9.6,
      10.7,
      12.9,
      12.9,
      10.7,
      11.8,
      12.9,
      9.6,
      11.8,
      10.7,
      9.6,
      9.6,
      11.8,
      11.8,
      10.7,
      10.7,
      10.7,
      9.6,
      11.8,
      10.7,
      11.8,
      12.9,
      11.8,
      10.7,
      14.0,
      8.5,
      11.8,
      11.8,
      10.7,
      9.6,
      9.6,
      11.8,
      10.7,
      12.9,
      11.8,
      10.7,
      9.6,
      10.7,
      10.7,
      10.7,
      14.0,
      11.8,
      11.8,
      10.7,
      9.6,
      9.6,
      14.0,
      8.5,
      9.6,
      10.7,
      12.9,
      11.8,
      8.5,
      8.5,
      11.8,
      11.8
    ],