{
  "strategy": "context_agnostic",
  "run_id": 4,
  "seed": 999,
  "episodes": 170,
  "queries_per_episode": 25,
  "total_time": 0.13354873657226562,
  "metrics": {
    "task_completion_rate": {
      "mean": 0.4924705882352941,
      "std": 0.058569333119021606,
      "final": 0.48,
      "improvement": 0.0
    },
    "tool_selection_accuracy": {
      "mean": 0.1623529411764706,
      "std": 0.034899757586332535,
      "final": 0.16
    },
    "average_reward": {
      "mean": 11.042941176470588,
      "std": 1.610656660773094,
      "cumulative": 1877.3
    },
    "execution_time": {
      "mean": 2.7865353752585013e-05,
      "std": 9.53304191162606e-06,
      "p95": 4.703521728515624e-05
    },
    "convergence": {
      "episodes_to_stable": 170,
      "final_variance": 0.0032760000000000007
    }
  },
  "time_series": {
    "completion_rates": [
      0.48,
      0.44,
      0.52,
      0.48,
      0.48,
      0.52,
      0.52,
      0.68,
      0.48,
      0.44,
      0.6,
      0.52,
      0.52,
      0.48,
      0.56,
      0.4,
      0.48,
      0.52,
      0.44,
      0.48,
      0.44,
      0.44,
      0.48,
      0.4,
      0.48,
      0.52,
      0.44,
      0.44,
      0.48,
      0.52,
      0.44,
      0.48,
      0.6,
      0.48,
      0.6,
      0.44,
      0.64,
      0.52,
      0.52,
      0.52,
      0.52,
      0.52,
      0.52,
      0.44,
      0.44,
      0.44,
      0.56,
      0.52,
      0.44,
      0.56,
      0.56,
      0.48,
      0.48,
      0.52,
      0.64,
      0.48,
      0.4,
      0.52,
      0.44,
      0.4,
      0.44,
      0.52,
      0.52,
      0.4,
      0.44,
      0.44,
      0.52,
      0.48,
      0.56,
      0.6,
      0.4,
      0.48,
      0.48,
      0.48,
      0.52,
      0.44,
      0.44,
      0.52,
      0.44,
      0.4,
      0.44,
      0.48,
      0.48,
      0.52,
      0.56,
      0.4,
      0.48,
      0.4,
      0.4,
      0.48,
      0.48,
      0.48,
      0.4,
      0.44,
      0.44,
      0.64,
      0.48,
      0.48,
      0.48,
      0.64,
      0.52,
      0.48,
      0.48,
      0.6,
      0.56,
      0.36,
      0.52,
      0.56,
      0.48,
      0.4,
      0.6,
      0.56,
      0.52,
      0.56,
      0.44,
      0.52,
      0.52,
      0.6,
      0.52,
      0.52,
      0.52,
      0.52,
      0.48,
      0.44,
      0.52,
      0.4,
      0.52,
      0.4,
      0.48,
      0.48,
      0.44,
      0.44,
      0.44,
      0.48,
      0.44,
      0.52,
      0.44,
      0.52,
      0.56,
      0.44,
      0.52,
      0.44,
      0.52,
      0.52,
      0.48,
      0.52,
      0.56,
      0.44,
      0.68,
      0.56,
      0.52,
      0.48,
      0.44,
      0.52,
      0.52,
      0.52,
      0.44,
      0.52,
      0.44,
      0.44,
      0.52,
      0.48,
      0.56,
      0.48,
      0.48,
      0.48,
      0.48,
      0.48,
      0.48,
      0.48
    ],
    "tool_accuracies": [
      0.16,
      0.16,
      0.08,
      0.2,
      0.16,
      0.2,
      0.12,
      0.2,
      0.16,
      0.12,
      0.16,
      0.16,
      0.2,
      0.2,
      0.24,
      0.16,
      0.16,
      0.16,
      0.2,
      0.12,
      0.12,
      0.16,
      0.16,
      0.16,
      0.16,
      0.2,
      0.16,
      0.16,
      0.16,
      0.12,
      0.2,
      0.2,
      0.12,
      0.2,
      0.2,
      0.12,
      0.2,
      0.2,
      0.2,
      0.16,
      0.16,
      0.16,
      0.16,
      0.16,
      0.16,
      0.16,
      0.2,
      0.2,
      0.16,
      0.2,
      0.2,
      0.12,
      0.16,
      0.16,
      0.2,
      0.16,
      0.16,
      0.08,
      0.12,
      0.12,
      0.08,
      0.16,
      0.2,
      0.12,
      0.08,
      0.16,
      0.16,
      0.12,
      0.12,
      0.16,
      0.16,
      0.16,
      0.2,
      0.16,
      0.16,
      0.12,
      0.16,
      0.2,
      0.2,
      0.08,
      0.16,
      0.16,
      0.2,
      0.16,
      0.2,
      0.08,
      0.16,
      0.16,
      0.16,
      0.2,
      0.16,
      0.16,
      0.16,
      0.16,
      0.12,
      0.16,
      0.16,
      0.12,
      0.2,
      0.24,
      0.2,
      0.2,
      0.16,
      0.16,
      0.2,
      0.2,
      0.2,
      0.2,
      0.16,
      0.16,
      0.2,
      0.2,
      0.16,
      0.2,
      0.16,
      0.12,
      0.2,
      0.2,
      0.2,
      0.12,
      0.16,
      0.12,
      0.16,
      0.08,
      0.2,
      0.16,
      0.16,
      0.16,
      0.2,
      0.16,
      0.2,
      0.12,
      0.16,
      0.2,
      0.2,
      0.04,
      0.12,
      0.16,
      0.2,
      0.12,
      0.16,
      0.2,
      0.08,
      0.2,
      0.16,
      0.16,
      0.16,
      0.16,
      0.16,
      0.12,
      0.16,
      0.16,
      0.12,
      0.2,
      0.16,
      0.16,
      0.16,
      0.16,
      0.16,
      0.08,
      0.2,
      0.12,
      0.16,
      0.16,
      0.2,
      0.2,
      0.16,
      0.16,
      0.2,
      0.16
    ],
    "episode_rewards": [
      10.7,
      9.6,
      11.8,
      10.7,
      10.7,
      11.8,
      11.8,
      16.2,
      10.7,
      9.6,
      14.0,
      11.8,
      11.8,
      10.7,
      12.9,
      8.5,
      10.7,
      11.8,
      9.6,
      10.7,
      9.6,
      9.6,
      10.7,
      8.5,
      10.7,
      11.8,
      9.6,
      9.6,
      10.7,
      11.8,
      9.6,
      10.7,
      14.0,
      10.7,
      14.0,
      9.6,
      15.1,
      11.8,
      11.8,
      11.8,
      11.8,
      11.8,
      11.8,
      9.6,
      9.6,
      9.6,
      12.9,
      11.8,
      9.6,
      12.9,
      12.9,
      10.7,
      10.7,
      11.8,
      15.1,
      10.7,
      8.5,
      11.8,
      9.6,
      8.5,
      9.6,
      11.8,
      11.8,
      8.5,
      9.6,
      9.6,
      11.8,
      10.7,
      12.9,
      14.0,
      8.5,
      10.7,
      10.7,
      10.7,
      11.8,
      9.6,
      9.6,
      11.8,
      9.6,
      8.5,
      9.6,
      10.7,
      10.7,
      11.8,
      12.9,
      8.5,
      10.7,
      8.5,
      8.5,
      10.7,
      10.7,
      10.7,
      8.5,
      9.6,
      9.6,
      15.1,
      10.7,
      10.7,
      10.7,
      15.1,
      11.8,
      10.7,
      10.7,
      14.0,
      12.9,
      7.4,
      11.8,
      12.9,
      10.7,
      8.5,
      14.0,
      12.9,
      11.8,
      12.9,
      9.6,
      11.8,
      11.8,
      14.0,
      11.8,
      11.8,
      11.8,
      11.8,
      10.7,
      9.6,
      11.8,
      8.5,
      11.8,
      8.5,
      10.7,
      10.7,
      9.6,
      9.6,
      9.6,
      10.7,
      9.6,
      11.8,
      9.6,
      11.8,
      12.9,
      9.6,
      11.8,
      9.6,
      11.8,
      11.8,
      10.7,
      11.8,
      12.9,
      9.6,
      16.2,
      12.9,
      11.8,
      10.7,
      9.6,
      11.8,
      11.8,
      11.8,
      9.6,
      11.8,
      9.6,
      9.6,
      11.8,
      10.7,
      12.9,
      10.7,
      10.7,
      10.7,
      10.7,
      10.7,
      10.7,
      10.7
    ],