{
  "strategy": "context_agnostic",
  "run_id": 1,
  "seed": 123,
  "episodes": 170,
  "queries_per_episode": 25,
  "total_time": 0.12494778633117676,
  "metrics": {
    "task_completion_rate": {
      "mean": 0.4894117647058824,
      "std": 0.05776937803077236,
      "final": 0.56,
      "improvement": 0.08000000000000007
    },
    "tool_selection_accuracy": {
      "mean": 0.16399999999999998,
      "std": 0.03748568354169676,
      "final": 0.12
    },
    "average_reward": {
      "mean": 10.958823529411765,
      "std": 1.58865789584624,
      "cumulative": 1863.0
    },
    "execution_time": {
      "mean": 2.5959688074448526e-05,
      "std": 9.039889836846945e-06,
      "p95": 3.917741775512695e-05
    },
    "convergence": {
      "episodes_to_stable": 170,
      "final_variance": 0.003504000000000001
    }
  },
  "time_series": {
    "completion_rates": [
      0.48,
      0.48,
      0.48,
      0.52,
      0.44,
      0.56,
      0.4,
      0.4,
      0.48,
      0.4,
      0.48,
      0.44,
      0.48,
      0.56,
      0.48,
      0.48,
      0.4,
      0.52,
      0.4,
      0.4,
      0.48,
      0.48,
      0.52,
      0.48,
      0.44,
      0.52,
      0.48,
      0.4,
      0.52,
      0.56,
      0.4,
      0.56,
      0.4,
      0.44,
      0.4,
      0.52,
      0.52,
      0.68,
      0.48,
      0.52,
      0.48,
      0.52,
      0.56,
      0.48,
      0.44,
      0.52,
      0.4,
      0.48,
      0.44,
      0.56,
      0.48,
      0.4,
      0.48,
      0.48,
      0.48,
      0.52,
      0.48,
      0.6,
      0.52,
      0.52,
      0.44,
      0.56,
      0.52,
      0.48,
      0.52,
      0.48,
      0.52,
      0.52,
      0.52,
      0.52,
      0.48,
      0.6,
      0.52,
      0.52,
      0.48,
      0.52,
      0.4,
      0.6,
      0.48,
      0.52,
      0.52,
      0.44,
      0.52,
      0.52,
      0.52,
      0.52,
      0.52,
      0.44,
      0.4,
      0.48,
      0.44,
      0.48,
      0.52,
      0.44,
      0.44,
      0.52,
      0.48,
      0.44,
      0.44,
      0.52,
      0.52,
      0.52,
      0.56,
      0.44,
      0.56,
      0.4,
      0.52,
      0.52,
      0.48,
      0.48,
      0.44,
      0.6,
      0.56,
      0.56,
      0.48,
      0.48,
      0.44,
      0.44,
      0.44,
      0.48,
      0.44,
      0.44,
      0.52,
      0.56,
      0.44,
      0.48,
      0.44,
      0.52,
      0.52,
      0.56,
      0.56,
      0.56,
      0.44,
      0.44,
      0.44,
      0.56,
      0.68,
      0.48,
      0.56,
      0.52,
      0.48,
      0.4,
      0.52,
      0.6,
      0.52,
      0.4,
      0.52,
      0.52,
      0.52,
      0.52,
      0.48,
      0.48,
      0.44,
      0.56,
      0.44,
      0.36,
      0.48,
      0.48,
      0.48,
      0.52,
      0.28,
      0.48,
      0.44,
      0.48,
      0.52,
      0.44,
      0.6,
      0.48,
      0.4,
      0.56
    ],
    "tool_accuracies": [
      0.12,
      0.16,
      0.16,
      0.08,
      0.24,
      0.16,
      0.12,
      0.16,
      0.16,
      0.12,
      0.16,
      0.16,
      0.16,
      0.08,
      0.2,
      0.16,
      0.04,
      0.2,
      0.12,
      0.16,
      0.16,
      0.16,
      0.12,
      0.2,
      0.12,
      0.16,
      0.2,
      0.12,
      0.2,
      0.2,
      0.12,
      0.12,
      0.16,
      0.16,
      0.16,
      0.16,
      0.16,
      0.2,
      0.16,
      0.12,
      0.08,
      0.2,
      0.16,
      0.16,
      0.12,
      0.16,
      0.16,
      0.2,
      0.2,
      0.2,
      0.16,
      0.08,
      0.2,
      0.16,
      0.16,
      0.2,
      0.16,
      0.16,
      0.2,
      0.2,
      0.12,
      0.2,
      0.16,
      0.16,
      0.12,
      0.16,
      0.2,
      0.2,
      0.28,
      0.2,
      0.2,
      0.2,
      0.12,
      0.12,
      0.12,
      0.2,
      0.08,
      0.2,
      0.08,
      0.16,
      0.2,
      0.16,
      0.16,
      0.16,
      0.2,
      0.2,
      0.2,
      0.2,
      0.08,
      0.16,
      0.2,
      0.16,
      0.16,
      0.2,
      0.16,
      0.2,
      0.16,
      0.16,
      0.16,
      0.24,
      0.16,
      0.2,
      0.16,
      0.16,
      0.2,
      0.12,
      0.2,
      0.16,
      0.16,
      0.2,
      0.16,
      0.08,
      0.16,
      0.16,
      0.16,
      0.16,
      0.16,
      0.12,
      0.16,
      0.12,
      0.16,
      0.12,
      0.16,
      0.2,
      0.12,
      0.16,
      0.16,
      0.16,
      0.2,
      0.2,
      0.16,
      0.2,
      0.12,
      0.2,
      0.2,
      0.2,
      0.2,
      0.2,
      0.16,
      0.16,
      0.2,
      0.12,
      0.2,
      0.16,
      0.24,
      0.16,
      0.16,
      0.2,
      0.2,
      0.2,
      0.16,
      0.2,
      0.16,
      0.2,
      0.2,
      0.16,
      0.16,
      0.2,
      0.12,
      0.16,
      0.08,
      0.24,
      0.12,
      0.16,
      0.16,
      0.16,
      0.16,
      0.2,
      0.12,
      0.12
    ],
    "episode_rewards": [
      10.7,
      10.7,
      10.7,
      11.8,
      9.6,
      12.9,
      8.5,
      8.5,
      10.7,
      8.5,
      10.7,
      9.6,
      10.7,
      12.9,
      10.7,
      10.7,
      8.5,
      11.8,
      8.5,
      8.5,
      10.7,
      10.7,
      11.8,
      10.7,
      9.6,
      11.8,
      10.7,
      8.5,
      11.8,
      12.9,
      8.5,
      12.9,
      8.5,
      9.6,
      8.5,
      11.8,
      11.8,
      16.2,
      10.7,
      11.8,
      10.7,
      11.8,
      12.9,
      10.7,
      9.6,
      11.8,
      8.5,
      10.7,
      9.6,
      12.9,
      10.7,
      8.5,
      10.7,
      10.7,
      10.7,
      11.8,
      10.7,
      14.0,
      11.8,
      11.8,
      9.6,
      12.9,
      11.8,
      10.7,
      11.8,
      10.7,
      11.8,
      11.8,
      11.8,
      11.8,
      10.7,
      14.0,
      11.8,
      11.8,
      10.7,
      11.8,
      8.5,
      14.0,
      10.7,
      11.8,
      11.8,
      9.6,
      11.8,
      11.8,
      11.8,
      11.8,
      11.8,
      9.6,
      8.5,
      10.7,
      9.6,
      10.7,
      11.8,
      9.6,
      9.6,
      11.8,
      10.7,
      9.6,
      9.6,
      11.8,
      11.8,
      11.8,
      12.9,
      9.6,
      12.9,
      8.5,
      11.8,
      11.8,
      10.7,
      10.7,
      9.6,
      14.0,
      12.9,
      12.9,
      10.7,
      10.7,
      9.6,
      9.6,
      9.6,
      10.7,
      9.6,
      9.6,
      11.8,
      12.9,
      9.6,
      10.7,
      9.6,
      11.8,
      11.8,
      12.9,
      12.9,
      12.9,
      9.6,
      9.6,
      9.6,
      12.9,
      16.2,
      10.7,
      12.9,
      11.8,
      10.7,
      8.5,
      11.8,
      14.0,
      11.8,
      8.5,
      11.8,
      11.8,
      11.8,
      11.8,
      10.7,
      10.7,
      9.6,
      12.9,
      9.6,
      7.4,
      10.7,
      10.7,
      10.7,
      11.8,
      5.2,
      10.7,
      9.6,
      10.7,
      11.8,
      9.6,
      14.0,
      10.7,
      8.5,
      12.9
    ],