{
  "strategy": "context_agnostic",
  "run_id": 3,
  "seed": 789,
  "episodes": 170,
  "queries_per_episode": 25,
  "total_time": 0.11162137985229492,
  "metrics": {
    "task_completion_rate": {
      "mean": 0.4912941176470588,
      "std": 0.06092981951864288,
      "final": 0.48,
      "improvement": 0.03999999999999998
    },
    "tool_selection_accuracy": {
      "mean": 0.16376470588235292,
      "std": 0.03713176761332493,
      "final": 0.2
    },
    "average_reward": {
      "mean": 11.010588235294117,
      "std": 1.6755700367626793,
      "cumulative": 1871.8
    },
    "execution_time": {
      "mean": 2.3451356326832488e-05,
      "std": 8.10590025687979e-06,
      "p95": 2.8569221496582025e-05
    },
    "convergence": {
      "episodes_to_stable": 170,
      "final_variance": 0.0041280000000000015
    }
  },
  "time_series": {
    "completion_rates": [
      0.44,
      0.52,
      0.44,
      0.56,
      0.52,
      0.56,
      0.48,
      0.56,
      0.48,
      0.44,
      0.48,
      0.48,
      0.52,
      0.44,
      0.64,
      0.56,
      0.56,
      0.48,
      0.48,
      0.56,
      0.48,
      0.48,
      0.52,
      0.4,
      0.48,
      0.52,
      0.52,
      0.52,
      0.48,
      0.48,
      0.56,
      0.56,
      0.56,
      0.48,
      0.48,
      0.52,
      0.44,
      0.4,
      0.52,
      0.52,
      0.52,
      0.48,
      0.44,
      0.52,
      0.56,
      0.52,
      0.52,
      0.56,
      0.4,
      0.48,
      0.48,
      0.36,
      0.52,
      0.48,
      0.52,
      0.48,
      0.36,
      0.48,
      0.6,
      0.48,
      0.52,
      0.52,
      0.44,
      0.32,
      0.56,
      0.48,
      0.52,
      0.52,
      0.48,
      0.48,
      0.44,
      0.48,
      0.48,
      0.52,
      0.56,
      0.6,
      0.44,
      0.48,
      0.4,
      0.64,
      0.6,
      0.44,
      0.6,
      0.52,
      0.44,
      0.32,
      0.56,
      0.52,
      0.44,
      0.36,
      0.48,
      0.4,
      0.44,
      0.4,
      0.4,
      0.44,
      0.52,
      0.4,
      0.56,
      0.48,
      0.52,
      0.48,
      0.52,
      0.48,
      0.48,
      0.52,
      0.6,
      0.48,
      0.52,
      0.56,
      0.48,
      0.52,
      0.36,
      0.48,
      0.48,
      0.48,
      0.52,
      0.44,
      0.52,
      0.48,
      0.4,
      0.44,
      0.52,
      0.4,
      0.48,
      0.4,
      0.44,
      0.44,
      0.48,
      0.48,
      0.36,
      0.56,
      0.52,
      0.52,
      0.48,
      0.52,
      0.48,
      0.48,
      0.48,
      0.52,
      0.6,
      0.56,
      0.56,
      0.52,
      0.4,
      0.44,
      0.56,
      0.68,
      0.48,
      0.48,
      0.44,
      0.44,
      0.48,
      0.44,
      0.44,
      0.52,
      0.64,
      0.52,
      0.44,
      0.48,
      0.52,
      0.52,
      0.48,
      0.44,
      0.52,
      0.48,
      0.56,
      0.44,
      0.56,
      0.48
    ],
    "tool_accuracies": [
      0.08,
      0.16,
      0.12,
      0.2,
      0.12,
      0.12,
      0.2,
      0.2,
      0.12,
      0.16,
      0.16,
      0.12,
      0.16,
      0.12,
      0.2,
      0.16,
      0.12,
      0.16,
      0.2,
      0.2,
      0.2,
      0.2,
      0.12,
      0.08,
      0.16,
      0.2,
      0.16,
      0.16,
      0.12,
      0.2,
      0.2,
      0.16,
      0.16,
      0.16,
      0.16,
      0.2,
      0.12,
      0.12,
      0.2,
      0.16,
      0.12,
      0.2,
      0.12,
      0.2,
      0.12,
      0.2,
      0.2,
      0.2,
      0.16,
      0.12,
      0.2,
      0.08,
      0.16,
      0.2,
      0.2,
      0.16,
      0.12,
      0.12,
      0.2,
      0.2,
      0.2,
      0.16,
      0.12,
      0.08,
      0.2,
      0.2,
      0.2,
      0.16,
      0.16,
      0.12,
      0.12,
      0.2,
      0.12,
      0.24,
      0.16,
      0.2,
      0.16,
      0.2,
      0.12,
      0.2,
      0.2,
      0.12,
      0.2,
      0.2,
      0.16,
      0.08,
      0.16,
      0.2,
      0.2,
      0.2,
      0.16,
      0.16,
      0.2,
      0.08,
      0.08,
      0.2,
      0.2,
      0.12,
      0.2,
      0.2,
      0.2,
      0.16,
      0.2,
      0.16,
      0.16,
      0.16,
      0.28,
      0.2,
      0.2,
      0.2,
      0.16,
      0.16,
      0.12,
      0.2,
      0.2,
      0.16,
      0.2,
      0.12,
      0.16,
      0.16,
      0.08,
      0.12,
      0.16,
      0.12,
      0.16,
      0.12,
      0.16,
      0.2,
      0.12,
      0.2,
      0.12,
      0.2,
      0.16,
      0.2,
      0.16,
      0.16,
      0.2,
      0.2,
      0.16,
      0.2,
      0.16,
      0.16,
      0.2,
      0.16,
      0.12,
      0.12,
      0.2,
      0.16,
      0.16,
      0.12,
      0.12,
      0.16,
      0.16,
      0.12,
      0.2,
      0.16,
      0.2,
      0.16,
      0.16,
      0.16,
      0.16,
      0.16,
      0.2,
      0.2,
      0.2,
      0.16,
      0.16,
      0.12,
      0.12,
      0.2
    ],
    "episode_rewards": [
      9.6,
      11.8,
      9.6,
      12.9,
      11.8,
      12.9,
      10.7,
      12.9,
      10.7,
      9.6,
      10.7,
      10.7,
      11.8,
      9.6,
      15.1,
      12.9,
      12.9,
      10.7,
      10.7,
      12.9,
      10.7,
      10.7,
      11.8,
      8.5,
      10.7,
      11.8,
      11.8,
      11.8,
      10.7,
      10.7,
      12.9,
      12.9,
      12.9,
      10.7,
      10.7,
      11.8,
      9.6,
      8.5,
      11.8,
      11.8,
      11.8,
      10.7,
      9.6,
      11.8,
      12.9,
      11.8,
      11.8,
      12.9,
      8.5,
      10.7,
      10.7,
      7.4,
      11.8,
      10.7,
      11.8,
      10.7,
      7.4,
      10.7,
      14.0,
      10.7,
      11.8,
      11.8,
      9.6,
      6.3,
      12.9,
      10.7,
      11.8,
      11.8,
      10.7,
      10.7,
      9.6,
      10.7,
      10.7,
      11.8,
      12.9,
      14.0,
      9.6,
      10.7,
      8.5,
      15.1,
      14.0,
      9.6,
      14.0,
      11.8,
      9.6,
      6.3,
      12.9,
      11.8,
      9.6,
      7.4,
      10.7,
      8.5,
      9.6,
      8.5,
      8.5,
      9.6,
      11.8,
      8.5,
      12.9,
      10.7,
      11.8,
      10.7,
      11.8,
      10.7,
      10.7,
      11.8,
      14.0,
      10.7,
      11.8,
      12.9,
      10.7,
      11.8,
      7.4,
      10.7,
      10.7,
      10.7,
      11.8,
      9.6,
      11.8,
      10.7,
      8.5,
      9.6,
      11.8,
      8.5,
      10.7,
      8.5,
      9.6,
      9.6,
      10.7,
      10.7,
      7.4,
      12.9,
      11.8,
      11.8,
      10.7,
      11.8,
      10.7,
      10.7,
      10.7,
      11.8,
      14.0,
      12.9,
      12.9,
      11.8,
      8.5,
      9.6,
      12.9,
      16.2,
      10.7,
      10.7,
      9.6,
      9.6,
      10.7,
      9.6,
      9.6,
      11.8,
      15.1,
      11.8,
      9.6,
      10.7,
      11.8,
      11.8,
      10.7,
      9.6,
      11.8,
      10.7,
      12.9,
      9.6,
      12.9,
      10.7
    ],