{
  "strategy": "context_agnostic",
  "run_id": 0,
  "seed": 42,
  "episodes": 170,
  "queries_per_episode": 25,
  "total_time": 0.12511754035949707,
  "metrics": {
    "task_completion_rate": {
      "mean": 0.49552941176470594,
      "std": 0.05626629713933223,
      "final": 0.44,
      "improvement": -0.08000000000000002
    },
    "tool_selection_accuracy": {
      "mean": 0.16376470588235292,
      "std": 0.0376352922788371,
      "final": 0.16
    },
    "average_reward": {
      "mean": 11.127058823529413,
      "std": 1.5473231713316364,
      "cumulative": 1891.6
    },
    "execution_time": {
      "mean": 2.5637963238884423e-05,
      "std": 6.328209045409728e-06,
      "p95": 3.910684585571285e-05
    },
    "convergence": {
      "episodes_to_stable": 170,
      "final_variance": 0.0032121600000000017
    }
  },
  "time_series": {
    "completion_rates": [
      0.52,
      0.56,
      0.48,
      0.52,
      0.52,
      0.48,
      0.52,
      0.48,
      0.4,
      0.56,
      0.48,
      0.36,
      0.6,
      0.48,
      0.52,
      0.52,
      0.56,
      0.52,
      0.48,
      0.52,
      0.44,
      0.44,
      0.52,
      0.52,
      0.56,
      0.48,
      0.48,
      0.48,
      0.56,
      0.52,
      0.48,
      0.6,
      0.44,
      0.48,
      0.44,
      0.44,
      0.44,
      0.44,
      0.52,
      0.56,
      0.56,
      0.44,
      0.48,
      0.64,
      0.48,
      0.52,
      0.44,
      0.56,
      0.52,
      0.6,
      0.52,
      0.56,
      0.52,
      0.56,
      0.48,
      0.56,
      0.48,
      0.48,
      0.52,
      0.52,
      0.44,
      0.56,
      0.48,
      0.52,
      0.48,
      0.44,
      0.56,
      0.48,
      0.56,
      0.64,
      0.44,
      0.36,
      0.52,
      0.56,
      0.44,
      0.56,
      0.4,
      0.48,
      0.56,
      0.44,
      0.48,
      0.44,
      0.48,
      0.44,
      0.48,
      0.52,
      0.56,
      0.36,
      0.64,
      0.44,
      0.44,
      0.48,
      0.52,
      0.48,
      0.48,
      0.52,
      0.48,
      0.52,
      0.48,
      0.44,
      0.48,
      0.48,
      0.48,
      0.52,
      0.48,
      0.44,
      0.44,
      0.6,
      0.48,
      0.52,
      0.48,
      0.48,
      0.52,
      0.52,
      0.48,
      0.52,
      0.48,
      0.56,
      0.6,
      0.6,
      0.48,
      0.48,
      0.48,
      0.48,
      0.56,
      0.52,
      0.48,
      0.48,
      0.52,
      0.48,
      0.44,
      0.4,
      0.52,
      0.4,
      0.4,
      0.48,
      0.4,
      0.56,
      0.48,
      0.48,
      0.56,
      0.36,
      0.52,
      0.44,
      0.48,
      0.56,
      0.56,
      0.44,
      0.48,
      0.52,
      0.4,
      0.56,
      0.52,
      0.4,
      0.48,
      0.48,
      0.56,
      0.56,
      0.48,
      0.44,
      0.44,
      0.48,
      0.48,
      0.4,
      0.52,
      0.48,
      0.56,
      0.4,
      0.6,
      0.44
    ],
    "tool_accuracies": [
      0.24,
      0.2,
      0.2,
      0.16,
      0.12,
      0.16,
      0.24,
      0.16,
      0.16,
      0.2,
      0.16,
      0.12,
      0.2,
      0.16,
      0.2,
      0.2,
      0.08,
      0.2,
      0.12,
      0.2,
      0.12,
      0.16,
      0.16,
      0.16,
      0.2,
      0.16,
      0.16,
      0.2,
      0.2,
      0.2,
      0.16,
      0.2,
      0.2,
      0.16,
      0.12,
      0.16,
      0.12,
      0.12,
      0.2,
      0.16,
      0.2,
      0.16,
      0.12,
      0.2,
      0.2,
      0.2,
      0.16,
      0.2,
      0.24,
      0.08,
      0.24,
      0.2,
      0.16,
      0.2,
      0.12,
      0.2,
      0.16,
      0.16,
      0.08,
      0.16,
      0.16,
      0.2,
      0.2,
      0.16,
      0.16,
      0.12,
      0.2,
      0.12,
      0.2,
      0.2,
      0.12,
      0.12,
      0.16,
      0.2,
      0.12,
      0.16,
      0.08,
      0.12,
      0.16,
      0.08,
      0.16,
      0.2,
      0.2,
      0.16,
      0.2,
      0.16,
      0.2,
      0.12,
      0.12,
      0.16,
      0.16,
      0.16,
      0.2,
      0.2,
      0.12,
      0.2,
      0.08,
      0.16,
      0.16,
      0.16,
      0.2,
      0.16,
      0.2,
      0.16,
      0.16,
      0.16,
      0.16,
      0.2,
      0.2,
      0.2,
      0.08,
      0.16,
      0.12,
      0.2,
      0.16,
      0.2,
      0.16,
      0.2,
      0.2,
      0.2,
      0.08,
      0.16,
      0.16,
      0.16,
      0.08,
      0.12,
      0.16,
      0.08,
      0.16,
      0.24,
      0.12,
      0.12,
      0.12,
      0.2,
      0.12,
      0.2,
      0.12,
      0.12,
      0.2,
      0.16,
      0.2,
      0.12,
      0.12,
      0.2,
      0.12,
      0.2,
      0.2,
      0.2,
      0.2,
      0.16,
      0.16,
      0.12,
      0.16,
      0.12,
      0.12,
      0.2,
      0.16,
      0.2,
      0.12,
      0.16,
      0.16,
      0.16,
      0.16,
      0.16,
      0.16,
      0.16,
      0.2,
      0.2,
      0.16,
      0.16
    ],
    "episode_rewards": [
      11.8,
      12.9,
      10.7,
      11.8,
      11.8,
      10.7,
      11.8,
      10.7,
      8.5,
      12.9,
      10.7,
      7.4,
      14.0,
      10.7,
      11.8,
      11.8,
      12.9,
      11.8,
      10.7,
      11.8,
      9.6,
      9.6,
      11.8,
      11.8,
      12.9,
      10.7,
      10.7,
      10.7,
      12.9,
      11.8,
      10.7,
      14.0,
      9.6,
      10.7,
      9.6,
      9.6,
      9.6,
      9.6,
      11.8,
      12.9,
      12.9,
      9.6,
      10.7,
      15.1,
      10.7,
      11.8,
      9.6,
      12.9,
      11.8,
      14.0,
      11.8,
      12.9,
      11.8,
      12.9,
      10.7,
      12.9,
      10.7,
      10.7,
      11.8,
      11.8,
      9.6,
      12.9,
      10.7,
      11.8,
      10.7,
      9.6,
      12.9,
      10.7,
      12.9,
      15.1,
      9.6,
      7.4,
      11.8,
      12.9,
      9.6,
      12.9,
      8.5,
      10.7,
      12.9,
      9.6,
      10.7,
      9.6,
      10.7,
      9.6,
      10.7,
      11.8,
      12.9,
      7.4,
      15.1,
      9.6,
      9.6,
      10.7,
      11.8,
      10.7,
      10.7,
      11.8,
      10.7,
      11.8,
      10.7,
      9.6,
      10.7,
      10.7,
      10.7,
      11.8,
      10.7,
      9.6,
      9.6,
      14.0,
      10.7,
      11.8,
      10.7,
      10.7,
      11.8,
      11.8,
      10.7,
      11.8,
      10.7,
      12.9,
      14.0,
      14.0,
      10.7,
      10.7,
      10.7,
      10.7,
      12.9,
      11.8,
      10.7,
      10.7,
      11.8,
      10.7,
      9.6,
      8.5,
      11.8,
      8.5,
      8.5,
      10.7,
      8.5,
      12.9,
      10.7,
      10.7,
      12.9,
      7.4,
      11.8,
      9.6,
      10.7,
      12.9,
      12.9,
      9.6,
      10.7,
      11.8,
      8.5,
      12.9,
      11.8,
      8.5,
      10.7,
      10.7,
      12.9,
      12.9,
      10.7,
      9.6,
      9.6,
      10.7,
      10.7,
      8.5,
      11.8,
      10.7,
      12.9,
      8.5,
      14.0,
      9.6
    ],