{
  "strategy": "fixed_policy",
  "run_id": 2,
  "seed": 456,
  "episodes": 170,
  "queries_per_episode": 25,
  "total_time": 0.023285865783691406,
  "metrics": {
    "task_completion_rate": {
      "mean": 0.48000000000000004,
      "std": 5.551115123125783e-17,
      "final": 0.48,
      "improvement": 0.0
    },
    "tool_selection_accuracy": {
      "mean": 0.19999999999999996,
      "std": 5.551115123125783e-17,
      "final": 0.2
    },
    "average_reward": {
      "mean": 10.700000000000003,
      "std": 3.552713678800501e-15,
      "cumulative": 1818.9999999999998
    },
    "execution_time": {
      "mean": 2.8501398423138786e-06,
      "std": 2.1291461314198452e-06,
      "p95": 4.096508026123043e-06
    },
    "convergence": {
      "episodes_to_stable": 100,
      "final_variance": 0.0
    }
  },
  "time_series": {
    "completion_rates": [
      0.48,
      0.48,
      0.48,
      0.48,
      0.48,
      0.48,
      0.48,
      0.48,
      0.48,
      0.48,
      0.48,
      0.48,
      0.48,
      0.48,
      0.48,
      0.48,
      0.48,
      0.48,
      0.48,
      0.48,
      0.48,
      0.48,
      0.48,
      0.48,
      0.48,
      0.48,
      0.48,
      0.48,
      0.48,
      0.48,
      0.48,
      0.48,
      0.48,
      0.48,
      0.48,
      0.48,
      0.48,
      0.48,
      0.48,
      0.48,
      0.48,
      0.48,
      0.48,
      0.48,
      0.48,
      0.48,
      0.48,
      0.48,
      0.48,
      0.48,
      0.48,
      0.48,
      0.48,
      0.48,
      0.48,
      0.48,
      0.48,
      0.48,
      0.48,
      0.48,
      0.48,
      0.48,
      0.48,
      0.48,
      0.48,
      0.48,
      0.48,
      0.48,
      0.48,
      0.48,
      0.48,
      0.48,
      0.48,
      0.48,
      0.48,
      0.48,
      0.48,
      0.48,
      0.48,
      0.48,
      0.48,
      0.48,
      0.48,
      0.48,
      0.48,
      0.48,
      0.48,
      0.48,
      0.48,
      0.48,
      0.48,
      0.48,
      0.48,
      0.48,
      0.48,
      0.48,
      0.48,
      0.48,
      0.48,
      0.48,
      0.48,
      0.48,
      0.48,
      0.48,
      0.48,
      0.48,
      0.48,
      0.48,
      0.48,
      0.48,
      0.48,
      0.48,
      0.48,
      0.48,
      0.48,
      0.48,
      0.48,
      0.48,
      0.48,
      0.48,
      0.48,
      0.48,
      0.48,
      0.48,
      0.48,
      0.48,
      0.48,
      0.48,
      0.48,
      0.48,
      0.48,
      0.48,
      0.48,
      0.48,
      0.48,
      0.48,
      0.48,
      0.48,
      0.48,
      0.48,
      0.48,
      0.48,
      0.48,
      0.48,
      0.48,
      0.48,
      0.48,
      0.48,
      0.48,
      0.48,
      0.48,
      0.48,
      0.48,
      0.48,
      0.48,
      0.48,
      0.48,
      0.48,
      0.48,
      0.48,
      0.48,
      0.48,
      0.48,
      0.48,
      0.48,
      0.48,
      0.48,
      0.48,
      0.48,
      0.48
    ],
    "tool_accuracies": [
      0.2,
      0.2,
      0.2,
      0.2,
      0.2,
      0.2,
      0.2,
      0.2,
      0.2,
      0.2,
      0.2,
      0.2,
      0.2,
      0.2,
      0.2,
      0.2,
      0.2,
      0.2,
      0.2,
      0.2,
      0.2,
      0.2,
      0.2,
      0.2,
      0.2,
      0.2,
      0.2,
      0.2,
      0.2,
      0.2,
      0.2,
      0.2,
      0.2,
      0.2,
      0.2,
      0.2,
      0.2,
      0.2,
      0.2,
      0.2,
      0.2,
      0.2,
      0.2,
      0.2,
      0.2,
      0.2,
      0.2,
      0.2,
      0.2,
      0.2,
      0.2,
      0.2,
      0.2,
      0.2,
      0.2,
      0.2,
      0.2,
      0.2,
      0.2,
      0.2,
      0.2,
      0.2,
      0.2,
      0.2,
      0.2,
      0.2,
      0.2,
      0.2,
      0.2,
      0.2,
      0.2,
      0.2,
      0.2,
      0.2,
      0.2,
      0.2,
      0.2,
      0.2,
      0.2,
      0.2,
      0.2,
      0.2,
      0.2,
      0.2,
      0.2,
      0.2,
      0.2,
      0.2,
      0.2,
      0.2,
      0.2,
      0.2,
      0.2,
      0.2,
      0.2,
      0.2,
      0.2,
      0.2,
      0.2,
      0.2,
      0.2,
      0.2,
      0.2,
      0.2,
      0.2,
      0.2,
      0.2,
      0.2,
      0.2,
      0.2,
      0.2,
      0.2,
      0.2,
      0.2,
      0.2,
      0.2,
      0.2,
      0.2,
      0.2,
      0.2,
      0.2,
      0.2,
      0.2,
      0.2,
      0.2,
      0.2,
      0.2,
      0.2,
      0.2,
      0.2,
      0.2,
      0.2,
      0.2,
      0.2,
      0.2,
      0.2,
      0.2,
      0.2,
      0.2,
      0.2,
      0.2,
      0.2,
      0.2,
      0.2,
      0.2,
      0.2,
      0.2,
      0.2,
      0.2,
      0.2,
      0.2,
      0.2,
      0.2,
      0.2,
      0.2,
      0.2,
      0.2,
      0.2,
      0.2,
      0.2,
      0.2,
      0.2,
      0.2,
      0.2,
      0.2,
      0.2,
      0.2,
      0.2,
      0.2,
      0.2
    ],
    "episode_rewards": [
      10.7,
      10.7,
      10.7,
      10.7,
      10.7,
      10.7,
      10.7,
      10.7,
      10.7,
      10.7,
      10.7,
      10.7,
      10.7,
      10.7,
      10.7,
      10.7,
      10.7,
      10.7,
      10.7,
      10.7,
      10.7,
      10.7,
      10.7,
      10.7,
      10.7,
      10.7,
      10.7,
      10.7,
      10.7,
      10.7,
      10.7,
      10.7,
      10.7,
      10.7,
      10.7,
      10.7,
      10.7,
      10.7,
      10.7,
      10.7,
      10.7,
      10.7,
      10.7,
      10.7,
      10.7,
      10.7,
      10.7,
      10.7,
      10.7,
      10.7,
      10.7,
      10.7,
      10.7,
      10.7,
      10.7,
      10.7,
      10.7,
      10.7,
      10.7,
      10.7,
      10.7,
      10.7,
      10.7,
      10.7,
      10.7,
      10.7,
      10.7,
      10.7,
      10.7,
      10.7,
      10.7,
      10.7,
      10.7,
      10.7,
      10.7,
      10.7,
      10.7,
      10.7,
      10.7,
      10.7,
      10.7,
      10.7,
      10.7,
      10.7,
      10.7,
      10.7,
      10.7,
      10.7,
      10.7,
      10.7,
      10.7,
      10.7,
      10.7,
      10.7,
      10.7,
      10.7,
      10.7,
      10.7,
      10.7,
      10.7,
      10.7,
      10.7,
      10.7,
      10.7,
      10.7,
      10.7,
      10.7,
      10.7,
      10.7,
      10.7,
      10.7,
      10.7,
      10.7,
      10.7,
      10.7,
      10.7,
      10.7,
      10.7,
      10.7,
      10.7,
      10.7,
      10.7,
      10.7,
      10.7,
      10.7,
      10.7,
      10.7,
      10.7,
      10.7,
      10.7,
      10.7,
      10.7,
      10.7,
      10.7,
      10.7,
      10.7,
      10.7,
      10.7,
      10.7,
      10.7,
      10.7,
      10.7,
      10.7,
      10.7,
      10.7,
      10.7,
      10.7,
      10.7,
      10.7,
      10.7,
      10.7,
      10.7,
      10.7,
      10.7,
      10.7,
      10.7,
      10.7,
      10.7,
      10.7,
      10.7,
      10.7,
      10.7,
      10.7,
      10.7,
      10.7,
      10.7,
      10.7,
      10.7,
      10.7,
      10.7
    ],