{
  "strategy": "greedy",
  "run_id": 3,
  "seed": 789,
  "episodes": 170,
  "queries_per_episode": 25,
  "total_time": 0.02493119239807129,
  "metrics": {
    "task_completion_rate": {
      "mean": 0.25317647058823534,
      "std": 0.0845501837018338,
      "final": 0.16,
      "improvement": -0.16
    },
    "tool_selection_accuracy": {
      "mean": 0.07882352941176471,
      "std": 0.046410236312715285,
      "final": 0.04
    },
    "average_reward": {
      "mean": 4.462352941176471,
      "std": 2.3251300518004294,
      "cumulative": 758.6
    },
    "execution_time": {
      "mean": 2.2424249088062962e-06,
      "std": 8.962938694219044e-07,
      "p95": 3.589153289794916e-06
    },
    "convergence": {
      "episodes_to_stable": 170,
      "final_variance": 0.00803376
    }
  },
  "time_series": {
    "completion_rates": [
      0.32,
      0.16,
      0.32,
      0.44,
      0.36,
      0.44,
      0.28,
      0.24,
      0.2,
      0.2,
      0.16,
      0.24,
      0.28,
      0.24,
      0.16,
      0.24,
      0.24,
      0.24,
      0.28,
      0.2,
      0.32,
      0.08,
      0.32,
      0.08,
      0.28,
      0.12,
      0.32,
      0.2,
      0.24,
      0.24,
      0.28,
      0.16,
      0.24,
      0.32,
      0.28,
      0.28,
      0.16,
      0.2,
      0.28,
      0.28,
      0.24,
      0.32,
      0.28,
      0.12,
      0.2,
      0.24,
      0.16,
      0.32,
      0.28,
      0.24,
      0.16,
      0.12,
      0.28,
      0.24,
      0.28,
      0.36,
      0.28,
      0.36,
      0.24,
      0.16,
      0.28,
      0.24,
      0.4,
      0.32,
      0.28,
      0.4,
      0.28,
      0.28,
      0.16,
      0.28,
      0.08,
      0.32,
      0.2,
      0.24,
      0.04,
      0.2,
      0.2,
      0.24,
      0.16,
      0.24,
      0.24,
      0.32,
      0.12,
      0.2,
      0.28,
      0.32,
      0.2,
      0.28,
      0.24,
      0.28,
      0.24,
      0.2,
      0.28,
      0.16,
      0.52,
      0.32,
      0.4,
      0.44,
      0.32,
      0.2,
      0.36,
      0.16,
      0.28,
      0.24,
      0.28,
      0.4,
      0.16,
      0.36,
      0.32,
      0.32,
      0.2,
      0.28,
      0.32,
      0.08,
      0.28,
      0.36,
      0.16,
      0.24,
      0.16,
      0.28,
      0.2,
      0.36,
      0.36,
      0.44,
      0.28,
      0.16,
      0.24,
      0.28,
      0.16,
      0.28,
      0.08,
      0.16,
      0.24,
      0.24,
      0.24,
      0.44,
      0.24,
      0.28,
      0.2,
      0.24,
      0.28,
      0.2,
      0.28,
      0.28,
      0.24,
      0.32,
      0.12,
      0.2,
      0.2,
      0.24,
      0.32,
      0.32,
      0.28,
      0.32,
      0.16,
      0.16,
      0.44,
      0.2,
      0.16,
      0.36,
      0.12,
      0.2,
      0.28,
      0.24,
      0.12,
      0.28,
      0.36,
      0.2,
      0.44,
      0.16
    ],
    "tool_accuracies": [
      0.08,
      0.08,
      0.08,
      0.12,
      0.16,
      0.2,
      0.04,
      0.04,
      0.04,
      0.04,
      0.04,
      0.08,
      0.04,
      0.12,
      0.08,
      0.12,
      0.08,
      0.08,
      0.08,
      0.04,
      0.04,
      0.0,
      0.04,
      0.04,
      0.08,
      0.0,
      0.16,
      0.04,
      0.12,
      0.04,
      0.08,
      0.0,
      0.08,
      0.12,
      0.08,
      0.12,
      0.08,
      0.08,
      0.08,
      0.16,
      0.08,
      0.12,
      0.08,
      0.04,
      0.04,
      0.08,
      0.08,
      0.12,
      0.12,
      0.04,
      0.04,
      0.04,
      0.12,
      0.0,
      0.12,
      0.04,
      0.08,
      0.12,
      0.04,
      0.04,
      0.04,
      0.08,
      0.08,
      0.08,
      0.12,
      0.16,
      0.08,
      0.12,
      0.04,
      0.12,
      0.08,
      0.08,
      0.04,
      0.04,
      0.04,
      0.04,
      0.0,
      0.08,
      0.08,
      0.0,
      0.04,
      0.16,
      0.12,
      0.04,
      0.08,
      0.08,
      0.04,
      0.12,
      0.08,
      0.08,
      0.04,
      0.04,
      0.08,
      0.04,
      0.24,
      0.16,
      0.16,
      0.24,
      0.12,
      0.08,
      0.12,
      0.08,
      0.04,
      0.12,
      0.08,
      0.12,
      0.04,
      0.12,
      0.04,
      0.0,
      0.04,
      0.12,
      0.16,
      0.04,
      0.12,
      0.04,
      0.04,
      0.04,
      0.04,
      0.12,
      0.08,
      0.08,
      0.08,
      0.12,
      0.12,
      0.08,
      0.12,
      0.04,
      0.08,
      0.12,
      0.04,
      0.04,
      0.08,
      0.08,
      0.0,
      0.12,
      0.12,
      0.08,
      0.12,
      0.16,
      0.12,
      0.0,
      0.08,
      0.08,
      0.08,
      0.08,
      0.0,
      0.04,
      0.08,
      0.16,
      0.16,
      0.12,
      0.08,
      0.0,
      0.0,
      0.04,
      0.16,
      0.04,
      0.08,
      0.12,
      0.04,
      0.08,
      0.08,
      0.0,
      0.04,
      0.08,
      0.12,
      0.04,
      0.12,
      0.04
    ],
    "episode_rewards": [
      6.3,
      1.9,
      6.3,
      9.6,
      7.4,
      9.6,
      5.2,
      4.1,
      3.0,
      3.0,
      1.9,
      4.1,
      5.2,
      4.1,
      1.9,
      4.1,
      4.1,
      4.1,
      5.2,
      3.0,
      6.3,
      -0.30000000000000016,
      6.3,
      -0.30000000000000016,
      5.2,
      0.7999999999999998,
      6.3,
      3.0,
      4.1,
      4.1,
      5.2,
      1.9,
      4.1,
      6.3,
      5.2,
      5.2,
      1.9,
      3.0,
      5.2,
      5.2,
      4.1,
      6.3,
      5.2,
      0.7999999999999998,
      3.0,
      4.1,
      1.9,
      6.3,
      5.2,
      4.1,
      1.9,
      0.7999999999999998,
      5.2,
      4.1,
      5.2,
      7.4,
      5.2,
      7.4,
      4.1,
      1.9,
      5.2,
      4.1,
      8.5,
      6.3,
      5.2,
      8.5,
      5.2,
      5.2,
      1.9,
      5.2,
      -0.30000000000000016,
      6.3,
      3.0,
      4.1,
      -1.4000000000000001,
      3.0,
      3.0,
      4.1,
      1.9,
      4.1,
      4.1,
      6.3,
      0.7999999999999998,
      3.0,
      5.2,
      6.3,
      3.0,
      5.2,
      4.1,
      5.2,
      4.1,
      3.0,
      5.2,
      1.9,
      11.8,
      6.3,
      8.5,
      9.6,
      6.3,
      3.0,
      7.4,
      1.9,
      5.2,
      4.1,
      5.2,
      8.5,
      1.9,
      7.4,
      6.3,
      6.3,
      3.0,
      5.2,
      6.3,
      -0.30000000000000016,
      5.2,
      7.4,
      1.9,
      4.1,
      1.9,
      5.2,
      3.0,
      7.4,
      7.4,
      9.6,
      5.2,
      1.9,
      4.1,
      5.2,
      1.9,
      5.2,
      -0.30000000000000016,
      1.9,
      4.1,
      4.1,
      4.1,
      9.6,
      4.1,
      5.2,
      3.0,
      4.1,
      5.2,
      3.0,
      5.2,
      5.2,
      4.1,
      6.3,
      0.7999999999999998,
      3.0,
      3.0,
      4.1,
      6.3,
      6.3,
      5.2,
      6.3,
      1.9,
      1.9,
      9.6,
      3.0,
      1.9,
      7.4,
      0.7999999999999998,
      3.0,
      5.2,
      4.1,
      0.7999999999999998,
      5.2,
      7.4,
      3.0,
      9.6,
      1.9
    ],