{
  "strategy": "greedy",
  "run_id": 1,
  "seed": 123,
  "episodes": 170,
  "queries_per_episode": 25,
  "total_time": 0.01776289939880371,
  "metrics": {
    "task_completion_rate": {
      "mean": 0.251764705882353,
      "std": 0.09261147776139192,
      "final": 0.48,
      "improvement": 0.31999999999999995
    },
    "tool_selection_accuracy": {
      "mean": 0.08541176470588234,
      "std": 0.05521195397367943,
      "final": 0.2
    },
    "average_reward": {
      "mean": 4.423529411764706,
      "std": 2.546815638438278,
      "cumulative": 752.0
    },
    "execution_time": {
      "mean": 1.9394369686351102e-06,
      "std": 3.612380136757509e-07,
      "p95": 2.8223991394042954e-06
    },
    "convergence": {
      "episodes_to_stable": 170,
      "final_variance": 0.007580640000000002
    }
  },
  "time_series": {
    "completion_rates": [
      0.16,
      0.16,
      0.4,
      0.16,
      0.2,
      0.16,
      0.2,
      0.12,
      0.24,
      0.24,
      0.16,
      0.04,
      0.16,
      0.12,
      0.36,
      0.08,
      0.28,
      0.24,
      0.24,
      0.24,
      0.24,
      0.2,
      0.36,
      0.28,
      0.2,
      0.24,
      0.36,
      0.12,
      0.2,
      0.32,
      0.4,
      0.28,
      0.2,
      0.32,
      0.24,
      0.36,
      0.44,
      0.24,
      0.4,
      0.36,
      0.32,
      0.36,
      0.12,
      0.28,
      0.12,
      0.08,
      0.16,
      0.12,
      0.08,
      0.32,
      0.32,
      0.2,
      0.24,
      0.16,
      0.28,
      0.24,
      0.28,
      0.16,
      0.12,
      0.28,
      0.28,
      0.36,
      0.08,
      0.4,
      0.36,
      0.28,
      0.16,
      0.24,
      0.2,
      0.04,
      0.16,
      0.28,
      0.24,
      0.28,
      0.28,
      0.28,
      0.16,
      0.16,
      0.32,
      0.24,
      0.28,
      0.32,
      0.36,
      0.28,
      0.2,
      0.16,
      0.28,
      0.16,
      0.24,
      0.32,
      0.32,
      0.32,
      0.2,
      0.16,
      0.2,
      0.24,
      0.28,
      0.12,
      0.36,
      0.32,
      0.24,
      0.28,
      0.4,
      0.36,
      0.24,
      0.28,
      0.2,
      0.44,
      0.36,
      0.16,
      0.32,
      0.24,
      0.32,
      0.36,
      0.2,
      0.16,
      0.28,
      0.4,
      0.36,
      0.4,
      0.28,
      0.24,
      0.16,
      0.36,
      0.36,
      0.36,
      0.16,
      0.16,
      0.2,
      0.28,
      0.24,
      0.28,
      0.32,
      0.36,
      0.12,
      0.2,
      0.24,
      0.28,
      0.28,
      0.16,
      0.44,
      0.12,
      0.36,
      0.2,
      0.2,
      0.32,
      0.24,
      0.2,
      0.12,
      0.28,
      0.36,
      0.04,
      0.24,
      0.08,
      0.28,
      0.32,
      0.32,
      0.08,
      0.2,
      0.36,
      0.24,
      0.32,
      0.44,
      0.28,
      0.28,
      0.36,
      0.28,
      0.24,
      0.2,
      0.48
    ],
    "tool_accuracies": [
      0.12,
      0.08,
      0.24,
      0.0,
      0.12,
      0.04,
      0.0,
      0.0,
      0.08,
      0.08,
      0.04,
      0.04,
      0.0,
      0.0,
      0.04,
      0.0,
      0.12,
      0.08,
      0.04,
      0.08,
      0.12,
      0.04,
      0.12,
      0.16,
      0.0,
      0.12,
      0.08,
      0.04,
      0.04,
      0.12,
      0.16,
      0.08,
      0.0,
      0.08,
      0.08,
      0.08,
      0.16,
      0.04,
      0.2,
      0.08,
      0.08,
      0.12,
      0.08,
      0.08,
      0.08,
      0.0,
      0.08,
      0.04,
      0.04,
      0.16,
      0.12,
      0.04,
      0.08,
      0.08,
      0.12,
      0.12,
      0.08,
      0.04,
      0.0,
      0.12,
      0.08,
      0.08,
      0.0,
      0.12,
      0.16,
      0.16,
      0.04,
      0.04,
      0.04,
      0.0,
      0.08,
      0.12,
      0.08,
      0.16,
      0.12,
      0.0,
      0.08,
      0.08,
      0.2,
      0.04,
      0.04,
      0.08,
      0.16,
      0.16,
      0.04,
      0.04,
      0.12,
      0.0,
      0.08,
      0.12,
      0.08,
      0.16,
      0.04,
      0.04,
      0.04,
      0.0,
      0.04,
      0.04,
      0.12,
      0.04,
      0.04,
      0.12,
      0.24,
      0.12,
      0.12,
      0.08,
      0.12,
      0.12,
      0.16,
      0.04,
      0.12,
      0.04,
      0.12,
      0.2,
      0.08,
      0.08,
      0.08,
      0.12,
      0.08,
      0.2,
      0.12,
      0.12,
      0.16,
      0.16,
      0.16,
      0.16,
      0.04,
      0.04,
      0.16,
      0.12,
      0.16,
      0.2,
      0.12,
      0.16,
      0.0,
      0.04,
      0.04,
      0.12,
      0.0,
      0.04,
      0.2,
      0.08,
      0.08,
      0.08,
      0.08,
      0.12,
      0.04,
      0.08,
      0.04,
      0.16,
      0.04,
      0.0,
      0.04,
      0.0,
      0.04,
      0.08,
      0.04,
      0.08,
      0.08,
      0.12,
      0.04,
      0.12,
      0.12,
      0.08,
      0.04,
      0.08,
      0.12,
      0.12,
      0.04,
      0.2
    ],
    "episode_rewards": [
      1.9,
      1.9,
      8.5,
      1.9,
      3.0,
      1.9,
      3.0,
      0.7999999999999998,
      4.1,
      4.1,
      1.9,
      -1.4000000000000001,
      1.9,
      0.7999999999999998,
      7.4,
      -0.30000000000000016,
      5.2,
      4.1,
      4.1,
      4.1,
      4.1,
      3.0,
      7.4,
      5.2,
      3.0,
      4.1,
      7.4,
      0.7999999999999998,
      3.0,
      6.3,
      8.5,
      5.2,
      3.0,
      6.3,
      4.1,
      7.4,
      9.6,
      4.1,
      8.5,
      7.4,
      6.3,
      7.4,
      0.7999999999999998,
      5.2,
      0.7999999999999998,
      -0.30000000000000016,
      1.9,
      0.7999999999999998,
      -0.30000000000000016,
      6.3,
      6.3,
      3.0,
      4.1,
      1.9,
      5.2,
      4.1,
      5.2,
      1.9,
      0.7999999999999998,
      5.2,
      5.2,
      7.4,
      -0.30000000000000016,
      8.5,
      7.4,
      5.2,
      1.9,
      4.1,
      3.0,
      -1.4000000000000001,
      1.9,
      5.2,
      4.1,
      5.2,
      5.2,
      5.2,
      1.9,
      1.9,
      6.3,
      4.1,
      5.2,
      6.3,
      7.4,
      5.2,
      3.0,
      1.9,
      5.2,
      1.9,
      4.1,
      6.3,
      6.3,
      6.3,
      3.0,
      1.9,
      3.0,
      4.1,
      5.2,
      0.7999999999999998,
      7.4,
      6.3,
      4.1,
      5.2,
      8.5,
      7.4,
      4.1,
      5.2,
      3.0,
      9.6,
      7.4,
      1.9,
      6.3,
      4.1,
      6.3,
      7.4,
      3.0,
      1.9,
      5.2,
      8.5,
      7.4,
      8.5,
      5.2,
      4.1,
      1.9,
      7.4,
      7.4,
      7.4,
      1.9,
      1.9,
      3.0,
      5.2,
      4.1,
      5.2,
      6.3,
      7.4,
      0.7999999999999998,
      3.0,
      4.1,
      5.2,
      5.2,
      1.9,
      9.6,
      0.7999999999999998,
      7.4,
      3.0,
      3.0,
      6.3,
      4.1,
      3.0,
      0.7999999999999998,
      5.2,
      7.4,
      -1.4000000000000001,
      4.1,
      -0.30000000000000016,
      5.2,
      6.3,
      6.3,
      -0.30000000000000016,
      3.0,
      7.4,
      4.1,
      6.3,
      9.6,
      5.2,
      5.2,
      7.4,
      5.2,
      4.1,
      3.0,
      10.7
    ],