{
  "strategy": "greedy",
  "run_id": 4,
  "seed": 999,
  "episodes": 170,
  "queries_per_episode": 25,
  "total_time": 0.018915891647338867,
  "metrics": {
    "task_completion_rate": {
      "mean": 0.2494117647058824,
      "std": 0.08471895323988773,
      "final": 0.28,
      "improvement": 0.08000000000000002
    },
    "tool_selection_accuracy": {
      "mean": 0.08470588235294117,
      "std": 0.05130275156693937,
      "final": 0.04
    },
    "average_reward": {
      "mean": 4.358823529411764,
      "std": 2.3297712140969127,
      "cumulative": 741.0
    },
    "execution_time": {
      "mean": 2.1058250876034007e-06,
      "std": 9.095908682936719e-07,
      "p95": 3.2763481140136717e-06
    },
    "convergence": {
      "episodes_to_stable": 170,
      "final_variance": 0.00747696
    }
  },
  "time_series": {
    "completion_rates": [
      0.2,
      0.12,
      0.24,
      0.2,
      0.28,
      0.2,
      0.28,
      0.24,
      0.24,
      0.24,
      0.08,
      0.16,
      0.36,
      0.16,
      0.36,
      0.24,
      0.24,
      0.24,
      0.2,
      0.44,
      0.24,
      0.2,
      0.24,
      0.32,
      0.16,
      0.28,
      0.24,
      0.28,
      0.2,
      0.48,
      0.16,
      0.12,
      0.2,
      0.2,
      0.32,
      0.2,
      0.28,
      0.12,
      0.28,
      0.32,
      0.24,
      0.24,
      0.28,
      0.16,
      0.2,
      0.24,
      0.28,
      0.36,
      0.28,
      0.32,
      0.32,
      0.28,
      0.2,
      0.24,
      0.44,
      0.24,
      0.32,
      0.16,
      0.24,
      0.2,
      0.44,
      0.08,
      0.16,
      0.24,
      0.28,
      0.16,
      0.2,
      0.16,
      0.12,
      0.28,
      0.16,
      0.2,
      0.16,
      0.32,
      0.4,
      0.32,
      0.2,
      0.12,
      0.32,
      0.28,
      0.44,
      0.04,
      0.28,
      0.24,
      0.32,
      0.28,
      0.12,
      0.32,
      0.28,
      0.36,
      0.32,
      0.24,
      0.24,
      0.28,
      0.24,
      0.2,
      0.32,
      0.32,
      0.24,
      0.2,
      0.16,
      0.28,
      0.2,
      0.4,
      0.28,
      0.16,
      0.04,
      0.28,
      0.16,
      0.24,
      0.36,
      0.12,
      0.32,
      0.2,
      0.4,
      0.16,
      0.12,
      0.36,
      0.24,
      0.32,
      0.24,
      0.32,
      0.32,
      0.28,
      0.36,
      0.2,
      0.32,
      0.32,
      0.16,
      0.28,
      0.4,
      0.16,
      0.36,
      0.08,
      0.36,
      0.24,
      0.44,
      0.2,
      0.28,
      0.24,
      0.16,
      0.28,
      0.12,
      0.36,
      0.32,
      0.28,
      0.16,
      0.2,
      0.36,
      0.24,
      0.16,
      0.36,
      0.2,
      0.2,
      0.24,
      0.24,
      0.2,
      0.12,
      0.32,
      0.12,
      0.2,
      0.28,
      0.28,
      0.36,
      0.24,
      0.28,
      0.24,
      0.36,
      0.2,
      0.28
    ],
    "tool_accuracies": [
      0.12,
      0.04,
      0.16,
      0.08,
      0.08,
      0.08,
      0.12,
      0.04,
      0.0,
      0.04,
      0.0,
      0.08,
      0.16,
      0.16,
      0.08,
      0.08,
      0.08,
      0.08,
      0.08,
      0.16,
      0.04,
      0.08,
      0.08,
      0.04,
      0.04,
      0.12,
      0.08,
      0.08,
      0.04,
      0.12,
      0.04,
      0.04,
      0.04,
      0.12,
      0.08,
      0.04,
      0.08,
      0.04,
      0.16,
      0.12,
      0.12,
      0.12,
      0.08,
      0.04,
      0.08,
      0.08,
      0.12,
      0.12,
      0.04,
      0.08,
      0.08,
      0.04,
      0.08,
      0.12,
      0.12,
      0.04,
      0.16,
      0.04,
      0.08,
      0.08,
      0.2,
      0.08,
      0.04,
      0.04,
      0.12,
      0.04,
      0.12,
      0.04,
      0.12,
      0.08,
      0.08,
      0.0,
      0.04,
      0.16,
      0.16,
      0.12,
      0.16,
      0.0,
      0.2,
      0.04,
      0.16,
      0.0,
      0.04,
      0.04,
      0.08,
      0.12,
      0.0,
      0.08,
      0.0,
      0.08,
      0.12,
      0.08,
      0.08,
      0.08,
      0.08,
      0.12,
      0.2,
      0.12,
      0.04,
      0.12,
      0.04,
      0.08,
      0.08,
      0.16,
      0.08,
      0.04,
      0.0,
      0.12,
      0.04,
      0.04,
      0.16,
      0.0,
      0.2,
      0.04,
      0.24,
      0.04,
      0.04,
      0.24,
      0.12,
      0.04,
      0.08,
      0.12,
      0.08,
      0.12,
      0.2,
      0.04,
      0.04,
      0.16,
      0.12,
      0.16,
      0.08,
      0.0,
      0.08,
      0.0,
      0.16,
      0.08,
      0.16,
      0.08,
      0.08,
      0.04,
      0.04,
      0.04,
      0.04,
      0.12,
      0.12,
      0.08,
      0.08,
      0.08,
      0.16,
      0.08,
      0.04,
      0.12,
      0.0,
      0.08,
      0.08,
      0.12,
      0.08,
      0.0,
      0.12,
      0.08,
      0.04,
      0.08,
      0.04,
      0.12,
      0.08,
      0.12,
      0.08,
      0.16,
      0.0,
      0.04
    ],
    "episode_rewards": [
      3.0,
      0.7999999999999998,
      4.1,
      3.0,
      5.2,
      3.0,
      5.2,
      4.1,
      4.1,
      4.1,
      -0.30000000000000016,
      1.9,
      7.4,
      1.9,
      7.4,
      4.1,
      4.1,
      4.1,
      3.0,
      9.6,
      4.1,
      3.0,
      4.1,
      6.3,
      1.9,
      5.2,
      4.1,
      5.2,
      3.0,
      10.7,
      1.9,
      0.7999999999999998,
      3.0,
      3.0,
      6.3,
      3.0,
      5.2,
      0.7999999999999998,
      5.2,
      6.3,
      4.1,
      4.1,
      5.2,
      1.9,
      3.0,
      4.1,
      5.2,
      7.4,
      5.2,
      6.3,
      6.3,
      5.2,
      3.0,
      4.1,
      9.6,
      4.1,
      6.3,
      1.9,
      4.1,
      3.0,
      9.6,
      -0.30000000000000016,
      1.9,
      4.1,
      5.2,
      1.9,
      3.0,
      1.9,
      0.7999999999999998,
      5.2,
      1.9,
      3.0,
      1.9,
      6.3,
      8.5,
      6.3,
      3.0,
      0.7999999999999998,
      6.3,
      5.2,
      9.6,
      -1.4000000000000001,
      5.2,
      4.1,
      6.3,
      5.2,
      0.7999999999999998,
      6.3,
      5.2,
      7.4,
      6.3,
      4.1,
      4.1,
      5.2,
      4.1,
      3.0,
      6.3,
      6.3,
      4.1,
      3.0,
      1.9,
      5.2,
      3.0,
      8.5,
      5.2,
      1.9,
      -1.4000000000000001,
      5.2,
      1.9,
      4.1,
      7.4,
      0.7999999999999998,
      6.3,
      3.0,
      8.5,
      1.9,
      0.7999999999999998,
      7.4,
      4.1,
      6.3,
      4.1,
      6.3,
      6.3,
      5.2,
      7.4,
      3.0,
      6.3,
      6.3,
      1.9,
      5.2,
      8.5,
      1.9,
      7.4,
      -0.30000000000000016,
      7.4,
      4.1,
      9.6,
      3.0,
      5.2,
      4.1,
      1.9,
      5.2,
      0.7999999999999998,
      7.4,
      6.3,
      5.2,
      1.9,
      3.0,
      7.4,
      4.1,
      1.9,
      7.4,
      3.0,
      3.0,
      4.1,
      4.1,
      3.0,
      0.7999999999999998,
      6.3,
      0.7999999999999998,
      3.0,
      5.2,
      5.2,
      7.4,
      4.1,
      5.2,
      4.1,
      7.4,
      3.0,
      5.2
    ],