{
  "strategy": "greedy",
  "run_id": 2,
  "seed": 456,
  "episodes": 170,
  "queries_per_episode": 25,
  "total_time": 0.016856670379638672,
  "metrics": {
    "task_completion_rate": {
      "mean": 0.2665882352941176,
      "std": 0.08254129720294343,
      "final": 0.4,
      "improvement": 0.040000000000000036
    },
    "tool_selection_accuracy": {
      "mean": 0.08588235294117645,
      "std": 0.0516388845199397,
      "final": 0.12
    },
    "average_reward": {
      "mean": 4.831176470588235,
      "std": 2.2698856730809442,
      "cumulative": 821.3
    },
    "execution_time": {
      "mean": 1.9470663631663603e-06,
      "std": 5.071894657396227e-07,
      "p95": 2.785682678222656e-06
    },
    "convergence": {
      "episodes_to_stable": 170,
      "final_variance": 0.007201760000000001
    }
  },
  "time_series": {
    "completion_rates": [
      0.36,
      0.28,
      0.32,
      0.12,
      0.28,
      0.24,
      0.28,
      0.28,
      0.32,
      0.2,
      0.16,
      0.12,
      0.44,
      0.12,
      0.32,
      0.28,
      0.24,
      0.08,
      0.28,
      0.32,
      0.24,
      0.16,
      0.24,
      0.28,
      0.32,
      0.2,
      0.32,
      0.16,
      0.36,
      0.32,
      0.4,
      0.24,
      0.24,
      0.36,
      0.28,
      0.2,
      0.28,
      0.32,
      0.12,
      0.24,
      0.28,
      0.16,
      0.28,
      0.36,
      0.36,
      0.32,
      0.36,
      0.12,
      0.16,
      0.2,
      0.32,
      0.08,
      0.24,
      0.32,
      0.2,
      0.28,
      0.24,
      0.32,
      0.36,
      0.24,
      0.32,
      0.28,
      0.32,
      0.2,
      0.24,
      0.2,
      0.24,
      0.28,
      0.2,
      0.2,
      0.16,
      0.32,
      0.36,
      0.2,
      0.16,
      0.2,
      0.28,
      0.44,
      0.36,
      0.08,
      0.28,
      0.24,
      0.32,
      0.36,
      0.24,
      0.32,
      0.36,
      0.2,
      0.36,
      0.32,
      0.2,
      0.2,
      0.16,
      0.2,
      0.28,
      0.32,
      0.2,
      0.16,
      0.24,
      0.28,
      0.2,
      0.28,
      0.24,
      0.36,
      0.2,
      0.32,
      0.04,
      0.16,
      0.16,
      0.4,
      0.24,
      0.36,
      0.2,
      0.52,
      0.24,
      0.24,
      0.28,
      0.24,
      0.24,
      0.44,
      0.28,
      0.28,
      0.4,
      0.24,
      0.24,
      0.28,
      0.16,
      0.36,
      0.24,
      0.36,
      0.2,
      0.28,
      0.4,
      0.2,
      0.16,
      0.4,
      0.24,
      0.28,
      0.32,
      0.28,
      0.32,
      0.16,
      0.16,
      0.28,
      0.16,
      0.36,
      0.28,
      0.4,
      0.24,
      0.4,
      0.32,
      0.32,
      0.28,
      0.28,
      0.28,
      0.32,
      0.28,
      0.24,
      0.2,
      0.36,
      0.16,
      0.24,
      0.32,
      0.32,
      0.4,
      0.4,
      0.16,
      0.28,
      0.24,
      0.4
    ],
    "tool_accuracies": [
      0.08,
      0.16,
      0.08,
      0.04,
      0.12,
      0.08,
      0.08,
      0.12,
      0.04,
      0.12,
      0.0,
      0.0,
      0.12,
      0.04,
      0.12,
      0.12,
      0.0,
      0.0,
      0.16,
      0.12,
      0.08,
      0.04,
      0.08,
      0.04,
      0.16,
      0.12,
      0.08,
      0.0,
      0.16,
      0.08,
      0.12,
      0.12,
      0.04,
      0.04,
      0.12,
      0.04,
      0.12,
      0.04,
      0.0,
      0.12,
      0.12,
      0.04,
      0.12,
      0.08,
      0.16,
      0.08,
      0.16,
      0.0,
      0.04,
      0.0,
      0.08,
      0.0,
      0.08,
      0.28,
      0.04,
      0.16,
      0.08,
      0.08,
      0.12,
      0.04,
      0.12,
      0.08,
      0.08,
      0.04,
      0.04,
      0.0,
      0.08,
      0.12,
      0.0,
      0.08,
      0.04,
      0.08,
      0.12,
      0.08,
      0.04,
      0.08,
      0.12,
      0.08,
      0.12,
      0.08,
      0.16,
      0.08,
      0.2,
      0.12,
      0.08,
      0.08,
      0.12,
      0.04,
      0.16,
      0.12,
      0.04,
      0.0,
      0.08,
      0.16,
      0.12,
      0.12,
      0.04,
      0.0,
      0.0,
      0.12,
      0.0,
      0.08,
      0.0,
      0.12,
      0.08,
      0.12,
      0.0,
      0.04,
      0.08,
      0.2,
      0.08,
      0.08,
      0.08,
      0.16,
      0.0,
      0.08,
      0.12,
      0.12,
      0.12,
      0.2,
      0.08,
      0.04,
      0.12,
      0.12,
      0.04,
      0.08,
      0.04,
      0.12,
      0.12,
      0.12,
      0.0,
      0.08,
      0.12,
      0.04,
      0.0,
      0.2,
      0.12,
      0.12,
      0.12,
      0.04,
      0.12,
      0.04,
      0.0,
      0.08,
      0.04,
      0.08,
      0.08,
      0.16,
      0.08,
      0.12,
      0.12,
      0.04,
      0.12,
      0.04,
      0.12,
      0.12,
      0.04,
      0.08,
      0.12,
      0.16,
      0.08,
      0.08,
      0.16,
      0.08,
      0.12,
      0.16,
      0.08,
      0.08,
      0.12,
      0.12
    ],
    "episode_rewards": [
      7.4,
      5.2,
      6.3,
      0.7999999999999998,
      5.2,
      4.1,
      5.2,
      5.2,
      6.3,
      3.0,
      1.9,
      0.7999999999999998,
      9.6,
      0.7999999999999998,
      6.3,
      5.2,
      4.1,
      -0.30000000000000016,
      5.2,
      6.3,
      4.1,
      1.9,
      4.1,
      5.2,
      6.3,
      3.0,
      6.3,
      1.9,
      7.4,
      6.3,
      8.5,
      4.1,
      4.1,
      7.4,
      5.2,
      3.0,
      5.2,
      6.3,
      0.7999999999999998,
      4.1,
      5.2,
      1.9,
      5.2,
      7.4,
      7.4,
      6.3,
      7.4,
      0.7999999999999998,
      1.9,
      3.0,
      6.3,
      -0.30000000000000016,
      4.1,
      6.3,
      3.0,
      5.2,
      4.1,
      6.3,
      7.4,
      4.1,
      6.3,
      5.2,
      6.3,
      3.0,
      4.1,
      3.0,
      4.1,
      5.2,
      3.0,
      3.0,
      1.9,
      6.3,
      7.4,
      3.0,
      1.9,
      3.0,
      5.2,
      9.6,
      7.4,
      -0.30000000000000016,
      5.2,
      4.1,
      6.3,
      7.4,
      4.1,
      6.3,
      7.4,
      3.0,
      7.4,
      6.3,
      3.0,
      3.0,
      1.9,
      3.0,
      5.2,
      6.3,
      3.0,
      1.9,
      4.1,
      5.2,
      3.0,
      5.2,
      4.1,
      7.4,
      3.0,
      6.3,
      -1.4000000000000001,
      1.9,
      1.9,
      8.5,
      4.1,
      7.4,
      3.0,
      11.8,
      4.1,
      4.1,
      5.2,
      4.1,
      4.1,
      9.6,
      5.2,
      5.2,
      8.5,
      4.1,
      4.1,
      5.2,
      1.9,
      7.4,
      4.1,
      7.4,
      3.0,
      5.2,
      8.5,
      3.0,
      1.9,
      8.5,
      4.1,
      5.2,
      6.3,
      5.2,
      6.3,
      1.9,
      1.9,
      5.2,
      1.9,
      7.4,
      5.2,
      8.5,
      4.1,
      8.5,
      6.3,
      6.3,
      5.2,
      5.2,
      5.2,
      6.3,
      5.2,
      4.1,
      3.0,
      7.4,
      1.9,
      4.1,
      6.3,
      6.3,
      8.5,
      8.5,
      1.9,
      5.2,
      4.1,
      8.5
    ],