{
  "strategy": "greedy",
  "run_id": 0,
  "seed": 42,
  "episodes": 170,
  "queries_per_episode": 25,
  "total_time": 0.016659975051879883,
  "metrics": {
    "task_completion_rate": {
      "mean": 0.2498823529411765,
      "std": 0.08009544479442392,
      "final": 0.4,
      "improvement": 0.040000000000000036
    },
    "tool_selection_accuracy": {
      "mean": 0.07882352941176472,
      "std": 0.053915222442948926,
      "final": 0.2
    },
    "average_reward": {
      "mean": 4.371764705882353,
      "std": 2.2026247318466576,
      "cumulative": 743.2
    },
    "execution_time": {
      "mean": 1.8907995784983913e-06,
      "std": 4.2590431495718694e-07,
      "p95": 2.7136802673339843e-06
    },
    "convergence": {
      "episodes_to_stable": 170,
      "final_variance": 0.005723359999999999
    }
  },
  "time_series": {
    "completion_rates": [
      0.36,
      0.24,
      0.24,
      0.24,
      0.24,
      0.2,
      0.16,
      0.24,
      0.28,
      0.24,
      0.32,
      0.2,
      0.28,
      0.24,
      0.32,
      0.24,
      0.24,
      0.16,
      0.36,
      0.16,
      0.32,
      0.28,
      0.16,
      0.24,
      0.16,
      0.4,
      0.32,
      0.24,
      0.28,
      0.36,
      0.44,
      0.16,
      0.52,
      0.28,
      0.16,
      0.2,
      0.32,
      0.4,
      0.2,
      0.04,
      0.28,
      0.16,
      0.4,
      0.24,
      0.12,
      0.2,
      0.28,
      0.16,
      0.16,
      0.24,
      0.4,
      0.24,
      0.32,
      0.32,
      0.36,
      0.28,
      0.24,
      0.24,
      0.28,
      0.2,
      0.24,
      0.2,
      0.2,
      0.16,
      0.12,
      0.28,
      0.08,
      0.2,
      0.32,
      0.2,
      0.28,
      0.2,
      0.24,
      0.24,
      0.32,
      0.2,
      0.24,
      0.24,
      0.28,
      0.28,
      0.16,
      0.36,
      0.28,
      0.32,
      0.28,
      0.2,
      0.32,
      0.4,
      0.32,
      0.28,
      0.24,
      0.16,
      0.32,
      0.12,
      0.24,
      0.2,
      0.24,
      0.4,
      0.24,
      0.28,
      0.2,
      0.16,
      0.36,
      0.24,
      0.28,
      0.32,
      0.28,
      0.24,
      0.32,
      0.24,
      0.16,
      0.36,
      0.16,
      0.2,
      0.24,
      0.44,
      0.2,
      0.28,
      0.2,
      0.44,
      0.28,
      0.12,
      0.2,
      0.28,
      0.28,
      0.12,
      0.28,
      0.24,
      0.12,
      0.24,
      0.32,
      0.16,
      0.28,
      0.36,
      0.2,
      0.16,
      0.16,
      0.16,
      0.32,
      0.2,
      0.24,
      0.12,
      0.2,
      0.24,
      0.28,
      0.16,
      0.2,
      0.2,
      0.4,
      0.16,
      0.2,
      0.28,
      0.2,
      0.2,
      0.2,
      0.16,
      0.4,
      0.36,
      0.16,
      0.28,
      0.28,
      0.28,
      0.28,
      0.16,
      0.28,
      0.12,
      0.28,
      0.24,
      0.28,
      0.4
    ],
    "tool_accuracies": [
      0.08,
      0.08,
      0.08,
      0.12,
      0.16,
      0.04,
      0.04,
      0.12,
      0.08,
      0.08,
      0.08,
      0.04,
      0.08,
      0.04,
      0.04,
      0.08,
      0.08,
      0.0,
      0.2,
      0.04,
      0.2,
      0.08,
      0.04,
      0.12,
      0.0,
      0.04,
      0.08,
      0.12,
      0.08,
      0.08,
      0.16,
      0.0,
      0.28,
      0.08,
      0.08,
      0.04,
      0.12,
      0.08,
      0.0,
      0.04,
      0.08,
      0.0,
      0.2,
      0.08,
      0.04,
      0.04,
      0.04,
      0.04,
      0.08,
      0.04,
      0.16,
      0.16,
      0.08,
      0.12,
      0.12,
      0.08,
      0.04,
      0.08,
      0.0,
      0.04,
      0.0,
      0.08,
      0.08,
      0.08,
      0.08,
      0.12,
      0.04,
      0.08,
      0.08,
      0.04,
      0.08,
      0.08,
      0.04,
      0.12,
      0.04,
      0.12,
      0.08,
      0.08,
      0.12,
      0.16,
      0.04,
      0.08,
      0.08,
      0.08,
      0.08,
      0.04,
      0.16,
      0.12,
      0.16,
      0.12,
      0.08,
      0.04,
      0.04,
      0.04,
      0.08,
      0.04,
      0.08,
      0.24,
      0.08,
      0.08,
      0.08,
      0.0,
      0.16,
      0.08,
      0.04,
      0.04,
      0.08,
      0.04,
      0.12,
      0.04,
      0.0,
      0.16,
      0.0,
      0.04,
      0.04,
      0.24,
      0.16,
      0.08,
      0.04,
      0.16,
      0.04,
      0.0,
      0.04,
      0.0,
      0.12,
      0.04,
      0.12,
      0.0,
      0.0,
      0.12,
      0.12,
      0.04,
      0.0,
      0.24,
      0.04,
      0.08,
      0.08,
      0.04,
      0.16,
      0.08,
      0.08,
      0.04,
      0.08,
      0.04,
      0.04,
      0.04,
      0.12,
      0.04,
      0.08,
      0.08,
      0.04,
      0.04,
      0.12,
      0.12,
      0.08,
      0.0,
      0.16,
      0.08,
      0.08,
      0.08,
      0.12,
      0.08,
      0.12,
      0.12,
      0.0,
      0.0,
      0.0,
      0.12,
      0.08,
      0.2
    ],
    "episode_rewards": [
      7.4,
      4.1,
      4.1,
      4.1,
      4.1,
      3.0,
      1.9,
      4.1,
      5.2,
      4.1,
      6.3,
      3.0,
      5.2,
      4.1,
      6.3,
      4.1,
      4.1,
      1.9,
      7.4,
      1.9,
      6.3,
      5.2,
      1.9,
      4.1,
      1.9,
      8.5,
      6.3,
      4.1,
      5.2,
      7.4,
      9.6,
      1.9,
      11.8,
      5.2,
      1.9,
      3.0,
      6.3,
      8.5,
      3.0,
      -1.4000000000000001,
      5.2,
      1.9,
      8.5,
      4.1,
      0.7999999999999998,
      3.0,
      5.2,
      1.9,
      1.9,
      4.1,
      8.5,
      4.1,
      6.3,
      6.3,
      7.4,
      5.2,
      4.1,
      4.1,
      5.2,
      3.0,
      4.1,
      3.0,
      3.0,
      1.9,
      0.7999999999999998,
      5.2,
      -0.30000000000000016,
      3.0,
      6.3,
      3.0,
      5.2,
      3.0,
      4.1,
      4.1,
      6.3,
      3.0,
      4.1,
      4.1,
      5.2,
      5.2,
      1.9,
      7.4,
      5.2,
      6.3,
      5.2,
      3.0,
      6.3,
      8.5,
      6.3,
      5.2,
      4.1,
      1.9,
      6.3,
      0.7999999999999998,
      4.1,
      3.0,
      4.1,
      8.5,
      4.1,
      5.2,
      3.0,
      1.9,
      7.4,
      4.1,
      5.2,
      6.3,
      5.2,
      4.1,
      6.3,
      4.1,
      1.9,
      7.4,
      1.9,
      3.0,
      4.1,
      9.6,
      3.0,
      5.2,
      3.0,
      9.6,
      5.2,
      0.7999999999999998,
      3.0,
      5.2,
      5.2,
      0.7999999999999998,
      5.2,
      4.1,
      0.7999999999999998,
      4.1,
      6.3,
      1.9,
      5.2,
      7.4,
      3.0,
      1.9,
      1.9,
      1.9,
      6.3,
      3.0,
      4.1,
      0.7999999999999998,
      3.0,
      4.1,
      5.2,
      1.9,
      3.0,
      3.0,
      8.5,
      1.9,
      3.0,
      5.2,
      3.0,
      3.0,
      3.0,
      1.9,
      8.5,
      7.4,
      1.9,
      5.2,
      5.2,
      5.2,
      5.2,
      1.9,
      5.2,
      0.7999999999999998,
      5.2,
      4.1,
      5.2,
      8.5
    ],