{
  "strategy": "popular",
  "run_id": 1,
  "seed": 123,
  "episodes": 170,
  "queries_per_episode": 25,
  "total_time": 0.025911569595336914,
  "metrics": {
    "task_completion_rate": {
      "mean": 0.4672941176470588,
      "std": 0.0886418867299483,
      "final": 0.4,
      "improvement": -0.07999999999999996
    },
    "tool_selection_accuracy": {
      "mean": 0.03576470588235294,
      "std": 0.034991645072981276,
      "final": 0.08
    },
    "average_reward": {
      "mean": 10.350588235294117,
      "std": 2.4376518850735778,
      "cumulative": 1759.6
    },
    "execution_time": {
      "mean": 3.839885487275965e-06,
      "std": 7.38094601780537e-07,
      "p95": 5.305290222167968e-06
    },
    "convergence": {
      "episodes_to_stable": 170,
      "final_variance": 0.00850096
    }
  },
  "time_series": {
    "completion_rates": [
      0.48,
      0.44,
      0.48,
      0.44,
      0.4,
      0.52,
      0.44,
      0.4,
      0.32,
      0.56,
      0.52,
      0.56,
      0.4,
      0.52,
      0.36,
      0.6,
      0.32,
      0.4,
      0.44,
      0.36,
      0.52,
      0.44,
      0.48,
      0.56,
      0.6,
      0.32,
      0.44,
      0.4,
      0.48,
      0.52,
      0.44,
      0.44,
      0.6,
      0.36,
      0.48,
      0.48,
      0.48,
      0.36,
      0.44,
      0.56,
      0.6,
      0.52,
      0.52,
      0.32,
      0.48,
      0.36,
      0.56,
      0.56,
      0.56,
      0.44,
      0.4,
      0.48,
      0.56,
      0.44,
      0.44,
      0.52,
      0.48,
      0.4,
      0.36,
      0.68,
      0.36,
      0.52,
      0.52,
      0.4,
      0.56,
      0.56,
      0.64,
      0.48,
      0.48,
      0.36,
      0.32,
      0.56,
      0.48,
      0.4,
      0.32,
      0.56,
      0.4,
      0.48,
      0.4,
      0.48,
      0.6,
      0.48,
      0.44,
      0.48,
      0.4,
      0.64,
      0.4,
      0.64,
      0.52,
      0.52,
      0.44,
      0.6,
      0.64,
      0.4,
      0.4,
      0.36,
      0.44,
      0.28,
      0.52,
      0.52,
      0.48,
      0.48,
      0.52,
      0.52,
      0.44,
      0.24,
      0.48,
      0.4,
      0.48,
      0.36,
      0.36,
      0.52,
      0.36,
      0.6,
      0.32,
      0.48,
      0.72,
      0.44,
      0.48,
      0.52,
      0.4,
      0.44,
      0.44,
      0.48,
      0.44,
      0.4,
      0.52,
      0.36,
      0.56,
      0.56,
      0.48,
      0.44,
      0.44,
      0.36,
      0.44,
      0.36,
      0.56,
      0.52,
      0.6,
      0.56,
      0.44,
      0.32,
      0.48,
      0.48,
      0.32,
      0.48,
      0.4,
      0.56,
      0.32,
      0.52,
      0.4,
      0.4,
      0.64,
      0.6,
      0.6,
      0.44,
      0.6,
      0.48,
      0.52,
      0.52,
      0.52,
      0.48,
      0.44,
      0.28,
      0.44,
      0.32,
      0.48,
      0.56,
      0.4,
      0.4
    ],
    "tool_accuracies": [
      0.0,
      0.04,
      0.08,
      0.04,
      0.0,
      0.0,
      0.08,
      0.0,
      0.0,
      0.0,
      0.04,
      0.0,
      0.0,
      0.08,
      0.0,
      0.08,
      0.0,
      0.0,
      0.0,
      0.0,
      0.12,
      0.04,
      0.08,
      0.08,
      0.0,
      0.04,
      0.04,
      0.0,
      0.04,
      0.04,
      0.04,
      0.04,
      0.0,
      0.08,
      0.04,
      0.08,
      0.04,
      0.0,
      0.08,
      0.08,
      0.04,
      0.0,
      0.0,
      0.04,
      0.0,
      0.0,
      0.12,
      0.12,
      0.08,
      0.04,
      0.0,
      0.08,
      0.08,
      0.12,
      0.04,
      0.0,
      0.04,
      0.0,
      0.04,
      0.0,
      0.04,
      0.04,
      0.0,
      0.08,
      0.0,
      0.04,
      0.08,
      0.12,
      0.04,
      0.04,
      0.0,
      0.04,
      0.04,
      0.0,
      0.04,
      0.04,
      0.04,
      0.0,
      0.08,
      0.04,
      0.08,
      0.08,
      0.0,
      0.08,
      0.0,
      0.04,
      0.04,
      0.12,
      0.08,
      0.04,
      0.0,
      0.04,
      0.04,
      0.04,
      0.0,
      0.08,
      0.04,
      0.0,
      0.08,
      0.04,
      0.0,
      0.0,
      0.08,
      0.04,
      0.04,
      0.0,
      0.12,
      0.0,
      0.04,
      0.04,
      0.04,
      0.04,
      0.04,
      0.08,
      0.0,
      0.0,
      0.04,
      0.0,
      0.0,
      0.0,
      0.0,
      0.04,
      0.04,
      0.0,
      0.08,
      0.0,
      0.04,
      0.0,
      0.0,
      0.0,
      0.0,
      0.0,
      0.0,
      0.08,
      0.08,
      0.0,
      0.08,
      0.0,
      0.04,
      0.04,
      0.08,
      0.04,
      0.0,
      0.0,
      0.0,
      0.08,
      0.04,
      0.04,
      0.0,
      0.08,
      0.04,
      0.0,
      0.0,
      0.0,
      0.04,
      0.0,
      0.04,
      0.04,
      0.04,
      0.08,
      0.08,
      0.0,
      0.08,
      0.0,
      0.08,
      0.04,
      0.0,
      0.0,
      0.0,
      0.08
    ],
    "episode_rewards": [
      10.7,
      9.6,
      10.7,
      9.6,
      8.5,
      11.8,
      9.6,
      8.5,
      6.3,
      12.9,
      11.8,
      12.9,
      8.5,
      11.8,
      7.4,
      14.0,
      6.3,
      8.5,
      9.6,
      7.4,
      11.8,
      9.6,
      10.7,
      12.9,
      14.0,
      6.3,
      9.6,
      8.5,
      10.7,
      11.8,
      9.6,
      9.6,
      14.0,
      7.4,
      10.7,
      10.7,
      10.7,
      7.4,
      9.6,
      12.9,
      14.0,
      11.8,
      11.8,
      6.3,
      10.7,
      7.4,
      12.9,
      12.9,
      12.9,
      9.6,
      8.5,
      10.7,
      12.9,
      9.6,
      9.6,
      11.8,
      10.7,
      8.5,
      7.4,
      16.2,
      7.4,
      11.8,
      11.8,
      8.5,
      12.9,
      12.9,
      15.1,
      10.7,
      10.7,
      7.4,
      6.3,
      12.9,
      10.7,
      8.5,
      6.3,
      12.9,
      8.5,
      10.7,
      8.5,
      10.7,
      14.0,
      10.7,
      9.6,
      10.7,
      8.5,
      15.1,
      8.5,
      15.1,
      11.8,
      11.8,
      9.6,
      14.0,
      15.1,
      8.5,
      8.5,
      7.4,
      9.6,
      5.2,
      11.8,
      11.8,
      10.7,
      10.7,
      11.8,
      11.8,
      9.6,
      4.1,
      10.7,
      8.5,
      10.7,
      7.4,
      7.4,
      11.8,
      7.4,
      14.0,
      6.3,
      10.7,
      17.3,
      9.6,
      10.7,
      11.8,
      8.5,
      9.6,
      9.6,
      10.7,
      9.6,
      8.5,
      11.8,
      7.4,
      12.9,
      12.9,
      10.7,
      9.6,
      9.6,
      7.4,
      9.6,
      7.4,
      12.9,
      11.8,
      14.0,
      12.9,
      9.6,
      6.3,
      10.7,
      10.7,
      6.3,
      10.7,
      8.5,
      12.9,
      6.3,
      11.8,
      8.5,
      8.5,
      15.1,
      14.0,
      14.0,
      9.6,
      14.0,
      10.7,
      11.8,
      11.8,
      11.8,
      10.7,
      9.6,
      5.2,
      9.6,
      6.3,
      10.7,
      12.9,
      8.5,
      8.5
    ],