{
  "strategy": "popular",
  "run_id": 4,
  "seed": 999,
  "episodes": 170,
  "queries_per_episode": 25,
  "total_time": 0.02513289451599121,
  "metrics": {
    "task_completion_rate": {
      "mean": 0.45317647058823535,
      "std": 0.09824593109019093,
      "final": 0.48,
      "improvement": 0.03999999999999998
    },
    "tool_selection_accuracy": {
      "mean": 0.036941176470588234,
      "std": 0.036815071383454606,
      "final": 0.0
    },
    "average_reward": {
      "mean": 9.962352941176471,
      "std": 2.701763104980251,
      "cumulative": 1693.6
    },
    "execution_time": {
      "mean": 3.664185019100413e-06,
      "std": 7.604020175727932e-07,
      "p95": 5.1145553588867175e-06
    },
    "convergence": {
      "episodes_to_stable": 170,
      "final_variance": 0.008936959999999999
    }
  },
  "time_series": {
    "completion_rates": [
      0.44,
      0.36,
      0.4,
      0.48,
      0.28,
      0.56,
      0.36,
      0.32,
      0.44,
      0.56,
      0.72,
      0.64,
      0.52,
      0.44,
      0.48,
      0.36,
      0.44,
      0.4,
      0.4,
      0.4,
      0.44,
      0.52,
      0.48,
      0.48,
      0.52,
      0.52,
      0.08,
      0.4,
      0.48,
      0.6,
      0.44,
      0.52,
      0.52,
      0.44,
      0.52,
      0.4,
      0.68,
      0.48,
      0.6,
      0.48,
      0.68,
      0.56,
      0.44,
      0.56,
      0.36,
      0.48,
      0.56,
      0.44,
      0.44,
      0.52,
      0.4,
      0.56,
      0.44,
      0.48,
      0.44,
      0.24,
      0.48,
      0.28,
      0.4,
      0.36,
      0.44,
      0.56,
      0.52,
      0.4,
      0.48,
      0.4,
      0.56,
      0.56,
      0.44,
      0.48,
      0.4,
      0.48,
      0.52,
      0.52,
      0.4,
      0.52,
      0.32,
      0.52,
      0.4,
      0.52,
      0.52,
      0.52,
      0.4,
      0.44,
      0.4,
      0.6,
      0.32,
      0.4,
      0.32,
      0.56,
      0.48,
      0.44,
      0.32,
      0.52,
      0.44,
      0.36,
      0.2,
      0.4,
      0.44,
      0.4,
      0.52,
      0.32,
      0.4,
      0.6,
      0.32,
      0.44,
      0.48,
      0.52,
      0.52,
      0.56,
      0.52,
      0.52,
      0.56,
      0.52,
      0.44,
      0.36,
      0.6,
      0.4,
      0.44,
      0.48,
      0.32,
      0.32,
      0.44,
      0.6,
      0.48,
      0.4,
      0.44,
      0.64,
      0.6,
      0.44,
      0.44,
      0.48,
      0.36,
      0.56,
      0.52,
      0.52,
      0.48,
      0.36,
      0.28,
      0.44,
      0.48,
      0.56,
      0.52,
      0.52,
      0.24,
      0.52,
      0.44,
      0.36,
      0.48,
      0.32,
      0.48,
      0.36,
      0.48,
      0.36,
      0.32,
      0.68,
      0.4,
      0.4,
      0.48,
      0.28,
      0.36,
      0.32,
      0.4,
      0.44,
      0.24,
      0.32,
      0.56,
      0.44,
      0.52,
      0.48
    ],
    "tool_accuracies": [
      0.08,
      0.08,
      0.0,
      0.04,
      0.0,
      0.04,
      0.0,
      0.0,
      0.08,
      0.04,
      0.04,
      0.08,
      0.0,
      0.08,
      0.08,
      0.04,
      0.08,
      0.0,
      0.04,
      0.0,
      0.08,
      0.0,
      0.08,
      0.12,
      0.04,
      0.04,
      0.0,
      0.04,
      0.0,
      0.12,
      0.0,
      0.0,
      0.08,
      0.08,
      0.04,
      0.0,
      0.04,
      0.0,
      0.08,
      0.04,
      0.04,
      0.04,
      0.0,
      0.12,
      0.0,
      0.2,
      0.0,
      0.04,
      0.08,
      0.0,
      0.0,
      0.04,
      0.04,
      0.0,
      0.0,
      0.0,
      0.04,
      0.04,
      0.04,
      0.04,
      0.08,
      0.0,
      0.04,
      0.04,
      0.04,
      0.04,
      0.08,
      0.08,
      0.04,
      0.04,
      0.0,
      0.04,
      0.04,
      0.08,
      0.0,
      0.0,
      0.04,
      0.0,
      0.0,
      0.04,
      0.0,
      0.04,
      0.12,
      0.12,
      0.0,
      0.04,
      0.0,
      0.04,
      0.0,
      0.04,
      0.04,
      0.12,
      0.0,
      0.04,
      0.04,
      0.08,
      0.0,
      0.08,
      0.0,
      0.04,
      0.08,
      0.04,
      0.0,
      0.04,
      0.08,
      0.04,
      0.04,
      0.04,
      0.04,
      0.0,
      0.08,
      0.0,
      0.08,
      0.0,
      0.08,
      0.04,
      0.04,
      0.04,
      0.08,
      0.04,
      0.04,
      0.0,
      0.04,
      0.04,
      0.0,
      0.04,
      0.08,
      0.04,
      0.12,
      0.0,
      0.0,
      0.04,
      0.04,
      0.08,
      0.0,
      0.04,
      0.0,
      0.04,
      0.0,
      0.08,
      0.0,
      0.12,
      0.0,
      0.08,
      0.0,
      0.04,
      0.0,
      0.0,
      0.04,
      0.0,
      0.08,
      0.0,
      0.0,
      0.04,
      0.0,
      0.04,
      0.0,
      0.04,
      0.04,
      0.0,
      0.0,
      0.0,
      0.0,
      0.08,
      0.0,
      0.0,
      0.08,
      0.0,
      0.0,
      0.0
    ],
    "episode_rewards": [
      9.6,
      7.4,
      8.5,
      10.7,
      5.2,
      12.9,
      7.4,
      6.3,
      9.6,
      12.9,
      17.3,
      15.1,
      11.8,
      9.6,
      10.7,
      7.4,
      9.6,
      8.5,
      8.5,
      8.5,
      9.6,
      11.8,
      10.7,
      10.7,
      11.8,
      11.8,
      -0.30000000000000016,
      8.5,
      10.7,
      14.0,
      9.6,
      11.8,
      11.8,
      9.6,
      11.8,
      8.5,
      16.2,
      10.7,
      14.0,
      10.7,
      16.2,
      12.9,
      9.6,
      12.9,
      7.4,
      10.7,
      12.9,
      9.6,
      9.6,
      11.8,
      8.5,
      12.9,
      9.6,
      10.7,
      9.6,
      4.1,
      10.7,
      5.2,
      8.5,
      7.4,
      9.6,
      12.9,
      11.8,
      8.5,
      10.7,
      8.5,
      12.9,
      12.9,
      9.6,
      10.7,
      8.5,
      10.7,
      11.8,
      11.8,
      8.5,
      11.8,
      6.3,
      11.8,
      8.5,
      11.8,
      11.8,
      11.8,
      8.5,
      9.6,
      8.5,
      14.0,
      6.3,
      8.5,
      6.3,
      12.9,
      10.7,
      9.6,
      6.3,
      11.8,
      9.6,
      7.4,
      3.0,
      8.5,
      9.6,
      8.5,
      11.8,
      6.3,
      8.5,
      14.0,
      6.3,
      9.6,
      10.7,
      11.8,
      11.8,
      12.9,
      11.8,
      11.8,
      12.9,
      11.8,
      9.6,
      7.4,
      14.0,
      8.5,
      9.6,
      10.7,
      6.3,
      6.3,
      9.6,
      14.0,
      10.7,
      8.5,
      9.6,
      15.1,
      14.0,
      9.6,
      9.6,
      10.7,
      7.4,
      12.9,
      11.8,
      11.8,
      10.7,
      7.4,
      5.2,
      9.6,
      10.7,
      12.9,
      11.8,
      11.8,
      4.1,
      11.8,
      9.6,
      7.4,
      10.7,
      6.3,
      10.7,
      7.4,
      10.7,
      7.4,
      6.3,
      16.2,
      8.5,
      8.5,
      10.7,
      5.2,
      7.4,
      6.3,
      8.5,
      9.6,
      4.1,
      6.3,
      12.9,
      9.6,
      11.8,
      10.7
    ],