{
  "strategy": "popular",
  "run_id": 3,
  "seed": 789,
  "episodes": 170,
  "queries_per_episode": 25,
  "total_time": 0.024470090866088867,
  "metrics": {
    "task_completion_rate": {
      "mean": 0.45482352941176474,
      "std": 0.09444091541906141,
      "final": 0.56,
      "improvement": 0.16000000000000003
    },
    "tool_selection_accuracy": {
      "mean": 0.036470588235294116,
      "std": 0.03728131158867169,
      "final": 0.0
    },
    "average_reward": {
      "mean": 10.007647058823531,
      "std": 2.597125174024189,
      "cumulative": 1701.3
    },
    "execution_time": {
      "mean": 3.5625906551585473e-06,
      "std": 6.850556859182374e-07,
      "p95": 4.722595214843746e-06
    },
    "convergence": {
      "episodes_to_stable": 170,
      "final_variance": 0.00974256
    }
  },
  "time_series": {
    "completion_rates": [
      0.4,
      0.36,
      0.36,
      0.4,
      0.48,
      0.36,
      0.28,
      0.32,
      0.4,
      0.4,
      0.44,
      0.48,
      0.44,
      0.4,
      0.52,
      0.4,
      0.52,
      0.36,
      0.48,
      0.6,
      0.36,
      0.32,
      0.28,
      0.52,
      0.44,
      0.4,
      0.44,
      0.48,
      0.44,
      0.64,
      0.6,
      0.52,
      0.48,
      0.4,
      0.4,
      0.52,
      0.68,
      0.48,
      0.48,
      0.48,
      0.48,
      0.4,
      0.64,
      0.52,
      0.44,
      0.36,
      0.4,
      0.44,
      0.52,
      0.6,
      0.44,
      0.32,
      0.32,
      0.48,
      0.4,
      0.56,
      0.48,
      0.48,
      0.4,
      0.44,
      0.36,
      0.28,
      0.4,
      0.44,
      0.56,
      0.6,
      0.44,
      0.52,
      0.48,
      0.48,
      0.44,
      0.52,
      0.4,
      0.44,
      0.48,
      0.48,
      0.44,
      0.44,
      0.4,
      0.6,
      0.44,
      0.44,
      0.48,
      0.44,
      0.52,
      0.36,
      0.44,
      0.36,
      0.44,
      0.32,
      0.44,
      0.56,
      0.52,
      0.48,
      0.48,
      0.36,
      0.52,
      0.52,
      0.44,
      0.48,
      0.56,
      0.36,
      0.52,
      0.36,
      0.6,
      0.52,
      0.44,
      0.56,
      0.24,
      0.6,
      0.52,
      0.36,
      0.48,
      0.36,
      0.44,
      0.44,
      0.56,
      0.48,
      0.32,
      0.44,
      0.48,
      0.64,
      0.52,
      0.6,
      0.48,
      0.2,
      0.4,
      0.48,
      0.76,
      0.28,
      0.52,
      0.44,
      0.6,
      0.32,
      0.52,
      0.4,
      0.52,
      0.64,
      0.48,
      0.4,
      0.36,
      0.44,
      0.32,
      0.64,
      0.44,
      0.44,
      0.32,
      0.44,
      0.6,
      0.4,
      0.52,
      0.52,
      0.56,
      0.28,
      0.4,
      0.52,
      0.56,
      0.36,
      0.48,
      0.48,
      0.36,
      0.32,
      0.56,
      0.64,
      0.4,
      0.48,
      0.32,
      0.36,
      0.28,
      0.56
    ],
    "tool_accuracies": [
      0.04,
      0.04,
      0.0,
      0.0,
      0.0,
      0.08,
      0.0,
      0.0,
      0.0,
      0.08,
      0.04,
      0.04,
      0.04,
      0.0,
      0.0,
      0.0,
      0.0,
      0.08,
      0.0,
      0.0,
      0.08,
      0.0,
      0.0,
      0.08,
      0.04,
      0.04,
      0.04,
      0.04,
      0.0,
      0.04,
      0.04,
      0.04,
      0.08,
      0.0,
      0.0,
      0.08,
      0.04,
      0.04,
      0.08,
      0.0,
      0.04,
      0.04,
      0.08,
      0.0,
      0.0,
      0.0,
      0.04,
      0.08,
      0.04,
      0.0,
      0.08,
      0.04,
      0.0,
      0.04,
      0.0,
      0.08,
      0.0,
      0.04,
      0.0,
      0.0,
      0.04,
      0.0,
      0.04,
      0.04,
      0.16,
      0.04,
      0.0,
      0.08,
      0.04,
      0.0,
      0.0,
      0.0,
      0.04,
      0.16,
      0.08,
      0.12,
      0.08,
      0.0,
      0.08,
      0.0,
      0.0,
      0.04,
      0.0,
      0.0,
      0.0,
      0.04,
      0.08,
      0.0,
      0.04,
      0.04,
      0.04,
      0.04,
      0.04,
      0.08,
      0.08,
      0.04,
      0.0,
      0.04,
      0.12,
      0.12,
      0.0,
      0.04,
      0.04,
      0.08,
      0.04,
      0.08,
      0.08,
      0.04,
      0.0,
      0.08,
      0.04,
      0.04,
      0.0,
      0.0,
      0.0,
      0.04,
      0.08,
      0.04,
      0.0,
      0.0,
      0.08,
      0.04,
      0.04,
      0.08,
      0.04,
      0.0,
      0.04,
      0.0,
      0.04,
      0.08,
      0.08,
      0.0,
      0.12,
      0.0,
      0.0,
      0.04,
      0.04,
      0.04,
      0.0,
      0.04,
      0.04,
      0.0,
      0.04,
      0.04,
      0.0,
      0.04,
      0.04,
      0.04,
      0.04,
      0.0,
      0.2,
      0.0,
      0.08,
      0.0,
      0.0,
      0.04,
      0.0,
      0.12,
      0.0,
      0.04,
      0.04,
      0.0,
      0.04,
      0.08,
      0.04,
      0.0,
      0.04,
      0.04,
      0.0,
      0.0
    ],
    "episode_rewards": [
      8.5,
      7.4,
      7.4,
      8.5,
      10.7,
      7.4,
      5.2,
      6.3,
      8.5,
      8.5,
      9.6,
      10.7,
      9.6,
      8.5,
      11.8,
      8.5,
      11.8,
      7.4,
      10.7,
      14.0,
      7.4,
      6.3,
      5.2,
      11.8,
      9.6,
      8.5,
      9.6,
      10.7,
      9.6,
      15.1,
      14.0,
      11.8,
      10.7,
      8.5,
      8.5,
      11.8,
      16.2,
      10.7,
      10.7,
      10.7,
      10.7,
      8.5,
      15.1,
      11.8,
      9.6,
      7.4,
      8.5,
      9.6,
      11.8,
      14.0,
      9.6,
      6.3,
      6.3,
      10.7,
      8.5,
      12.9,
      10.7,
      10.7,
      8.5,
      9.6,
      7.4,
      5.2,
      8.5,
      9.6,
      12.9,
      14.0,
      9.6,
      11.8,
      10.7,
      10.7,
      9.6,
      11.8,
      8.5,
      9.6,
      10.7,
      10.7,
      9.6,
      9.6,
      8.5,
      14.0,
      9.6,
      9.6,
      10.7,
      9.6,
      11.8,
      7.4,
      9.6,
      7.4,
      9.6,
      6.3,
      9.6,
      12.9,
      11.8,
      10.7,
      10.7,
      7.4,
      11.8,
      11.8,
      9.6,
      10.7,
      12.9,
      7.4,
      11.8,
      7.4,
      14.0,
      11.8,
      9.6,
      12.9,
      4.1,
      14.0,
      11.8,
      7.4,
      10.7,
      7.4,
      9.6,
      9.6,
      12.9,
      10.7,
      6.3,
      9.6,
      10.7,
      15.1,
      11.8,
      14.0,
      10.7,
      3.0,
      8.5,
      10.7,
      18.4,
      5.2,
      11.8,
      9.6,
      14.0,
      6.3,
      11.8,
      8.5,
      11.8,
      15.1,
      10.7,
      8.5,
      7.4,
      9.6,
      6.3,
      15.1,
      9.6,
      9.6,
      6.3,
      9.6,
      14.0,
      8.5,
      11.8,
      11.8,
      12.9,
      5.2,
      8.5,
      11.8,
      12.9,
      7.4,
      10.7,
      10.7,
      7.4,
      6.3,
      12.9,
      15.1,
      8.5,
      10.7,
      6.3,
      7.4,
      5.2,
      12.9
    ],