{
  "strategy": "popular",
  "run_id": 0,
  "seed": 42,
  "episodes": 170,
  "queries_per_episode": 25,
  "total_time": 0.0298001766204834,
  "metrics": {
    "task_completion_rate": {
      "mean": 0.4588235294117647,
      "std": 0.09347427157441122,
      "final": 0.56,
      "improvement": 0.16000000000000003
    },
    "tool_selection_accuracy": {
      "mean": 0.03976470588235294,
      "std": 0.038439454932422366,
      "final": 0.04
    },
    "average_reward": {
      "mean": 10.117647058823529,
      "std": 2.570542468296309,
      "cumulative": 1720.0
    },
    "execution_time": {
      "mean": 3.908774432014016e-06,
      "std": 8.638501797358254e-07,
      "p95": 5.58185577392578e-06
    },
    "convergence": {
      "episodes_to_stable": 170,
      "final_variance": 0.009164
    }
  },
  "time_series": {
    "completion_rates": [
      0.4,
      0.68,
      0.4,
      0.48,
      0.48,
      0.44,
      0.32,
      0.32,
      0.48,
      0.48,
      0.52,
      0.52,
      0.4,
      0.28,
      0.36,
      0.4,
      0.44,
      0.36,
      0.32,
      0.44,
      0.4,
      0.36,
      0.48,
      0.32,
      0.6,
      0.4,
      0.48,
      0.44,
      0.44,
      0.56,
      0.4,
      0.52,
      0.32,
      0.44,
      0.4,
      0.64,
      0.4,
      0.48,
      0.44,
      0.4,
      0.4,
      0.56,
      0.44,
      0.56,
      0.52,
      0.56,
      0.32,
      0.4,
      0.48,
      0.44,
      0.36,
      0.56,
      0.48,
      0.36,
      0.4,
      0.6,
      0.72,
      0.52,
      0.52,
      0.48,
      0.4,
      0.4,
      0.52,
      0.52,
      0.56,
      0.52,
      0.36,
      0.52,
      0.36,
      0.52,
      0.28,
      0.32,
      0.36,
      0.36,
      0.48,
      0.56,
      0.48,
      0.52,
      0.52,
      0.52,
      0.6,
      0.6,
      0.36,
      0.56,
      0.48,
      0.52,
      0.36,
      0.48,
      0.4,
      0.48,
      0.4,
      0.48,
      0.48,
      0.48,
      0.44,
      0.24,
      0.28,
      0.52,
      0.44,
      0.48,
      0.56,
      0.4,
      0.56,
      0.68,
      0.36,
      0.48,
      0.32,
      0.4,
      0.32,
      0.48,
      0.4,
      0.48,
      0.52,
      0.52,
      0.36,
      0.36,
      0.6,
      0.44,
      0.4,
      0.56,
      0.2,
      0.52,
      0.48,
      0.52,
      0.4,
      0.48,
      0.4,
      0.36,
      0.72,
      0.56,
      0.48,
      0.6,
      0.52,
      0.32,
      0.36,
      0.4,
      0.4,
      0.44,
      0.48,
      0.4,
      0.48,
      0.44,
      0.6,
      0.44,
      0.6,
      0.6,
      0.56,
      0.36,
      0.4,
      0.64,
      0.48,
      0.56,
      0.44,
      0.44,
      0.4,
      0.36,
      0.56,
      0.44,
      0.4,
      0.4,
      0.4,
      0.48,
      0.6,
      0.56,
      0.52,
      0.52,
      0.32,
      0.44,
      0.48,
      0.56
    ],
    "tool_accuracies": [
      0.08,
      0.08,
      0.0,
      0.0,
      0.12,
      0.04,
      0.0,
      0.0,
      0.12,
      0.08,
      0.04,
      0.08,
      0.08,
      0.04,
      0.04,
      0.08,
      0.04,
      0.04,
      0.0,
      0.12,
      0.08,
      0.04,
      0.08,
      0.04,
      0.08,
      0.0,
      0.08,
      0.04,
      0.0,
      0.08,
      0.0,
      0.04,
      0.04,
      0.0,
      0.0,
      0.04,
      0.04,
      0.08,
      0.04,
      0.0,
      0.04,
      0.04,
      0.08,
      0.16,
      0.08,
      0.0,
      0.04,
      0.0,
      0.04,
      0.04,
      0.04,
      0.08,
      0.08,
      0.04,
      0.0,
      0.08,
      0.04,
      0.0,
      0.08,
      0.04,
      0.04,
      0.0,
      0.08,
      0.0,
      0.08,
      0.0,
      0.12,
      0.08,
      0.0,
      0.04,
      0.12,
      0.04,
      0.04,
      0.04,
      0.0,
      0.04,
      0.0,
      0.08,
      0.08,
      0.0,
      0.04,
      0.04,
      0.0,
      0.08,
      0.04,
      0.04,
      0.0,
      0.08,
      0.0,
      0.04,
      0.04,
      0.0,
      0.04,
      0.0,
      0.0,
      0.0,
      0.0,
      0.04,
      0.0,
      0.08,
      0.0,
      0.08,
      0.04,
      0.0,
      0.0,
      0.04,
      0.0,
      0.08,
      0.0,
      0.08,
      0.0,
      0.04,
      0.04,
      0.08,
      0.0,
      0.0,
      0.08,
      0.0,
      0.0,
      0.08,
      0.0,
      0.12,
      0.0,
      0.04,
      0.0,
      0.0,
      0.04,
      0.04,
      0.0,
      0.16,
      0.0,
      0.04,
      0.0,
      0.0,
      0.0,
      0.08,
      0.0,
      0.04,
      0.08,
      0.08,
      0.04,
      0.08,
      0.0,
      0.04,
      0.0,
      0.08,
      0.0,
      0.04,
      0.0,
      0.12,
      0.0,
      0.16,
      0.0,
      0.04,
      0.0,
      0.0,
      0.04,
      0.0,
      0.04,
      0.0,
      0.04,
      0.04,
      0.04,
      0.04,
      0.08,
      0.04,
      0.0,
      0.0,
      0.08,
      0.04
    ],
    "episode_rewards": [
      8.5,
      16.2,
      8.5,
      10.7,
      10.7,
      9.6,
      6.3,
      6.3,
      10.7,
      10.7,
      11.8,
      11.8,
      8.5,
      5.2,
      7.4,
      8.5,
      9.6,
      7.4,
      6.3,
      9.6,
      8.5,
      7.4,
      10.7,
      6.3,
      14.0,
      8.5,
      10.7,
      9.6,
      9.6,
      12.9,
      8.5,
      11.8,
      6.3,
      9.6,
      8.5,
      15.1,
      8.5,
      10.7,
      9.6,
      8.5,
      8.5,
      12.9,
      9.6,
      12.9,
      11.8,
      12.9,
      6.3,
      8.5,
      10.7,
      9.6,
      7.4,
      12.9,
      10.7,
      7.4,
      8.5,
      14.0,
      17.3,
      11.8,
      11.8,
      10.7,
      8.5,
      8.5,
      11.8,
      11.8,
      12.9,
      11.8,
      7.4,
      11.8,
      7.4,
      11.8,
      5.2,
      6.3,
      7.4,
      7.4,
      10.7,
      12.9,
      10.7,
      11.8,
      11.8,
      11.8,
      14.0,
      14.0,
      7.4,
      12.9,
      10.7,
      11.8,
      7.4,
      10.7,
      8.5,
      10.7,
      8.5,
      10.7,
      10.7,
      10.7,
      9.6,
      4.1,
      5.2,
      11.8,
      9.6,
      10.7,
      12.9,
      8.5,
      12.9,
      16.2,
      7.4,
      10.7,
      6.3,
      8.5,
      6.3,
      10.7,
      8.5,
      10.7,
      11.8,
      11.8,
      7.4,
      7.4,
      14.0,
      9.6,
      8.5,
      12.9,
      3.0,
      11.8,
      10.7,
      11.8,
      8.5,
      10.7,
      8.5,
      7.4,
      17.3,
      12.9,
      10.7,
      14.0,
      11.8,
      6.3,
      7.4,
      8.5,
      8.5,
      9.6,
      10.7,
      8.5,
      10.7,
      9.6,
      14.0,
      9.6,
      14.0,
      14.0,
      12.9,
      7.4,
      8.5,
      15.1,
      10.7,
      12.9,
      9.6,
      9.6,
      8.5,
      7.4,
      12.9,
      9.6,
      8.5,
      8.5,
      8.5,
      10.7,
      14.0,
      12.9,
      11.8,
      11.8,
      6.3,
      9.6,
      10.7,
      12.9
    ],