{
  "strategy": "popular",
  "run_id": 2,
  "seed": 456,
  "episodes": 170,
  "queries_per_episode": 25,
  "total_time": 0.028337478637695312,
  "metrics": {
    "task_completion_rate": {
      "mean": 0.46023529411764713,
      "std": 0.10028167940812267,
      "final": 0.32,
      "improvement": -0.03999999999999998
    },
    "tool_selection_accuracy": {
      "mean": 0.0371764705882353,
      "std": 0.038945263691671686,
      "final": 0.0
    },
    "average_reward": {
      "mean": 10.156470588235294,
      "std": 2.7577461837233734,
      "cumulative": 1726.6
    },
    "execution_time": {
      "mean": 4.096536075367647e-06,
      "std": 1.4277862364356252e-06,
      "p95": 6.5913200378417945e-06
    },
    "convergence": {
      "episodes_to_stable": 170,
      "final_variance": 0.009775840000000001
    }
  },
  "time_series": {
    "completion_rates": [
      0.36,
      0.24,
      0.36,
      0.52,
      0.52,
      0.64,
      0.52,
      0.52,
      0.44,
      0.32,
      0.48,
      0.52,
      0.52,
      0.4,
      0.44,
      0.6,
      0.52,
      0.6,
      0.32,
      0.48,
      0.56,
      0.44,
      0.4,
      0.56,
      0.36,
      0.48,
      0.44,
      0.48,
      0.52,
      0.44,
      0.4,
      0.32,
      0.52,
      0.56,
      0.44,
      0.52,
      0.32,
      0.6,
      0.4,
      0.52,
      0.28,
      0.68,
      0.4,
      0.44,
      0.44,
      0.44,
      0.56,
      0.56,
      0.52,
      0.4,
      0.6,
      0.36,
      0.4,
      0.44,
      0.56,
      0.64,
      0.48,
      0.52,
      0.56,
      0.36,
      0.12,
      0.4,
      0.48,
      0.36,
      0.44,
      0.48,
      0.52,
      0.24,
      0.48,
      0.44,
      0.48,
      0.52,
      0.36,
      0.52,
      0.48,
      0.36,
      0.64,
      0.56,
      0.52,
      0.36,
      0.48,
      0.36,
      0.56,
      0.56,
      0.4,
      0.48,
      0.32,
      0.4,
      0.56,
      0.52,
      0.48,
      0.44,
      0.48,
      0.48,
      0.6,
      0.6,
      0.48,
      0.56,
      0.4,
      0.56,
      0.4,
      0.32,
      0.44,
      0.4,
      0.4,
      0.4,
      0.36,
      0.4,
      0.32,
      0.52,
      0.36,
      0.56,
      0.48,
      0.64,
      0.44,
      0.28,
      0.28,
      0.4,
      0.48,
      0.32,
      0.44,
      0.44,
      0.44,
      0.68,
      0.44,
      0.56,
      0.4,
      0.32,
      0.32,
      0.36,
      0.32,
      0.36,
      0.44,
      0.52,
      0.36,
      0.32,
      0.76,
      0.56,
      0.56,
      0.32,
      0.48,
      0.4,
      0.44,
      0.56,
      0.4,
      0.52,
      0.48,
      0.52,
      0.6,
      0.52,
      0.64,
      0.52,
      0.48,
      0.4,
      0.44,
      0.6,
      0.32,
      0.4,
      0.44,
      0.64,
      0.56,
      0.48,
      0.44,
      0.48,
      0.6,
      0.48,
      0.36,
      0.52,
      0.36,
      0.32
    ],
    "tool_accuracies": [
      0.0,
      0.0,
      0.04,
      0.04,
      0.08,
      0.04,
      0.04,
      0.08,
      0.08,
      0.0,
      0.04,
      0.0,
      0.0,
      0.0,
      0.0,
      0.04,
      0.0,
      0.04,
      0.0,
      0.0,
      0.0,
      0.0,
      0.0,
      0.04,
      0.0,
      0.04,
      0.08,
      0.04,
      0.08,
      0.0,
      0.04,
      0.0,
      0.0,
      0.2,
      0.04,
      0.04,
      0.04,
      0.04,
      0.08,
      0.0,
      0.0,
      0.04,
      0.04,
      0.04,
      0.04,
      0.04,
      0.04,
      0.0,
      0.04,
      0.0,
      0.0,
      0.0,
      0.12,
      0.0,
      0.08,
      0.0,
      0.08,
      0.08,
      0.08,
      0.0,
      0.0,
      0.04,
      0.04,
      0.0,
      0.0,
      0.08,
      0.08,
      0.0,
      0.04,
      0.08,
      0.04,
      0.04,
      0.04,
      0.04,
      0.04,
      0.04,
      0.04,
      0.08,
      0.04,
      0.0,
      0.0,
      0.0,
      0.04,
      0.0,
      0.12,
      0.04,
      0.08,
      0.0,
      0.04,
      0.08,
      0.04,
      0.04,
      0.0,
      0.0,
      0.08,
      0.08,
      0.0,
      0.08,
      0.04,
      0.0,
      0.0,
      0.0,
      0.04,
      0.04,
      0.08,
      0.04,
      0.0,
      0.04,
      0.04,
      0.16,
      0.04,
      0.04,
      0.04,
      0.16,
      0.04,
      0.0,
      0.04,
      0.08,
      0.04,
      0.0,
      0.0,
      0.0,
      0.04,
      0.04,
      0.04,
      0.2,
      0.0,
      0.04,
      0.0,
      0.0,
      0.0,
      0.04,
      0.04,
      0.08,
      0.0,
      0.0,
      0.08,
      0.04,
      0.04,
      0.08,
      0.0,
      0.08,
      0.04,
      0.04,
      0.0,
      0.04,
      0.0,
      0.08,
      0.08,
      0.12,
      0.12,
      0.04,
      0.08,
      0.0,
      0.0,
      0.08,
      0.04,
      0.0,
      0.04,
      0.0,
      0.08,
      0.08,
      0.04,
      0.04,
      0.0,
      0.0,
      0.0,
      0.0,
      0.0,
      0.0
    ],
    "episode_rewards": [
      7.4,
      4.1,
      7.4,
      11.8,
      11.8,
      15.1,
      11.8,
      11.8,
      9.6,
      6.3,
      10.7,
      11.8,
      11.8,
      8.5,
      9.6,
      14.0,
      11.8,
      14.0,
      6.3,
      10.7,
      12.9,
      9.6,
      8.5,
      12.9,
      7.4,
      10.7,
      9.6,
      10.7,
      11.8,
      9.6,
      8.5,
      6.3,
      11.8,
      12.9,
      9.6,
      11.8,
      6.3,
      14.0,
      8.5,
      11.8,
      5.2,
      16.2,
      8.5,
      9.6,
      9.6,
      9.6,
      12.9,
      12.9,
      11.8,
      8.5,
      14.0,
      7.4,
      8.5,
      9.6,
      12.9,
      15.1,
      10.7,
      11.8,
      12.9,
      7.4,
      0.7999999999999998,
      8.5,
      10.7,
      7.4,
      9.6,
      10.7,
      11.8,
      4.1,
      10.7,
      9.6,
      10.7,
      11.8,
      7.4,
      11.8,
      10.7,
      7.4,
      15.1,
      12.9,
      11.8,
      7.4,
      10.7,
      7.4,
      12.9,
      12.9,
      8.5,
      10.7,
      6.3,
      8.5,
      12.9,
      11.8,
      10.7,
      9.6,
      10.7,
      10.7,
      14.0,
      14.0,
      10.7,
      12.9,
      8.5,
      12.9,
      8.5,
      6.3,
      9.6,
      8.5,
      8.5,
      8.5,
      7.4,
      8.5,
      6.3,
      11.8,
      7.4,
      12.9,
      10.7,
      15.1,
      9.6,
      5.2,
      5.2,
      8.5,
      10.7,
      6.3,
      9.6,
      9.6,
      9.6,
      16.2,
      9.6,
      12.9,
      8.5,
      6.3,
      6.3,
      7.4,
      6.3,
      7.4,
      9.6,
      11.8,
      7.4,
      6.3,
      18.4,
      12.9,
      12.9,
      6.3,
      10.7,
      8.5,
      9.6,
      12.9,
      8.5,
      11.8,
      10.7,
      11.8,
      14.0,
      11.8,
      15.1,
      11.8,
      10.7,
      8.5,
      9.6,
      14.0,
      6.3,
      8.5,
      9.6,
      15.1,
      12.9,
      10.7,
      9.6,
      10.7,
      14.0,
      10.7,
      7.4,
      11.8,
      7.4,
      6.3
    ],