{
  "strategy": "q_learning_dqn",
  "run_id": 1,
  "seed": 123,
  "episodes": 170,
  "queries_per_episode": 25,
  "total_time": 5.05477499961853,
  "metrics": {
    "task_completion_rate": {
      "mean": 0.4938823529411765,
      "std": 0.0826914053098067,
      "final": 0.6,
      "improvement": 0.12
    },
    "tool_selection_accuracy": {
      "mean": 0.11176470588235295,
      "std": 0.05168175171380719,
      "final": 0.08
    },
    "average_reward": {
      "mean": 11.081764705882353,
      "std": 2.274013646019684,
      "cumulative": 1883.9
    },
    "execution_time": {
      "mean": 0.001180372350356158,
      "std": 0.00029100505273336016,
      "p95": 0.0017137899398803709
    },
    "convergence": {
      "episodes_to_stable": 170,
      "final_variance": 0.005756640000000003
    }
  },
  "time_series": {
    "completion_rates": [
      0.48,
      0.44,
      0.6,
      0.36,
      0.44,
      0.48,
      0.8,
      0.52,
      0.44,
      0.44,
      0.56,
      0.4,
      0.48,
      0.32,
      0.52,
      0.36,
      0.44,
      0.52,
      0.48,
      0.48,
      0.36,
      0.52,
      0.44,
      0.4,
      0.52,
      0.36,
      0.68,
      0.64,
      0.6,
      0.48,
      0.64,
      0.64,
      0.56,
      0.44,
      0.52,
      0.44,
      0.36,
      0.48,
      0.6,
      0.72,
      0.4,
      0.56,
      0.56,
      0.44,
      0.36,
      0.48,
      0.44,
      0.56,
      0.56,
      0.52,
      0.44,
      0.52,
      0.44,
      0.32,
      0.44,
      0.56,
      0.48,
      0.44,
      0.6,
      0.44,
      0.52,
      0.44,
      0.48,
      0.44,
      0.52,
      0.48,
      0.6,
      0.44,
      0.48,
      0.48,
      0.52,
      0.4,
      0.44,
      0.52,
      0.36,
      0.52,
      0.52,
      0.48,
      0.4,
      0.52,
      0.52,
      0.6,
      0.44,
      0.56,
      0.48,
      0.6,
      0.36,
      0.56,
      0.44,
      0.56,
      0.56,
      0.4,
      0.44,
      0.4,
      0.52,
      0.48,
      0.6,
      0.48,
      0.48,
      0.48,
      0.48,
      0.56,
      0.64,
      0.44,
      0.56,
      0.48,
      0.48,
      0.6,
      0.52,
      0.4,
      0.6,
      0.48,
      0.4,
      0.52,
      0.52,
      0.56,
      0.56,
      0.48,
      0.36,
      0.6,
      0.48,
      0.48,
      0.4,
      0.44,
      0.56,
      0.52,
      0.48,
      0.52,
      0.56,
      0.36,
      0.4,
      0.56,
      0.4,
      0.32,
      0.52,
      0.56,
      0.32,
      0.52,
      0.44,
      0.52,
      0.56,
      0.52,
      0.52,
      0.56,
      0.56,
      0.56,
      0.52,
      0.44,
      0.56,
      0.44,
      0.64,
      0.48,
      0.6,
      0.32,
      0.48,
      0.56,
      0.36,
      0.6,
      0.4,
      0.44,
      0.52,
      0.48,
      0.56,
      0.4,
      0.44,
      0.48,
      0.6,
      0.52,
      0.6,
      0.6
    ],
    "tool_accuracies": [
      0.04,
      0.16,
      0.08,
      0.08,
      0.16,
      0.08,
      0.2,
      0.0,
      0.04,
      0.12,
      0.08,
      0.12,
      0.12,
      0.04,
      0.0,
      0.04,
      0.16,
      0.0,
      0.12,
      0.12,
      0.12,
      0.04,
      0.08,
      0.2,
      0.12,
      0.16,
      0.28,
      0.2,
      0.08,
      0.16,
      0.16,
      0.2,
      0.12,
      0.08,
      0.08,
      0.08,
      0.12,
      0.16,
      0.16,
      0.16,
      0.0,
      0.16,
      0.16,
      0.08,
      0.12,
      0.08,
      0.2,
      0.16,
      0.16,
      0.04,
      0.12,
      0.16,
      0.08,
      0.04,
      0.12,
      0.08,
      0.08,
      0.08,
      0.2,
      0.12,
      0.16,
      0.2,
      0.2,
      0.16,
      0.12,
      0.08,
      0.2,
      0.08,
      0.08,
      0.16,
      0.16,
      0.2,
      0.04,
      0.08,
      0.16,
      0.08,
      0.04,
      0.08,
      0.12,
      0.12,
      0.12,
      0.24,
      0.04,
      0.04,
      0.16,
      0.08,
      0.04,
      0.16,
      0.12,
      0.08,
      0.08,
      0.04,
      0.04,
      0.12,
      0.16,
      0.16,
      0.16,
      0.12,
      0.12,
      0.12,
      0.08,
      0.12,
      0.12,
      0.12,
      0.2,
      0.12,
      0.16,
      0.16,
      0.12,
      0.08,
      0.12,
      0.12,
      0.12,
      0.08,
      0.16,
      0.08,
      0.16,
      0.04,
      0.08,
      0.12,
      0.16,
      0.08,
      0.08,
      0.04,
      0.08,
      0.12,
      0.16,
      0.12,
      0.24,
      0.04,
      0.08,
      0.08,
      0.08,
      0.0,
      0.08,
      0.08,
      0.16,
      0.12,
      0.08,
      0.12,
      0.12,
      0.08,
      0.08,
      0.16,
      0.08,
      0.08,
      0.08,
      0.08,
      0.16,
      0.16,
      0.2,
      0.12,
      0.12,
      0.08,
      0.08,
      0.12,
      0.04,
      0.12,
      0.08,
      0.16,
      0.04,
      0.08,
      0.08,
      0.08,
      0.12,
      0.12,
      0.08,
      0.16,
      0.12,
      0.08
    ],
    "episode_rewards": [
      10.7,
      9.6,
      14.0,
      7.4,
      9.6,
      10.7,
      19.5,
      11.8,
      9.6,
      9.6,
      12.9,
      8.5,
      10.7,
      6.3,
      11.8,
      7.4,
      9.6,
      11.8,
      10.7,
      10.7,
      7.4,
      11.8,
      9.6,
      8.5,
      11.8,
      7.4,
      16.2,
      15.1,
      14.0,
      10.7,
      15.1,
      15.1,
      12.9,
      9.6,
      11.8,
      9.6,
      7.4,
      10.7,
      14.0,
      17.3,
      8.5,
      12.9,
      12.9,
      9.6,
      7.4,
      10.7,
      9.6,
      12.9,
      12.9,
      11.8,
      9.6,
      11.8,
      9.6,
      6.3,
      9.6,
      12.9,
      10.7,
      9.6,
      14.0,
      9.6,
      11.8,
      9.6,
      10.7,
      9.6,
      11.8,
      10.7,
      14.0,
      9.6,
      10.7,
      10.7,
      11.8,
      8.5,
      9.6,
      11.8,
      7.4,
      11.8,
      11.8,
      10.7,
      8.5,
      11.8,
      11.8,
      14.0,
      9.6,
      12.9,
      10.7,
      14.0,
      7.4,
      12.9,
      9.6,
      12.9,
      12.9,
      8.5,
      9.6,
      8.5,
      11.8,
      10.7,
      14.0,
      10.7,
      10.7,
      10.7,
      10.7,
      12.9,
      15.1,
      9.6,
      12.9,
      10.7,
      10.7,
      14.0,
      11.8,
      8.5,
      14.0,
      10.7,
      8.5,
      11.8,
      11.8,
      12.9,
      12.9,
      10.7,
      7.4,
      14.0,
      10.7,
      10.7,
      8.5,
      9.6,
      12.9,
      11.8,
      10.7,
      11.8,
      12.9,
      7.4,
      8.5,
      12.9,
      8.5,
      6.3,
      11.8,
      12.9,
      6.3,
      11.8,
      9.6,
      11.8,
      12.9,
      11.8,
      11.8,
      12.9,
      12.9,
      12.9,
      11.8,
      9.6,
      12.9,
      9.6,
      15.1,
      10.7,
      14.0,
      6.3,
      10.7,
      12.9,
      7.4,
      14.0,
      8.5,
      9.6,
      11.8,
      10.7,
      12.9,
      8.5,
      9.6,
      10.7,
      14.0,
      11.8,
      14.0,
      14.0
    ],