{
  "strategy": "q_learning_tabular",
  "run_id": 3,
  "seed": 789,
  "episodes": 170,
  "queries_per_episode": 25,
  "total_time": 1.336787223815918,
  "metrics": {
    "task_completion_rate": {
      "mean": 0.504235294117647,
      "std": 0.08571329048688987,
      "final": 0.56,
      "improvement": 0.0
    },
    "tool_selection_accuracy": {
      "mean": 0.11223529411764707,
      "std": 0.046788044490729,
      "final": 0.08
    },
    "average_reward": {
      "mean": 11.366470588235293,
      "std": 2.3571154883894714,
      "cumulative": 1932.3
    },
    "execution_time": {
      "mean": 0.000308556781095617,
      "std": 6.434057606110089e-05,
      "p95": 0.00045740604400634744
    },
    "convergence": {
      "episodes_to_stable": 170,
      "final_variance": 0.006412000000000001
    }
  },
  "time_series": {
    "completion_rates": [
      0.56,
      0.56,
      0.64,
      0.48,
      0.64,
      0.44,
      0.48,
      0.44,
      0.48,
      0.56,
      0.52,
      0.44,
      0.32,
      0.44,
      0.48,
      0.52,
      0.32,
      0.36,
      0.44,
      0.6,
      0.44,
      0.52,
      0.52,
      0.64,
      0.6,
      0.56,
      0.76,
      0.56,
      0.44,
      0.52,
      0.32,
      0.52,
      0.56,
      0.52,
      0.44,
      0.48,
      0.48,
      0.48,
      0.64,
      0.56,
      0.48,
      0.52,
      0.48,
      0.52,
      0.36,
      0.44,
      0.64,
      0.8,
      0.48,
      0.6,
      0.44,
      0.44,
      0.52,
      0.56,
      0.64,
      0.52,
      0.52,
      0.48,
      0.56,
      0.36,
      0.56,
      0.52,
      0.56,
      0.68,
      0.36,
      0.52,
      0.56,
      0.48,
      0.48,
      0.56,
      0.56,
      0.6,
      0.48,
      0.48,
      0.52,
      0.44,
      0.36,
      0.44,
      0.48,
      0.52,
      0.4,
      0.4,
      0.56,
      0.56,
      0.52,
      0.64,
      0.52,
      0.56,
      0.4,
      0.56,
      0.52,
      0.48,
      0.32,
      0.52,
      0.4,
      0.52,
      0.48,
      0.44,
      0.56,
      0.6,
      0.56,
      0.56,
      0.52,
      0.44,
      0.48,
      0.6,
      0.56,
      0.44,
      0.6,
      0.48,
      0.32,
      0.44,
      0.52,
      0.52,
      0.52,
      0.52,
      0.64,
      0.32,
      0.4,
      0.32,
      0.6,
      0.68,
      0.32,
      0.48,
      0.52,
      0.52,
      0.44,
      0.52,
      0.4,
      0.48,
      0.44,
      0.52,
      0.48,
      0.52,
      0.52,
      0.48,
      0.44,
      0.56,
      0.64,
      0.52,
      0.56,
      0.32,
      0.52,
      0.6,
      0.52,
      0.48,
      0.36,
      0.48,
      0.52,
      0.56,
      0.44,
      0.48,
      0.56,
      0.52,
      0.32,
      0.48,
      0.52,
      0.6,
      0.6,
      0.48,
      0.64,
      0.44,
      0.52,
      0.44,
      0.48,
      0.56,
      0.48,
      0.48,
      0.6,
      0.56
    ],
    "tool_accuracies": [
      0.16,
      0.12,
      0.16,
      0.12,
      0.2,
      0.16,
      0.12,
      0.08,
      0.08,
      0.12,
      0.16,
      0.08,
      0.04,
      0.08,
      0.08,
      0.08,
      0.04,
      0.08,
      0.04,
      0.16,
      0.04,
      0.16,
      0.16,
      0.2,
      0.16,
      0.12,
      0.12,
      0.16,
      0.04,
      0.08,
      0.04,
      0.12,
      0.2,
      0.08,
      0.08,
      0.12,
      0.08,
      0.08,
      0.08,
      0.08,
      0.16,
      0.12,
      0.12,
      0.12,
      0.04,
      0.04,
      0.16,
      0.16,
      0.16,
      0.12,
      0.2,
      0.12,
      0.08,
      0.12,
      0.08,
      0.24,
      0.16,
      0.12,
      0.12,
      0.08,
      0.12,
      0.08,
      0.12,
      0.16,
      0.12,
      0.08,
      0.08,
      0.04,
      0.12,
      0.12,
      0.12,
      0.12,
      0.04,
      0.08,
      0.12,
      0.16,
      0.12,
      0.08,
      0.04,
      0.12,
      0.12,
      0.12,
      0.2,
      0.12,
      0.12,
      0.12,
      0.16,
      0.08,
      0.12,
      0.16,
      0.16,
      0.12,
      0.08,
      0.12,
      0.12,
      0.04,
      0.16,
      0.2,
      0.2,
      0.04,
      0.12,
      0.16,
      0.04,
      0.12,
      0.16,
      0.2,
      0.16,
      0.16,
      0.08,
      0.08,
      0.08,
      0.04,
      0.16,
      0.16,
      0.08,
      0.12,
      0.08,
      0.08,
      0.12,
      0.04,
      0.2,
      0.04,
      0.04,
      0.16,
      0.16,
      0.04,
      0.04,
      0.12,
      0.08,
      0.08,
      0.12,
      0.08,
      0.16,
      0.0,
      0.04,
      0.08,
      0.04,
      0.08,
      0.16,
      0.12,
      0.12,
      0.16,
      0.08,
      0.08,
      0.04,
      0.12,
      0.08,
      0.12,
      0.16,
      0.12,
      0.0,
      0.16,
      0.16,
      0.08,
      0.08,
      0.12,
      0.16,
      0.12,
      0.12,
      0.12,
      0.16,
      0.12,
      0.12,
      0.12,
      0.08,
      0.2,
      0.16,
      0.12,
      0.16,
      0.08
    ],
    "episode_rewards": [
      12.9,
      12.9,
      15.1,
      10.7,
      15.1,
      9.6,
      10.7,
      9.6,
      10.7,
      12.9,
      11.8,
      9.6,
      6.3,
      9.6,
      10.7,
      11.8,
      6.3,
      7.4,
      9.6,
      14.0,
      9.6,
      11.8,
      11.8,
      15.1,
      14.0,
      12.9,
      18.4,
      12.9,
      9.6,
      11.8,
      6.3,
      11.8,
      12.9,
      11.8,
      9.6,
      10.7,
      10.7,
      10.7,
      15.1,
      12.9,
      10.7,
      11.8,
      10.7,
      11.8,
      7.4,
      9.6,
      15.1,
      19.5,
      10.7,
      14.0,
      9.6,
      9.6,
      11.8,
      12.9,
      15.1,
      11.8,
      11.8,
      10.7,
      12.9,
      7.4,
      12.9,
      11.8,
      12.9,
      16.2,
      7.4,
      11.8,
      12.9,
      10.7,
      10.7,
      12.9,
      12.9,
      14.0,
      10.7,
      10.7,
      11.8,
      9.6,
      7.4,
      9.6,
      10.7,
      11.8,
      8.5,
      8.5,
      12.9,
      12.9,
      11.8,
      15.1,
      11.8,
      12.9,
      8.5,
      12.9,
      11.8,
      10.7,
      6.3,
      11.8,
      8.5,
      11.8,
      10.7,
      9.6,
      12.9,
      14.0,
      12.9,
      12.9,
      11.8,
      9.6,
      10.7,
      14.0,
      12.9,
      9.6,
      14.0,
      10.7,
      6.3,
      9.6,
      11.8,
      11.8,
      11.8,
      11.8,
      15.1,
      6.3,
      8.5,
      6.3,
      14.0,
      16.2,
      6.3,
      10.7,
      11.8,
      11.8,
      9.6,
      11.8,
      8.5,
      10.7,
      9.6,
      11.8,
      10.7,
      11.8,
      11.8,
      10.7,
      9.6,
      12.9,
      15.1,
      11.8,
      12.9,
      6.3,
      11.8,
      14.0,
      11.8,
      10.7,
      7.4,
      10.7,
      11.8,
      12.9,
      9.6,
      10.7,
      12.9,
      11.8,
      6.3,
      10.7,
      11.8,
      14.0,
      14.0,
      10.7,
      15.1,
      9.6,
      11.8,
      9.6,
      10.7,
      12.9,
      10.7,
      10.7,
      14.0,
      12.9
    ],