{
  "strategy": "q_learning_dqn",
  "run_id": 2,
  "seed": 456,
  "episodes": 170,
  "queries_per_episode": 25,
  "total_time": 4.885879993438721,
  "metrics": {
    "task_completion_rate": {
      "mean": 0.5103529411764706,
      "std": 0.09023429710316595,
      "final": 0.44,
      "improvement": 0.03999999999999998
    },
    "tool_selection_accuracy": {
      "mean": 0.11458823529411764,
      "std": 0.047910527915282955,
      "final": 0.12
    },
    "average_reward": {
      "mean": 11.534705882352942,
      "std": 2.4814431703370636,
      "cumulative": 1960.9
    },
    "execution_time": {
      "mean": 0.001141374812406652,
      "std": 0.00033246568287537544,
      "p95": 0.0017108883857727046
    },
    "convergence": {
      "episodes_to_stable": 170,
      "final_variance": 0.009036
    }
  },
  "time_series": {
    "completion_rates": [
      0.4,
      0.52,
      0.56,
      0.52,
      0.4,
      0.6,
      0.32,
      0.56,
      0.44,
      0.52,
      0.52,
      0.56,
      0.52,
      0.64,
      0.48,
      0.52,
      0.48,
      0.48,
      0.64,
      0.64,
      0.48,
      0.52,
      0.44,
      0.52,
      0.44,
      0.6,
      0.56,
      0.4,
      0.4,
      0.6,
      0.52,
      0.32,
      0.6,
      0.64,
      0.44,
      0.68,
      0.48,
      0.64,
      0.44,
      0.48,
      0.64,
      0.6,
      0.56,
      0.48,
      0.52,
      0.44,
      0.52,
      0.48,
      0.56,
      0.56,
      0.48,
      0.36,
      0.56,
      0.48,
      0.4,
      0.64,
      0.6,
      0.44,
      0.6,
      0.52,
      0.56,
      0.52,
      0.52,
      0.64,
      0.52,
      0.4,
      0.4,
      0.6,
      0.56,
      0.48,
      0.56,
      0.44,
      0.4,
      0.56,
      0.48,
      0.36,
      0.44,
      0.48,
      0.64,
      0.48,
      0.52,
      0.56,
      0.56,
      0.6,
      0.52,
      0.4,
      0.52,
      0.6,
      0.32,
      0.52,
      0.72,
      0.56,
      0.6,
      0.48,
      0.52,
      0.52,
      0.52,
      0.4,
      0.52,
      0.36,
      0.52,
      0.28,
      0.52,
      0.6,
      0.56,
      0.44,
      0.56,
      0.4,
      0.36,
      0.64,
      0.64,
      0.44,
      0.6,
      0.48,
      0.52,
      0.56,
      0.6,
      0.52,
      0.64,
      0.52,
      0.48,
      0.56,
      0.48,
      0.68,
      0.36,
      0.36,
      0.36,
      0.48,
      0.52,
      0.32,
      0.52,
      0.56,
      0.56,
      0.4,
      0.44,
      0.36,
      0.68,
      0.52,
      0.64,
      0.68,
      0.4,
      0.4,
      0.48,
      0.44,
      0.52,
      0.36,
      0.56,
      0.4,
      0.48,
      0.64,
      0.52,
      0.6,
      0.44,
      0.52,
      0.48,
      0.48,
      0.44,
      0.64,
      0.56,
      0.56,
      0.44,
      0.56,
      0.56,
      0.36,
      0.64,
      0.56,
      0.56,
      0.36,
      0.68,
      0.44
    ],
    "tool_accuracies": [
      0.12,
      0.12,
      0.2,
      0.12,
      0.08,
      0.12,
      0.08,
      0.16,
      0.08,
      0.12,
      0.12,
      0.08,
      0.08,
      0.16,
      0.04,
      0.12,
      0.16,
      0.12,
      0.12,
      0.12,
      0.16,
      0.16,
      0.12,
      0.12,
      0.2,
      0.08,
      0.2,
      0.08,
      0.08,
      0.12,
      0.12,
      0.04,
      0.12,
      0.24,
      0.04,
      0.16,
      0.12,
      0.16,
      0.0,
      0.08,
      0.08,
      0.16,
      0.16,
      0.04,
      0.12,
      0.12,
      0.08,
      0.12,
      0.08,
      0.16,
      0.12,
      0.16,
      0.16,
      0.12,
      0.08,
      0.16,
      0.16,
      0.12,
      0.12,
      0.12,
      0.12,
      0.04,
      0.12,
      0.12,
      0.08,
      0.0,
      0.04,
      0.16,
      0.12,
      0.08,
      0.2,
      0.0,
      0.04,
      0.08,
      0.08,
      0.12,
      0.12,
      0.12,
      0.16,
      0.12,
      0.2,
      0.12,
      0.16,
      0.16,
      0.08,
      0.08,
      0.08,
      0.2,
      0.12,
      0.04,
      0.12,
      0.2,
      0.12,
      0.12,
      0.12,
      0.2,
      0.16,
      0.08,
      0.08,
      0.08,
      0.12,
      0.12,
      0.12,
      0.08,
      0.12,
      0.16,
      0.2,
      0.04,
      0.08,
      0.16,
      0.16,
      0.16,
      0.08,
      0.12,
      0.16,
      0.12,
      0.16,
      0.04,
      0.12,
      0.16,
      0.12,
      0.2,
      0.16,
      0.12,
      0.04,
      0.16,
      0.12,
      0.16,
      0.16,
      0.0,
      0.16,
      0.16,
      0.12,
      0.08,
      0.12,
      0.08,
      0.16,
      0.16,
      0.12,
      0.12,
      0.0,
      0.12,
      0.12,
      0.08,
      0.04,
      0.04,
      0.16,
      0.08,
      0.08,
      0.08,
      0.04,
      0.2,
      0.12,
      0.04,
      0.04,
      0.16,
      0.04,
      0.08,
      0.08,
      0.12,
      0.08,
      0.08,
      0.12,
      0.04,
      0.16,
      0.12,
      0.2,
      0.12,
      0.12,
      0.12
    ],
    "episode_rewards": [
      8.5,
      11.8,
      12.9,
      11.8,
      8.5,
      14.0,
      6.3,
      12.9,
      9.6,
      11.8,
      11.8,
      12.9,
      11.8,
      15.1,
      10.7,
      11.8,
      10.7,
      10.7,
      15.1,
      15.1,
      10.7,
      11.8,
      9.6,
      11.8,
      9.6,
      14.0,
      12.9,
      8.5,
      8.5,
      14.0,
      11.8,
      6.3,
      14.0,
      15.1,
      9.6,
      16.2,
      10.7,
      15.1,
      9.6,
      10.7,
      15.1,
      14.0,
      12.9,
      10.7,
      11.8,
      9.6,
      11.8,
      10.7,
      12.9,
      12.9,
      10.7,
      7.4,
      12.9,
      10.7,
      8.5,
      15.1,
      14.0,
      9.6,
      14.0,
      11.8,
      12.9,
      11.8,
      11.8,
      15.1,
      11.8,
      8.5,
      8.5,
      14.0,
      12.9,
      10.7,
      12.9,
      9.6,
      8.5,
      12.9,
      10.7,
      7.4,
      9.6,
      10.7,
      15.1,
      10.7,
      11.8,
      12.9,
      12.9,
      14.0,
      11.8,
      8.5,
      11.8,
      14.0,
      6.3,
      11.8,
      17.3,
      12.9,
      14.0,
      10.7,
      11.8,
      11.8,
      11.8,
      8.5,
      11.8,
      7.4,
      11.8,
      5.2,
      11.8,
      14.0,
      12.9,
      9.6,
      12.9,
      8.5,
      7.4,
      15.1,
      15.1,
      9.6,
      14.0,
      10.7,
      11.8,
      12.9,
      14.0,
      11.8,
      15.1,
      11.8,
      10.7,
      12.9,
      10.7,
      16.2,
      7.4,
      7.4,
      7.4,
      10.7,
      11.8,
      6.3,
      11.8,
      12.9,
      12.9,
      8.5,
      9.6,
      7.4,
      16.2,
      11.8,
      15.1,
      16.2,
      8.5,
      8.5,
      10.7,
      9.6,
      11.8,
      7.4,
      12.9,
      8.5,
      10.7,
      15.1,
      11.8,
      14.0,
      9.6,
      11.8,
      10.7,
      10.7,
      9.6,
      15.1,
      12.9,
      12.9,
      9.6,
      12.9,
      12.9,
      7.4,
      15.1,
      12.9,
      12.9,
      7.4,
      16.2,
      9.6
    ],