{
  "strategy": "q_learning_tabular",
  "run_id": 4,
  "seed": 999,
  "episodes": 170,
  "queries_per_episode": 25,
  "total_time": 1.2299325466156006,
  "metrics": {
    "task_completion_rate": {
      "mean": 0.4988235294117648,
      "std": 0.08635646731060033,
      "final": 0.6,
      "improvement": 0.24
    },
    "tool_selection_accuracy": {
      "mean": 0.11082352941176472,
      "std": 0.04753232373141417,
      "final": 0.08
    },
    "average_reward": {
      "mean": 11.217647058823529,
      "std": 2.3748028510415087,
      "cumulative": 1907.0
    },
    "execution_time": {
      "mean": 0.00028389481937184054,
      "std": 7.400618503229754e-05,
      "p95": 0.00045302248001098596
    },
    "convergence": {
      "episodes_to_stable": 170,
      "final_variance": 0.007683840000000001
    }
  },
  "time_series": {
    "completion_rates": [
      0.36,
      0.32,
      0.56,
      0.48,
      0.48,
      0.56,
      0.44,
      0.36,
      0.52,
      0.6,
      0.52,
      0.52,
      0.4,
      0.64,
      0.52,
      0.48,
      0.4,
      0.64,
      0.48,
      0.44,
      0.48,
      0.56,
      0.4,
      0.48,
      0.56,
      0.4,
      0.44,
      0.56,
      0.48,
      0.52,
      0.44,
      0.56,
      0.56,
      0.56,
      0.48,
      0.56,
      0.4,
      0.48,
      0.56,
      0.32,
      0.4,
      0.6,
      0.52,
      0.4,
      0.4,
      0.32,
      0.52,
      0.56,
      0.44,
      0.36,
      0.32,
      0.4,
      0.44,
      0.36,
      0.56,
      0.64,
      0.36,
      0.56,
      0.44,
      0.48,
      0.52,
      0.44,
      0.56,
      0.52,
      0.52,
      0.48,
      0.52,
      0.56,
      0.52,
      0.52,
      0.44,
      0.56,
      0.52,
      0.56,
      0.48,
      0.64,
      0.64,
      0.56,
      0.64,
      0.56,
      0.48,
      0.44,
      0.64,
      0.44,
      0.4,
      0.44,
      0.56,
      0.56,
      0.56,
      0.68,
      0.6,
      0.56,
      0.4,
      0.64,
      0.6,
      0.52,
      0.6,
      0.44,
      0.52,
      0.56,
      0.56,
      0.48,
      0.56,
      0.52,
      0.68,
      0.56,
      0.4,
      0.56,
      0.52,
      0.4,
      0.44,
      0.36,
      0.52,
      0.56,
      0.6,
      0.36,
      0.56,
      0.52,
      0.56,
      0.4,
      0.4,
      0.44,
      0.48,
      0.56,
      0.56,
      0.44,
      0.36,
      0.52,
      0.6,
      0.52,
      0.52,
      0.44,
      0.44,
      0.44,
      0.36,
      0.44,
      0.48,
      0.52,
      0.52,
      0.6,
      0.48,
      0.6,
      0.48,
      0.36,
      0.68,
      0.6,
      0.48,
      0.68,
      0.68,
      0.72,
      0.36,
      0.52,
      0.48,
      0.48,
      0.44,
      0.52,
      0.44,
      0.48,
      0.4,
      0.4,
      0.36,
      0.36,
      0.4,
      0.52,
      0.48,
      0.52,
      0.44,
      0.56,
      0.52,
      0.6
    ],
    "tool_accuracies": [
      0.04,
      0.04,
      0.16,
      0.08,
      0.04,
      0.12,
      0.12,
      0.04,
      0.08,
      0.16,
      0.16,
      0.12,
      0.04,
      0.16,
      0.08,
      0.08,
      0.12,
      0.2,
      0.16,
      0.2,
      0.04,
      0.12,
      0.08,
      0.04,
      0.16,
      0.16,
      0.12,
      0.12,
      0.12,
      0.08,
      0.16,
      0.08,
      0.16,
      0.12,
      0.12,
      0.12,
      0.04,
      0.12,
      0.16,
      0.08,
      0.04,
      0.16,
      0.08,
      0.04,
      0.08,
      0.08,
      0.12,
      0.24,
      0.12,
      0.12,
      0.04,
      0.08,
      0.16,
      0.12,
      0.12,
      0.16,
      0.12,
      0.12,
      0.04,
      0.12,
      0.12,
      0.12,
      0.04,
      0.08,
      0.12,
      0.08,
      0.08,
      0.04,
      0.12,
      0.12,
      0.08,
      0.12,
      0.12,
      0.08,
      0.16,
      0.08,
      0.16,
      0.08,
      0.16,
      0.08,
      0.12,
      0.08,
      0.16,
      0.08,
      0.04,
      0.08,
      0.2,
      0.16,
      0.12,
      0.12,
      0.2,
      0.16,
      0.16,
      0.16,
      0.16,
      0.08,
      0.12,
      0.12,
      0.08,
      0.2,
      0.16,
      0.2,
      0.16,
      0.08,
      0.16,
      0.08,
      0.04,
      0.12,
      0.12,
      0.0,
      0.16,
      0.04,
      0.12,
      0.24,
      0.2,
      0.12,
      0.12,
      0.16,
      0.08,
      0.08,
      0.08,
      0.04,
      0.12,
      0.12,
      0.2,
      0.12,
      0.08,
      0.16,
      0.16,
      0.16,
      0.16,
      0.16,
      0.04,
      0.08,
      0.12,
      0.12,
      0.04,
      0.04,
      0.04,
      0.08,
      0.12,
      0.2,
      0.08,
      0.04,
      0.08,
      0.12,
      0.16,
      0.04,
      0.12,
      0.16,
      0.08,
      0.08,
      0.04,
      0.16,
      0.12,
      0.08,
      0.08,
      0.08,
      0.2,
      0.12,
      0.08,
      0.12,
      0.08,
      0.12,
      0.08,
      0.12,
      0.08,
      0.08,
      0.08,
      0.08
    ],
    "episode_rewards": [
      7.4,
      6.3,
      12.9,
      10.7,
      10.7,
      12.9,
      9.6,
      7.4,
      11.8,
      14.0,
      11.8,
      11.8,
      8.5,
      15.1,
      11.8,
      10.7,
      8.5,
      15.1,
      10.7,
      9.6,
      10.7,
      12.9,
      8.5,
      10.7,
      12.9,
      8.5,
      9.6,
      12.9,
      10.7,
      11.8,
      9.6,
      12.9,
      12.9,
      12.9,
      10.7,
      12.9,
      8.5,
      10.7,
      12.9,
      6.3,
      8.5,
      14.0,
      11.8,
      8.5,
      8.5,
      6.3,
      11.8,
      12.9,
      9.6,
      7.4,
      6.3,
      8.5,
      9.6,
      7.4,
      12.9,
      15.1,
      7.4,
      12.9,
      9.6,
      10.7,
      11.8,
      9.6,
      12.9,
      11.8,
      11.8,
      10.7,
      11.8,
      12.9,
      11.8,
      11.8,
      9.6,
      12.9,
      11.8,
      12.9,
      10.7,
      15.1,
      15.1,
      12.9,
      15.1,
      12.9,
      10.7,
      9.6,
      15.1,
      9.6,
      8.5,
      9.6,
      12.9,
      12.9,
      12.9,
      16.2,
      14.0,
      12.9,
      8.5,
      15.1,
      14.0,
      11.8,
      14.0,
      9.6,
      11.8,
      12.9,
      12.9,
      10.7,
      12.9,
      11.8,
      16.2,
      12.9,
      8.5,
      12.9,
      11.8,
      8.5,
      9.6,
      7.4,
      11.8,
      12.9,
      14.0,
      7.4,
      12.9,
      11.8,
      12.9,
      8.5,
      8.5,
      9.6,
      10.7,
      12.9,
      12.9,
      9.6,
      7.4,
      11.8,
      14.0,
      11.8,
      11.8,
      9.6,
      9.6,
      9.6,
      7.4,
      9.6,
      10.7,
      11.8,
      11.8,
      14.0,
      10.7,
      14.0,
      10.7,
      7.4,
      16.2,
      14.0,
      10.7,
      16.2,
      16.2,
      17.3,
      7.4,
      11.8,
      10.7,
      10.7,
      9.6,
      11.8,
      9.6,
      10.7,
      8.5,
      8.5,
      7.4,
      7.4,
      8.5,
      11.8,
      10.7,
      11.8,
      9.6,
      12.9,
      11.8,
      14.0
    ],