{
  "strategy": "q_learning_dqn",
  "run_id": 3,
  "seed": 789,
  "episodes": 170,
  "queries_per_episode": 25,
  "total_time": 4.8188982009887695,
  "metrics": {
    "task_completion_rate": {
      "mean": 0.49647058823529416,
      "std": 0.07995154241756751,
      "final": 0.52,
      "improvement": 0.0
    },
    "tool_selection_accuracy": {
      "mean": 0.1103529411764706,
      "std": 0.047834200386790184,
      "final": 0.08
    },
    "average_reward": {
      "mean": 11.152941176470588,
      "std": 2.1986674164831066,
      "cumulative": 1896.0
    },
    "execution_time": {
      "mean": 0.001124818521387437,
      "std": 0.00029648015437240836,
      "p95": 0.001618120193481445
    },
    "convergence": {
      "episodes_to_stable": 170,
      "final_variance": 0.004581760000000001
    }
  },
  "time_series": {
    "completion_rates": [
      0.52,
      0.44,
      0.6,
      0.36,
      0.48,
      0.64,
      0.32,
      0.48,
      0.52,
      0.4,
      0.48,
      0.6,
      0.6,
      0.68,
      0.64,
      0.6,
      0.52,
      0.48,
      0.48,
      0.44,
      0.52,
      0.4,
      0.32,
      0.56,
      0.36,
      0.44,
      0.52,
      0.32,
      0.6,
      0.36,
      0.48,
      0.6,
      0.52,
      0.6,
      0.44,
      0.48,
      0.56,
      0.6,
      0.48,
      0.28,
      0.44,
      0.6,
      0.56,
      0.6,
      0.48,
      0.52,
      0.52,
      0.4,
      0.6,
      0.6,
      0.44,
      0.36,
      0.36,
      0.52,
      0.36,
      0.32,
      0.48,
      0.48,
      0.64,
      0.64,
      0.56,
      0.56,
      0.44,
      0.48,
      0.52,
      0.48,
      0.4,
      0.52,
      0.6,
      0.52,
      0.44,
      0.36,
      0.56,
      0.52,
      0.48,
      0.56,
      0.52,
      0.44,
      0.52,
      0.4,
      0.56,
      0.56,
      0.4,
      0.52,
      0.56,
      0.48,
      0.56,
      0.44,
      0.44,
      0.56,
      0.48,
      0.52,
      0.52,
      0.6,
      0.4,
      0.36,
      0.52,
      0.56,
      0.6,
      0.48,
      0.56,
      0.44,
      0.6,
      0.48,
      0.56,
      0.48,
      0.48,
      0.48,
      0.52,
      0.48,
      0.52,
      0.4,
      0.56,
      0.48,
      0.6,
      0.36,
      0.48,
      0.52,
      0.4,
      0.56,
      0.6,
      0.56,
      0.48,
      0.56,
      0.52,
      0.48,
      0.6,
      0.52,
      0.32,
      0.4,
      0.52,
      0.56,
      0.52,
      0.44,
      0.48,
      0.48,
      0.44,
      0.48,
      0.4,
      0.52,
      0.44,
      0.4,
      0.4,
      0.56,
      0.6,
      0.48,
      0.48,
      0.56,
      0.4,
      0.44,
      0.4,
      0.52,
      0.48,
      0.64,
      0.48,
      0.44,
      0.4,
      0.56,
      0.6,
      0.56,
      0.48,
      0.48,
      0.48,
      0.4,
      0.56,
      0.56,
      0.48,
      0.52,
      0.6,
      0.52
    ],
    "tool_accuracies": [
      0.08,
      0.04,
      0.08,
      0.04,
      0.08,
      0.16,
      0.08,
      0.08,
      0.04,
      0.04,
      0.16,
      0.16,
      0.04,
      0.08,
      0.16,
      0.12,
      0.08,
      0.04,
      0.16,
      0.12,
      0.04,
      0.08,
      0.04,
      0.16,
      0.08,
      0.12,
      0.12,
      0.08,
      0.08,
      0.12,
      0.24,
      0.12,
      0.12,
      0.08,
      0.04,
      0.08,
      0.12,
      0.08,
      0.12,
      0.08,
      0.16,
      0.04,
      0.12,
      0.12,
      0.12,
      0.16,
      0.12,
      0.12,
      0.16,
      0.08,
      0.16,
      0.12,
      0.16,
      0.12,
      0.08,
      0.08,
      0.16,
      0.16,
      0.12,
      0.2,
      0.16,
      0.08,
      0.04,
      0.12,
      0.16,
      0.16,
      0.16,
      0.12,
      0.08,
      0.16,
      0.12,
      0.12,
      0.2,
      0.16,
      0.04,
      0.08,
      0.12,
      0.16,
      0.12,
      0.12,
      0.16,
      0.16,
      0.0,
      0.2,
      0.2,
      0.12,
      0.2,
      0.08,
      0.12,
      0.16,
      0.16,
      0.12,
      0.08,
      0.08,
      0.12,
      0.08,
      0.12,
      0.08,
      0.12,
      0.08,
      0.08,
      0.12,
      0.0,
      0.2,
      0.08,
      0.12,
      0.12,
      0.12,
      0.08,
      0.08,
      0.12,
      0.04,
      0.12,
      0.12,
      0.16,
      0.04,
      0.04,
      0.08,
      0.12,
      0.16,
      0.24,
      0.12,
      0.08,
      0.08,
      0.16,
      0.12,
      0.16,
      0.16,
      0.08,
      0.12,
      0.12,
      0.16,
      0.08,
      0.12,
      0.08,
      0.16,
      0.04,
      0.04,
      0.08,
      0.08,
      0.12,
      0.16,
      0.04,
      0.04,
      0.12,
      0.12,
      0.0,
      0.16,
      0.04,
      0.12,
      0.12,
      0.04,
      0.08,
      0.04,
      0.08,
      0.08,
      0.12,
      0.12,
      0.2,
      0.08,
      0.2,
      0.08,
      0.12,
      0.12,
      0.12,
      0.2,
      0.04,
      0.16,
      0.16,
      0.08
    ],
    "episode_rewards": [
      11.8,
      9.6,
      14.0,
      7.4,
      10.7,
      15.1,
      6.3,
      10.7,
      11.8,
      8.5,
      10.7,
      14.0,
      14.0,
      16.2,
      15.1,
      14.0,
      11.8,
      10.7,
      10.7,
      9.6,
      11.8,
      8.5,
      6.3,
      12.9,
      7.4,
      9.6,
      11.8,
      6.3,
      14.0,
      7.4,
      10.7,
      14.0,
      11.8,
      14.0,
      9.6,
      10.7,
      12.9,
      14.0,
      10.7,
      5.2,
      9.6,
      14.0,
      12.9,
      14.0,
      10.7,
      11.8,
      11.8,
      8.5,
      14.0,
      14.0,
      9.6,
      7.4,
      7.4,
      11.8,
      7.4,
      6.3,
      10.7,
      10.7,
      15.1,
      15.1,
      12.9,
      12.9,
      9.6,
      10.7,
      11.8,
      10.7,
      8.5,
      11.8,
      14.0,
      11.8,
      9.6,
      7.4,
      12.9,
      11.8,
      10.7,
      12.9,
      11.8,
      9.6,
      11.8,
      8.5,
      12.9,
      12.9,
      8.5,
      11.8,
      12.9,
      10.7,
      12.9,
      9.6,
      9.6,
      12.9,
      10.7,
      11.8,
      11.8,
      14.0,
      8.5,
      7.4,
      11.8,
      12.9,
      14.0,
      10.7,
      12.9,
      9.6,
      14.0,
      10.7,
      12.9,
      10.7,
      10.7,
      10.7,
      11.8,
      10.7,
      11.8,
      8.5,
      12.9,
      10.7,
      14.0,
      7.4,
      10.7,
      11.8,
      8.5,
      12.9,
      14.0,
      12.9,
      10.7,
      12.9,
      11.8,
      10.7,
      14.0,
      11.8,
      6.3,
      8.5,
      11.8,
      12.9,
      11.8,
      9.6,
      10.7,
      10.7,
      9.6,
      10.7,
      8.5,
      11.8,
      9.6,
      8.5,
      8.5,
      12.9,
      14.0,
      10.7,
      10.7,
      12.9,
      8.5,
      9.6,
      8.5,
      11.8,
      10.7,
      15.1,
      10.7,
      9.6,
      8.5,
      12.9,
      14.0,
      12.9,
      10.7,
      10.7,
      10.7,
      8.5,
      12.9,
      12.9,
      10.7,
      11.8,
      14.0,
      11.8
    ],