{
  "strategy": "q_learning_tabular",
  "run_id": 0,
  "seed": 42,
  "episodes": 170,
  "queries_per_episode": 25,
  "total_time": 1.0954766273498535,
  "metrics": {
    "task_completion_rate": {
      "mean": 0.5021176470588234,
      "std": 0.0810532739498725,
      "final": 0.6,
      "improvement": 0.07999999999999996
    },
    "tool_selection_accuracy": {
      "mean": 0.11199999999999999,
      "std": 0.04764575161605517,
      "final": 0.12
    },
    "average_reward": {
      "mean": 11.308235294117647,
      "std": 2.2289650336214937,
      "cumulative": 1922.4
    },
    "execution_time": {
      "mean": 0.0002526520560769474,
      "std": 8.9360221581736e-05,
      "p95": 0.00038248538970947255
    },
    "convergence": {
      "episodes_to_stable": 170,
      "final_variance": 0.00630784
    }
  },
  "time_series": {
    "completion_rates": [
      0.52,
      0.56,
      0.52,
      0.64,
      0.44,
      0.6,
      0.56,
      0.6,
      0.52,
      0.48,
      0.44,
      0.56,
      0.48,
      0.44,
      0.48,
      0.44,
      0.48,
      0.44,
      0.48,
      0.48,
      0.52,
      0.48,
      0.56,
      0.44,
      0.52,
      0.52,
      0.4,
      0.52,
      0.48,
      0.4,
      0.44,
      0.44,
      0.4,
      0.44,
      0.56,
      0.52,
      0.4,
      0.64,
      0.56,
      0.64,
      0.6,
      0.6,
      0.52,
      0.52,
      0.36,
      0.52,
      0.52,
      0.48,
      0.48,
      0.52,
      0.56,
      0.44,
      0.48,
      0.64,
      0.56,
      0.44,
      0.52,
      0.36,
      0.56,
      0.52,
      0.36,
      0.68,
      0.36,
      0.32,
      0.44,
      0.32,
      0.36,
      0.32,
      0.48,
      0.44,
      0.52,
      0.56,
      0.52,
      0.64,
      0.56,
      0.44,
      0.52,
      0.56,
      0.6,
      0.56,
      0.44,
      0.56,
      0.52,
      0.6,
      0.6,
      0.48,
      0.56,
      0.28,
      0.4,
      0.64,
      0.52,
      0.6,
      0.44,
      0.64,
      0.36,
      0.48,
      0.36,
      0.6,
      0.48,
      0.52,
      0.36,
      0.56,
      0.44,
      0.52,
      0.44,
      0.68,
      0.44,
      0.56,
      0.48,
      0.52,
      0.32,
      0.44,
      0.44,
      0.44,
      0.4,
      0.48,
      0.48,
      0.56,
      0.64,
      0.56,
      0.52,
      0.4,
      0.52,
      0.48,
      0.52,
      0.52,
      0.44,
      0.56,
      0.6,
      0.52,
      0.56,
      0.44,
      0.56,
      0.44,
      0.48,
      0.6,
      0.52,
      0.44,
      0.48,
      0.52,
      0.36,
      0.52,
      0.52,
      0.56,
      0.48,
      0.52,
      0.48,
      0.6,
      0.48,
      0.4,
      0.44,
      0.52,
      0.44,
      0.48,
      0.44,
      0.44,
      0.64,
      0.6,
      0.48,
      0.72,
      0.6,
      0.6,
      0.56,
      0.52,
      0.56,
      0.56,
      0.44,
      0.56,
      0.48,
      0.6
    ],
    "tool_accuracies": [
      0.08,
      0.12,
      0.08,
      0.2,
      0.08,
      0.2,
      0.16,
      0.12,
      0.16,
      0.08,
      0.08,
      0.16,
      0.2,
      0.08,
      0.16,
      0.04,
      0.04,
      0.04,
      0.08,
      0.08,
      0.12,
      0.12,
      0.16,
      0.16,
      0.08,
      0.12,
      0.12,
      0.12,
      0.16,
      0.12,
      0.08,
      0.04,
      0.16,
      0.12,
      0.08,
      0.12,
      0.04,
      0.16,
      0.16,
      0.2,
      0.2,
      0.12,
      0.2,
      0.12,
      0.08,
      0.08,
      0.12,
      0.2,
      0.12,
      0.12,
      0.12,
      0.12,
      0.08,
      0.12,
      0.24,
      0.16,
      0.08,
      0.0,
      0.16,
      0.04,
      0.04,
      0.12,
      0.08,
      0.04,
      0.04,
      0.08,
      0.08,
      0.16,
      0.2,
      0.0,
      0.12,
      0.2,
      0.12,
      0.12,
      0.08,
      0.16,
      0.16,
      0.12,
      0.08,
      0.04,
      0.16,
      0.16,
      0.12,
      0.12,
      0.08,
      0.12,
      0.08,
      0.04,
      0.12,
      0.12,
      0.16,
      0.16,
      0.16,
      0.12,
      0.0,
      0.08,
      0.08,
      0.08,
      0.08,
      0.08,
      0.04,
      0.08,
      0.12,
      0.16,
      0.12,
      0.16,
      0.16,
      0.16,
      0.16,
      0.04,
      0.08,
      0.16,
      0.16,
      0.04,
      0.12,
      0.04,
      0.12,
      0.04,
      0.16,
      0.16,
      0.12,
      0.12,
      0.12,
      0.12,
      0.12,
      0.16,
      0.12,
      0.12,
      0.04,
      0.08,
      0.12,
      0.12,
      0.16,
      0.0,
      0.12,
      0.16,
      0.12,
      0.08,
      0.08,
      0.16,
      0.16,
      0.08,
      0.08,
      0.04,
      0.12,
      0.04,
      0.12,
      0.16,
      0.08,
      0.12,
      0.16,
      0.08,
      0.04,
      0.12,
      0.04,
      0.08,
      0.12,
      0.12,
      0.12,
      0.16,
      0.08,
      0.08,
      0.12,
      0.12,
      0.2,
      0.12,
      0.08,
      0.08,
      0.16,
      0.12
    ],
    "episode_rewards": [
      11.8,
      12.9,
      11.8,
      15.1,
      9.6,
      14.0,
      12.9,
      14.0,
      11.8,
      10.7,
      9.6,
      12.9,
      10.7,
      9.6,
      10.7,
      9.6,
      10.7,
      9.6,
      10.7,
      10.7,
      11.8,
      10.7,
      12.9,
      9.6,
      11.8,
      11.8,
      8.5,
      11.8,
      10.7,
      8.5,
      9.6,
      9.6,
      8.5,
      9.6,
      12.9,
      11.8,
      8.5,
      15.1,
      12.9,
      15.1,
      14.0,
      14.0,
      11.8,
      11.8,
      7.4,
      11.8,
      11.8,
      10.7,
      10.7,
      11.8,
      12.9,
      9.6,
      10.7,
      15.1,
      12.9,
      9.6,
      11.8,
      7.4,
      12.9,
      11.8,
      7.4,
      16.2,
      7.4,
      6.3,
      9.6,
      6.3,
      7.4,
      6.3,
      10.7,
      9.6,
      11.8,
      12.9,
      11.8,
      15.1,
      12.9,
      9.6,
      11.8,
      12.9,
      14.0,
      12.9,
      9.6,
      12.9,
      11.8,
      14.0,
      14.0,
      10.7,
      12.9,
      5.2,
      8.5,
      15.1,
      11.8,
      14.0,
      9.6,
      15.1,
      7.4,
      10.7,
      7.4,
      14.0,
      10.7,
      11.8,
      7.4,
      12.9,
      9.6,
      11.8,
      9.6,
      16.2,
      9.6,
      12.9,
      10.7,
      11.8,
      6.3,
      9.6,
      9.6,
      9.6,
      8.5,
      10.7,
      10.7,
      12.9,
      15.1,
      12.9,
      11.8,
      8.5,
      11.8,
      10.7,
      11.8,
      11.8,
      9.6,
      12.9,
      14.0,
      11.8,
      12.9,
      9.6,
      12.9,
      9.6,
      10.7,
      14.0,
      11.8,
      9.6,
      10.7,
      11.8,
      7.4,
      11.8,
      11.8,
      12.9,
      10.7,
      11.8,
      10.7,
      14.0,
      10.7,
      8.5,
      9.6,
      11.8,
      9.6,
      10.7,
      9.6,
      9.6,
      15.1,
      14.0,
      10.7,
      17.3,
      14.0,
      14.0,
      12.9,
      11.8,
      12.9,
      12.9,
      9.6,
      12.9,
      10.7,
      14.0
    ],