{
  "strategy": "q_learning_dqn",
  "run_id": 4,
  "seed": 999,
  "episodes": 170,
  "queries_per_episode": 25,
  "total_time": 4.639491558074951,
  "metrics": {
    "task_completion_rate": {
      "mean": 0.5129411764705883,
      "std": 0.08315575080975196,
      "final": 0.68,
      "improvement": 0.16000000000000003
    },
    "tool_selection_accuracy": {
      "mean": 0.11317647058823531,
      "std": 0.04530190918469714,
      "final": 0.16
    },
    "average_reward": {
      "mean": 11.605882352941176,
      "std": 2.286783147268179,
      "cumulative": 1973.0
    },
    "execution_time": {
      "mean": 0.0010832729339599607,
      "std": 0.00028186448798903747,
      "p95": 0.0015489211082458495
    },
    "convergence": {
      "episodes_to_stable": 170,
      "final_variance": 0.008076000000000002
    }
  },
  "time_series": {
    "completion_rates": [
      0.52,
      0.48,
      0.6,
      0.52,
      0.52,
      0.44,
      0.44,
      0.44,
      0.48,
      0.52,
      0.56,
      0.56,
      0.6,
      0.52,
      0.4,
      0.44,
      0.6,
      0.52,
      0.44,
      0.48,
      0.36,
      0.52,
      0.56,
      0.48,
      0.4,
      0.52,
      0.52,
      0.56,
      0.44,
      0.4,
      0.56,
      0.64,
      0.4,
      0.56,
      0.6,
      0.4,
      0.52,
      0.6,
      0.52,
      0.52,
      0.4,
      0.56,
      0.64,
      0.44,
      0.52,
      0.6,
      0.48,
      0.6,
      0.64,
      0.6,
      0.52,
      0.52,
      0.52,
      0.6,
      0.52,
      0.32,
      0.6,
      0.44,
      0.48,
      0.56,
      0.56,
      0.56,
      0.44,
      0.44,
      0.52,
      0.56,
      0.4,
      0.6,
      0.52,
      0.48,
      0.64,
      0.48,
      0.48,
      0.64,
      0.36,
      0.6,
      0.6,
      0.48,
      0.52,
      0.52,
      0.52,
      0.56,
      0.48,
      0.6,
      0.4,
      0.56,
      0.4,
      0.4,
      0.4,
      0.44,
      0.4,
      0.64,
      0.56,
      0.64,
      0.52,
      0.44,
      0.44,
      0.52,
      0.48,
      0.48,
      0.48,
      0.6,
      0.44,
      0.44,
      0.44,
      0.48,
      0.56,
      0.52,
      0.52,
      0.76,
      0.56,
      0.36,
      0.36,
      0.36,
      0.48,
      0.36,
      0.44,
      0.52,
      0.56,
      0.44,
      0.44,
      0.64,
      0.48,
      0.52,
      0.56,
      0.48,
      0.44,
      0.56,
      0.56,
      0.64,
      0.48,
      0.64,
      0.56,
      0.6,
      0.48,
      0.56,
      0.56,
      0.36,
      0.44,
      0.76,
      0.48,
      0.44,
      0.72,
      0.6,
      0.48,
      0.48,
      0.56,
      0.6,
      0.6,
      0.48,
      0.64,
      0.48,
      0.48,
      0.4,
      0.4,
      0.44,
      0.56,
      0.4,
      0.6,
      0.44,
      0.44,
      0.64,
      0.44,
      0.56,
      0.56,
      0.48,
      0.52,
      0.64,
      0.52,
      0.68
    ],
    "tool_accuracies": [
      0.08,
      0.12,
      0.16,
      0.04,
      0.08,
      0.16,
      0.08,
      0.08,
      0.12,
      0.2,
      0.16,
      0.08,
      0.12,
      0.12,
      0.04,
      0.08,
      0.12,
      0.12,
      0.04,
      0.04,
      0.16,
      0.08,
      0.08,
      0.16,
      0.04,
      0.12,
      0.12,
      0.16,
      0.12,
      0.08,
      0.12,
      0.12,
      0.08,
      0.12,
      0.2,
      0.12,
      0.12,
      0.12,
      0.04,
      0.2,
      0.08,
      0.16,
      0.08,
      0.12,
      0.12,
      0.16,
      0.12,
      0.2,
      0.12,
      0.04,
      0.12,
      0.04,
      0.12,
      0.04,
      0.12,
      0.08,
      0.2,
      0.12,
      0.12,
      0.12,
      0.16,
      0.12,
      0.2,
      0.08,
      0.08,
      0.08,
      0.08,
      0.08,
      0.12,
      0.08,
      0.16,
      0.2,
      0.12,
      0.16,
      0.16,
      0.12,
      0.2,
      0.16,
      0.2,
      0.0,
      0.16,
      0.12,
      0.12,
      0.12,
      0.12,
      0.0,
      0.08,
      0.08,
      0.04,
      0.12,
      0.08,
      0.2,
      0.12,
      0.16,
      0.08,
      0.08,
      0.08,
      0.04,
      0.12,
      0.08,
      0.04,
      0.2,
      0.12,
      0.12,
      0.16,
      0.12,
      0.12,
      0.12,
      0.12,
      0.12,
      0.12,
      0.08,
      0.12,
      0.12,
      0.16,
      0.08,
      0.12,
      0.08,
      0.12,
      0.08,
      0.12,
      0.08,
      0.04,
      0.16,
      0.08,
      0.24,
      0.08,
      0.12,
      0.12,
      0.2,
      0.16,
      0.16,
      0.12,
      0.12,
      0.2,
      0.16,
      0.2,
      0.04,
      0.08,
      0.08,
      0.04,
      0.08,
      0.12,
      0.04,
      0.08,
      0.04,
      0.12,
      0.12,
      0.08,
      0.12,
      0.16,
      0.12,
      0.12,
      0.12,
      0.12,
      0.12,
      0.08,
      0.08,
      0.16,
      0.12,
      0.12,
      0.12,
      0.08,
      0.12,
      0.08,
      0.12,
      0.04,
      0.16,
      0.08,
      0.16
    ],
    "episode_rewards": [
      11.8,
      10.7,
      14.0,
      11.8,
      11.8,
      9.6,
      9.6,
      9.6,
      10.7,
      11.8,
      12.9,
      12.9,
      14.0,
      11.8,
      8.5,
      9.6,
      14.0,
      11.8,
      9.6,
      10.7,
      7.4,
      11.8,
      12.9,
      10.7,
      8.5,
      11.8,
      11.8,
      12.9,
      9.6,
      8.5,
      12.9,
      15.1,
      8.5,
      12.9,
      14.0,
      8.5,
      11.8,
      14.0,
      11.8,
      11.8,
      8.5,
      12.9,
      15.1,
      9.6,
      11.8,
      14.0,
      10.7,
      14.0,
      15.1,
      14.0,
      11.8,
      11.8,
      11.8,
      14.0,
      11.8,
      6.3,
      14.0,
      9.6,
      10.7,
      12.9,
      12.9,
      12.9,
      9.6,
      9.6,
      11.8,
      12.9,
      8.5,
      14.0,
      11.8,
      10.7,
      15.1,
      10.7,
      10.7,
      15.1,
      7.4,
      14.0,
      14.0,
      10.7,
      11.8,
      11.8,
      11.8,
      12.9,
      10.7,
      14.0,
      8.5,
      12.9,
      8.5,
      8.5,
      8.5,
      9.6,
      8.5,
      15.1,
      12.9,
      15.1,
      11.8,
      9.6,
      9.6,
      11.8,
      10.7,
      10.7,
      10.7,
      14.0,
      9.6,
      9.6,
      9.6,
      10.7,
      12.9,
      11.8,
      11.8,
      18.4,
      12.9,
      7.4,
      7.4,
      7.4,
      10.7,
      7.4,
      9.6,
      11.8,
      12.9,
      9.6,
      9.6,
      15.1,
      10.7,
      11.8,
      12.9,
      10.7,
      9.6,
      12.9,
      12.9,
      15.1,
      10.7,
      15.1,
      12.9,
      14.0,
      10.7,
      12.9,
      12.9,
      7.4,
      9.6,
      18.4,
      10.7,
      9.6,
      17.3,
      14.0,
      10.7,
      10.7,
      12.9,
      14.0,
      14.0,
      10.7,
      15.1,
      10.7,
      10.7,
      8.5,
      8.5,
      9.6,
      12.9,
      8.5,
      14.0,
      9.6,
      9.6,
      15.1,
      9.6,
      12.9,
      12.9,
      10.7,
      11.8,
      15.1,
      11.8,
      16.2
    ],