{
  "strategy": "q_learning_dqn",
  "run_id": 0,
  "seed": 42,
  "episodes": 170,
  "queries_per_episode": 25,
  "total_time": 4.618467807769775,
  "metrics": {
    "task_completion_rate": {
      "mean": 0.4985882352941178,
      "std": 0.0879726286466618,
      "final": 0.6,
      "improvement": 0.15999999999999998
    },
    "tool_selection_accuracy": {
      "mean": 0.11035294117647057,
      "std": 0.04880807693100008,
      "final": 0.12
    },
    "average_reward": {
      "mean": 11.211176470588235,
      "std": 2.4192472877832,
      "cumulative": 1905.9
    },
    "execution_time": {
      "mean": 0.0010786309522740982,
      "std": 0.0002817861721319846,
      "p95": 0.0016075558662414547
    },
    "convergence": {
      "episodes_to_stable": 170,
      "final_variance": 0.006563040000000001
    }
  },
  "time_series": {
    "completion_rates": [
      0.44,
      0.48,
      0.52,
      0.48,
      0.48,
      0.4,
      0.44,
      0.48,
      0.28,
      0.68,
      0.4,
      0.32,
      0.4,
      0.36,
      0.56,
      0.52,
      0.44,
      0.48,
      0.52,
      0.64,
      0.48,
      0.64,
      0.52,
      0.4,
      0.56,
      0.4,
      0.6,
      0.56,
      0.48,
      0.64,
      0.56,
      0.48,
      0.56,
      0.48,
      0.52,
      0.48,
      0.6,
      0.48,
      0.52,
      0.56,
      0.36,
      0.72,
      0.4,
      0.52,
      0.4,
      0.64,
      0.6,
      0.48,
      0.64,
      0.4,
      0.52,
      0.6,
      0.56,
      0.48,
      0.48,
      0.4,
      0.68,
      0.4,
      0.64,
      0.4,
      0.32,
      0.6,
      0.32,
      0.48,
      0.48,
      0.68,
      0.56,
      0.52,
      0.52,
      0.48,
      0.6,
      0.52,
      0.36,
      0.52,
      0.4,
      0.56,
      0.52,
      0.44,
      0.4,
      0.56,
      0.52,
      0.36,
      0.56,
      0.4,
      0.4,
      0.36,
      0.4,
      0.44,
      0.64,
      0.56,
      0.52,
      0.44,
      0.64,
      0.56,
      0.4,
      0.52,
      0.6,
      0.44,
      0.48,
      0.4,
      0.6,
      0.48,
      0.52,
      0.44,
      0.6,
      0.56,
      0.44,
      0.32,
      0.68,
      0.4,
      0.56,
      0.52,
      0.56,
      0.56,
      0.52,
      0.48,
      0.6,
      0.44,
      0.6,
      0.4,
      0.52,
      0.4,
      0.48,
      0.4,
      0.48,
      0.4,
      0.48,
      0.56,
      0.48,
      0.52,
      0.4,
      0.44,
      0.32,
      0.48,
      0.48,
      0.52,
      0.6,
      0.32,
      0.6,
      0.56,
      0.48,
      0.56,
      0.52,
      0.48,
      0.44,
      0.56,
      0.56,
      0.52,
      0.56,
      0.4,
      0.56,
      0.52,
      0.48,
      0.6,
      0.6,
      0.6,
      0.44,
      0.4,
      0.48,
      0.6,
      0.44,
      0.48,
      0.52,
      0.52,
      0.64,
      0.52,
      0.4,
      0.4,
      0.52,
      0.6
    ],
    "tool_accuracies": [
      0.12,
      0.12,
      0.04,
      0.12,
      0.08,
      0.16,
      0.12,
      0.12,
      0.08,
      0.16,
      0.08,
      0.04,
      0.12,
      0.08,
      0.16,
      0.08,
      0.08,
      0.16,
      0.04,
      0.2,
      0.04,
      0.12,
      0.12,
      0.08,
      0.2,
      0.12,
      0.12,
      0.12,
      0.04,
      0.2,
      0.04,
      0.16,
      0.16,
      0.08,
      0.16,
      0.08,
      0.04,
      0.0,
      0.12,
      0.12,
      0.08,
      0.12,
      0.12,
      0.16,
      0.08,
      0.2,
      0.12,
      0.12,
      0.16,
      0.08,
      0.24,
      0.12,
      0.08,
      0.08,
      0.12,
      0.04,
      0.04,
      0.12,
      0.2,
      0.08,
      0.04,
      0.08,
      0.12,
      0.16,
      0.12,
      0.12,
      0.08,
      0.12,
      0.08,
      0.04,
      0.12,
      0.08,
      0.04,
      0.12,
      0.04,
      0.16,
      0.04,
      0.08,
      0.08,
      0.08,
      0.16,
      0.08,
      0.12,
      0.08,
      0.08,
      0.12,
      0.16,
      0.04,
      0.24,
      0.08,
      0.16,
      0.04,
      0.08,
      0.12,
      0.08,
      0.08,
      0.12,
      0.04,
      0.16,
      0.12,
      0.12,
      0.16,
      0.12,
      0.08,
      0.16,
      0.08,
      0.08,
      0.12,
      0.24,
      0.16,
      0.16,
      0.16,
      0.16,
      0.08,
      0.16,
      0.2,
      0.08,
      0.08,
      0.16,
      0.04,
      0.2,
      0.04,
      0.12,
      0.04,
      0.12,
      0.12,
      0.08,
      0.2,
      0.04,
      0.12,
      0.04,
      0.08,
      0.08,
      0.12,
      0.2,
      0.16,
      0.16,
      0.12,
      0.12,
      0.12,
      0.04,
      0.12,
      0.16,
      0.08,
      0.08,
      0.08,
      0.12,
      0.16,
      0.04,
      0.04,
      0.2,
      0.12,
      0.08,
      0.2,
      0.16,
      0.08,
      0.08,
      0.08,
      0.16,
      0.08,
      0.04,
      0.12,
      0.08,
      0.16,
      0.16,
      0.12,
      0.08,
      0.12,
      0.12,
      0.12
    ],
    "episode_rewards": [
      9.6,
      10.7,
      11.8,
      10.7,
      10.7,
      8.5,
      9.6,
      10.7,
      5.2,
      16.2,
      8.5,
      6.3,
      8.5,
      7.4,
      12.9,
      11.8,
      9.6,
      10.7,
      11.8,
      15.1,
      10.7,
      15.1,
      11.8,
      8.5,
      12.9,
      8.5,
      14.0,
      12.9,
      10.7,
      15.1,
      12.9,
      10.7,
      12.9,
      10.7,
      11.8,
      10.7,
      14.0,
      10.7,
      11.8,
      12.9,
      7.4,
      17.3,
      8.5,
      11.8,
      8.5,
      15.1,
      14.0,
      10.7,
      15.1,
      8.5,
      11.8,
      14.0,
      12.9,
      10.7,
      10.7,
      8.5,
      16.2,
      8.5,
      15.1,
      8.5,
      6.3,
      14.0,
      6.3,
      10.7,
      10.7,
      16.2,
      12.9,
      11.8,
      11.8,
      10.7,
      14.0,
      11.8,
      7.4,
      11.8,
      8.5,
      12.9,
      11.8,
      9.6,
      8.5,
      12.9,
      11.8,
      7.4,
      12.9,
      8.5,
      8.5,
      7.4,
      8.5,
      9.6,
      15.1,
      12.9,
      11.8,
      9.6,
      15.1,
      12.9,
      8.5,
      11.8,
      14.0,
      9.6,
      10.7,
      8.5,
      14.0,
      10.7,
      11.8,
      9.6,
      14.0,
      12.9,
      9.6,
      6.3,
      16.2,
      8.5,
      12.9,
      11.8,
      12.9,
      12.9,
      11.8,
      10.7,
      14.0,
      9.6,
      14.0,
      8.5,
      11.8,
      8.5,
      10.7,
      8.5,
      10.7,
      8.5,
      10.7,
      12.9,
      10.7,
      11.8,
      8.5,
      9.6,
      6.3,
      10.7,
      10.7,
      11.8,
      14.0,
      6.3,
      14.0,
      12.9,
      10.7,
      12.9,
      11.8,
      10.7,
      9.6,
      12.9,
      12.9,
      11.8,
      12.9,
      8.5,
      12.9,
      11.8,
      10.7,
      14.0,
      14.0,
      14.0,
      9.6,
      8.5,
      10.7,
      14.0,
      9.6,
      10.7,
      11.8,
      11.8,
      15.1,
      11.8,
      8.5,
      8.5,
      11.8,
      14.0
    ],