{
  "strategy": "q_learning_tabular",
  "run_id": 1,
  "seed": 123,
  "episodes": 170,
  "queries_per_episode": 25,
  "total_time": 1.1218388080596924,
  "metrics": {
    "task_completion_rate": {
      "mean": 0.504235294117647,
      "std": 0.08460811351148492,
      "final": 0.52,
      "improvement": 0.08000000000000002
    },
    "tool_selection_accuracy": {
      "mean": 0.11294117647058825,
      "std": 0.04679928429346568,
      "final": 0.12
    },
    "average_reward": {
      "mean": 11.366470588235293,
      "std": 2.3267231215658355,
      "cumulative": 1932.3
    },
    "execution_time": {
      "mean": 0.0002584996503942153,
      "std": 6.949771847570507e-05,
      "p95": 0.000396595001220703
    },
    "convergence": {
      "episodes_to_stable": 170,
      "final_variance": 0.00672
    }
  },
  "time_series": {
    "completion_rates": [
      0.44,
      0.4,
      0.48,
      0.52,
      0.4,
      0.52,
      0.48,
      0.52,
      0.56,
      0.52,
      0.4,
      0.52,
      0.6,
      0.44,
      0.72,
      0.64,
      0.4,
      0.56,
      0.6,
      0.6,
      0.6,
      0.6,
      0.6,
      0.48,
      0.64,
      0.48,
      0.44,
      0.4,
      0.44,
      0.6,
      0.52,
      0.6,
      0.48,
      0.6,
      0.68,
      0.6,
      0.56,
      0.56,
      0.52,
      0.6,
      0.48,
      0.4,
      0.56,
      0.44,
      0.44,
      0.32,
      0.56,
      0.64,
      0.52,
      0.56,
      0.44,
      0.56,
      0.64,
      0.56,
      0.52,
      0.4,
      0.44,
      0.44,
      0.48,
      0.6,
      0.44,
      0.4,
      0.56,
      0.56,
      0.6,
      0.56,
      0.52,
      0.4,
      0.48,
      0.28,
      0.56,
      0.4,
      0.44,
      0.52,
      0.52,
      0.52,
      0.64,
      0.52,
      0.64,
      0.4,
      0.48,
      0.68,
      0.64,
      0.4,
      0.4,
      0.4,
      0.64,
      0.4,
      0.52,
      0.44,
      0.52,
      0.32,
      0.44,
      0.6,
      0.44,
      0.48,
      0.32,
      0.56,
      0.48,
      0.44,
      0.56,
      0.52,
      0.44,
      0.56,
      0.52,
      0.4,
      0.56,
      0.44,
      0.4,
      0.48,
      0.56,
      0.4,
      0.48,
      0.56,
      0.44,
      0.56,
      0.52,
      0.4,
      0.48,
      0.52,
      0.6,
      0.56,
      0.48,
      0.52,
      0.4,
      0.56,
      0.48,
      0.48,
      0.6,
      0.4,
      0.4,
      0.52,
      0.56,
      0.44,
      0.44,
      0.4,
      0.48,
      0.32,
      0.6,
      0.4,
      0.32,
      0.48,
      0.56,
      0.56,
      0.48,
      0.68,
      0.4,
      0.48,
      0.48,
      0.4,
      0.52,
      0.48,
      0.48,
      0.4,
      0.6,
      0.56,
      0.6,
      0.6,
      0.44,
      0.48,
      0.44,
      0.52,
      0.56,
      0.6,
      0.52,
      0.52,
      0.6,
      0.48,
      0.64,
      0.52
    ],
    "tool_accuracies": [
      0.08,
      0.08,
      0.04,
      0.16,
      0.04,
      0.12,
      0.12,
      0.08,
      0.04,
      0.08,
      0.08,
      0.12,
      0.08,
      0.08,
      0.2,
      0.08,
      0.08,
      0.08,
      0.2,
      0.16,
      0.16,
      0.08,
      0.08,
      0.12,
      0.12,
      0.08,
      0.16,
      0.08,
      0.12,
      0.08,
      0.16,
      0.12,
      0.12,
      0.16,
      0.16,
      0.12,
      0.08,
      0.16,
      0.12,
      0.16,
      0.08,
      0.12,
      0.16,
      0.16,
      0.04,
      0.04,
      0.08,
      0.12,
      0.24,
      0.16,
      0.08,
      0.16,
      0.2,
      0.12,
      0.12,
      0.04,
      0.16,
      0.04,
      0.12,
      0.12,
      0.12,
      0.04,
      0.2,
      0.12,
      0.16,
      0.08,
      0.08,
      0.0,
      0.04,
      0.04,
      0.16,
      0.08,
      0.12,
      0.12,
      0.12,
      0.16,
      0.12,
      0.2,
      0.2,
      0.08,
      0.16,
      0.16,
      0.12,
      0.12,
      0.08,
      0.08,
      0.12,
      0.16,
      0.16,
      0.12,
      0.2,
      0.08,
      0.12,
      0.12,
      0.16,
      0.12,
      0.08,
      0.16,
      0.04,
      0.08,
      0.2,
      0.08,
      0.04,
      0.12,
      0.12,
      0.08,
      0.16,
      0.04,
      0.12,
      0.16,
      0.16,
      0.16,
      0.08,
      0.2,
      0.08,
      0.12,
      0.08,
      0.08,
      0.08,
      0.12,
      0.04,
      0.12,
      0.16,
      0.12,
      0.04,
      0.16,
      0.08,
      0.12,
      0.12,
      0.12,
      0.08,
      0.12,
      0.12,
      0.08,
      0.04,
      0.08,
      0.16,
      0.08,
      0.08,
      0.08,
      0.08,
      0.08,
      0.12,
      0.08,
      0.16,
      0.2,
      0.12,
      0.04,
      0.12,
      0.08,
      0.12,
      0.08,
      0.04,
      0.08,
      0.16,
      0.2,
      0.12,
      0.16,
      0.2,
      0.08,
      0.08,
      0.24,
      0.12,
      0.16,
      0.12,
      0.08,
      0.08,
      0.04,
      0.08,
      0.12
    ],
    "episode_rewards": [
      9.6,
      8.5,
      10.7,
      11.8,
      8.5,
      11.8,
      10.7,
      11.8,
      12.9,
      11.8,
      8.5,
      11.8,
      14.0,
      9.6,
      17.3,
      15.1,
      8.5,
      12.9,
      14.0,
      14.0,
      14.0,
      14.0,
      14.0,
      10.7,
      15.1,
      10.7,
      9.6,
      8.5,
      9.6,
      14.0,
      11.8,
      14.0,
      10.7,
      14.0,
      16.2,
      14.0,
      12.9,
      12.9,
      11.8,
      14.0,
      10.7,
      8.5,
      12.9,
      9.6,
      9.6,
      6.3,
      12.9,
      15.1,
      11.8,
      12.9,
      9.6,
      12.9,
      15.1,
      12.9,
      11.8,
      8.5,
      9.6,
      9.6,
      10.7,
      14.0,
      9.6,
      8.5,
      12.9,
      12.9,
      14.0,
      12.9,
      11.8,
      8.5,
      10.7,
      5.2,
      12.9,
      8.5,
      9.6,
      11.8,
      11.8,
      11.8,
      15.1,
      11.8,
      15.1,
      8.5,
      10.7,
      16.2,
      15.1,
      8.5,
      8.5,
      8.5,
      15.1,
      8.5,
      11.8,
      9.6,
      11.8,
      6.3,
      9.6,
      14.0,
      9.6,
      10.7,
      6.3,
      12.9,
      10.7,
      9.6,
      12.9,
      11.8,
      9.6,
      12.9,
      11.8,
      8.5,
      12.9,
      9.6,
      8.5,
      10.7,
      12.9,
      8.5,
      10.7,
      12.9,
      9.6,
      12.9,
      11.8,
      8.5,
      10.7,
      11.8,
      14.0,
      12.9,
      10.7,
      11.8,
      8.5,
      12.9,
      10.7,
      10.7,
      14.0,
      8.5,
      8.5,
      11.8,
      12.9,
      9.6,
      9.6,
      8.5,
      10.7,
      6.3,
      14.0,
      8.5,
      6.3,
      10.7,
      12.9,
      12.9,
      10.7,
      16.2,
      8.5,
      10.7,
      10.7,
      8.5,
      11.8,
      10.7,
      10.7,
      8.5,
      14.0,
      12.9,
      14.0,
      14.0,
      9.6,
      10.7,
      9.6,
      11.8,
      12.9,
      14.0,
      11.8,
      11.8,
      14.0,
      10.7,
      15.1,
      11.8
    ],