{
  "strategy": "q_learning_tabular",
  "run_id": 2,
  "seed": 456,
  "episodes": 170,
  "queries_per_episode": 25,
  "total_time": 1.4075229167938232,
  "metrics": {
    "task_completion_rate": {
      "mean": 0.5141176470588237,
      "std": 0.08193676353135436,
      "final": 0.52,
      "improvement": 0.0
    },
    "tool_selection_accuracy": {
      "mean": 0.10941176470588235,
      "std": 0.049571171441295234,
      "final": 0.12
    },
    "average_reward": {
      "mean": 11.638235294117647,
      "std": 2.2532609971122444,
      "cumulative": 1978.5
    },
    "execution_time": {
      "mean": 0.0003249900481280159,
      "std": 8.206778123084306e-05,
      "p95": 0.0004687376022338866
    },
    "convergence": {
      "episodes_to_stable": 170,
      "final_variance": 0.005975039999999999
    }
  },
  "time_series": {
    "completion_rates": [
      0.52,
      0.48,
      0.56,
      0.36,
      0.68,
      0.56,
      0.44,
      0.44,
      0.52,
      0.56,
      0.4,
      0.48,
      0.6,
      0.52,
      0.4,
      0.36,
      0.4,
      0.56,
      0.48,
      0.44,
      0.4,
      0.52,
      0.56,
      0.4,
      0.4,
      0.48,
      0.6,
      0.64,
      0.56,
      0.76,
      0.44,
      0.32,
      0.64,
      0.64,
      0.56,
      0.4,
      0.36,
      0.56,
      0.56,
      0.52,
      0.6,
      0.52,
      0.6,
      0.52,
      0.6,
      0.48,
      0.4,
      0.48,
      0.48,
      0.48,
      0.56,
      0.48,
      0.68,
      0.52,
      0.4,
      0.68,
      0.52,
      0.56,
      0.52,
      0.56,
      0.52,
      0.6,
      0.4,
      0.48,
      0.56,
      0.56,
      0.56,
      0.56,
      0.56,
      0.52,
      0.52,
      0.4,
      0.68,
      0.44,
      0.56,
      0.56,
      0.56,
      0.4,
      0.44,
      0.52,
      0.64,
      0.56,
      0.52,
      0.44,
      0.56,
      0.56,
      0.56,
      0.56,
      0.52,
      0.56,
      0.52,
      0.48,
      0.28,
      0.44,
      0.4,
      0.56,
      0.52,
      0.44,
      0.44,
      0.56,
      0.52,
      0.44,
      0.56,
      0.68,
      0.4,
      0.52,
      0.6,
      0.52,
      0.56,
      0.36,
      0.44,
      0.72,
      0.52,
      0.52,
      0.56,
      0.56,
      0.44,
      0.48,
      0.56,
      0.52,
      0.52,
      0.56,
      0.52,
      0.48,
      0.48,
      0.52,
      0.56,
      0.44,
      0.4,
      0.64,
      0.6,
      0.6,
      0.52,
      0.52,
      0.6,
      0.52,
      0.68,
      0.64,
      0.48,
      0.44,
      0.44,
      0.36,
      0.52,
      0.44,
      0.6,
      0.44,
      0.48,
      0.56,
      0.4,
      0.64,
      0.52,
      0.48,
      0.52,
      0.48,
      0.48,
      0.48,
      0.48,
      0.44,
      0.6,
      0.44,
      0.56,
      0.64,
      0.56,
      0.44,
      0.48,
      0.56,
      0.48,
      0.52,
      0.4,
      0.52
    ],
    "tool_accuracies": [
      0.16,
      0.0,
      0.12,
      0.04,
      0.08,
      0.16,
      0.04,
      0.08,
      0.12,
      0.2,
      0.08,
      0.08,
      0.04,
      0.16,
      0.04,
      0.12,
      0.04,
      0.16,
      0.08,
      0.12,
      0.16,
      0.12,
      0.08,
      0.04,
      0.12,
      0.08,
      0.16,
      0.08,
      0.12,
      0.16,
      0.04,
      0.04,
      0.12,
      0.24,
      0.04,
      0.12,
      0.12,
      0.04,
      0.08,
      0.12,
      0.12,
      0.08,
      0.16,
      0.08,
      0.12,
      0.08,
      0.08,
      0.08,
      0.16,
      0.08,
      0.12,
      0.08,
      0.16,
      0.08,
      0.08,
      0.2,
      0.08,
      0.16,
      0.04,
      0.2,
      0.12,
      0.08,
      0.12,
      0.16,
      0.16,
      0.12,
      0.08,
      0.16,
      0.08,
      0.12,
      0.16,
      0.12,
      0.16,
      0.12,
      0.12,
      0.08,
      0.2,
      0.04,
      0.16,
      0.12,
      0.12,
      0.16,
      0.12,
      0.08,
      0.08,
      0.16,
      0.2,
      0.16,
      0.04,
      0.04,
      0.08,
      0.12,
      0.12,
      0.12,
      0.12,
      0.12,
      0.08,
      0.08,
      0.16,
      0.2,
      0.12,
      0.16,
      0.08,
      0.16,
      0.04,
      0.08,
      0.12,
      0.12,
      0.12,
      0.04,
      0.16,
      0.12,
      0.0,
      0.16,
      0.08,
      0.24,
      0.12,
      0.12,
      0.04,
      0.16,
      0.12,
      0.16,
      0.08,
      0.2,
      0.12,
      0.0,
      0.04,
      0.04,
      0.12,
      0.16,
      0.12,
      0.16,
      0.12,
      0.0,
      0.12,
      0.12,
      0.2,
      0.08,
      0.16,
      0.08,
      0.04,
      0.16,
      0.16,
      0.08,
      0.16,
      0.12,
      0.16,
      0.08,
      0.04,
      0.12,
      0.16,
      0.08,
      0.0,
      0.16,
      0.12,
      0.12,
      0.12,
      0.04,
      0.08,
      0.16,
      0.08,
      0.04,
      0.16,
      0.12,
      0.12,
      0.08,
      0.04,
      0.04,
      0.12,
      0.12
    ],
    "episode_rewards": [
      11.8,
      10.7,
      12.9,
      7.4,
      16.2,
      12.9,
      9.6,
      9.6,
      11.8,
      12.9,
      8.5,
      10.7,
      14.0,
      11.8,
      8.5,
      7.4,
      8.5,
      12.9,
      10.7,
      9.6,
      8.5,
      11.8,
      12.9,
      8.5,
      8.5,
      10.7,
      14.0,
      15.1,
      12.9,
      18.4,
      9.6,
      6.3,
      15.1,
      15.1,
      12.9,
      8.5,
      7.4,
      12.9,
      12.9,
      11.8,
      14.0,
      11.8,
      14.0,
      11.8,
      14.0,
      10.7,
      8.5,
      10.7,
      10.7,
      10.7,
      12.9,
      10.7,
      16.2,
      11.8,
      8.5,
      16.2,
      11.8,
      12.9,
      11.8,
      12.9,
      11.8,
      14.0,
      8.5,
      10.7,
      12.9,
      12.9,
      12.9,
      12.9,
      12.9,
      11.8,
      11.8,
      8.5,
      16.2,
      9.6,
      12.9,
      12.9,
      12.9,
      8.5,
      9.6,
      11.8,
      15.1,
      12.9,
      11.8,
      9.6,
      12.9,
      12.9,
      12.9,
      12.9,
      11.8,
      12.9,
      11.8,
      10.7,
      5.2,
      9.6,
      8.5,
      12.9,
      11.8,
      9.6,
      9.6,
      12.9,
      11.8,
      9.6,
      12.9,
      16.2,
      8.5,
      11.8,
      14.0,
      11.8,
      12.9,
      7.4,
      9.6,
      17.3,
      11.8,
      11.8,
      12.9,
      12.9,
      9.6,
      10.7,
      12.9,
      11.8,
      11.8,
      12.9,
      11.8,
      10.7,
      10.7,
      11.8,
      12.9,
      9.6,
      8.5,
      15.1,
      14.0,
      14.0,
      11.8,
      11.8,
      14.0,
      11.8,
      16.2,
      15.1,
      10.7,
      9.6,
      9.6,
      7.4,
      11.8,
      9.6,
      14.0,
      9.6,
      10.7,
      12.9,
      8.5,
      15.1,
      11.8,
      10.7,
      11.8,
      10.7,
      10.7,
      10.7,
      10.7,
      9.6,
      14.0,
      9.6,
      12.9,
      15.1,
      12.9,
      9.6,
      10.7,
      12.9,
      10.7,
      11.8,
      8.5,
      11.8
    ],