{
  "strategy": "random",
  "run_id": 1,
  "seed": 123,
  "episodes": 170,
  "queries_per_episode": 25,
  "total_time": 1.6518239974975586,
  "metrics": {
    "task_completion_rate": {
      "mean": 0.4543529411764706,
      "std": 0.09520809479702287,
      "final": 0.56,
      "improvement": 0.040000000000000036
    },
    "tool_selection_accuracy": {
      "mean": 0.036470588235294116,
      "std": 0.037027998384463905,
      "final": 0.08
    },
    "average_reward": {
      "mean": 9.99470588235294,
      "std": 2.618222606918129,
      "cumulative": 1699.1
    },
    "execution_time": {
      "mean": 4.065794103285845e-06,
      "std": 7.871807168976853e-07,
      "p95": 5.854129791259764e-06
    },
    "convergence": {
      "episodes_to_stable": 170,
      "final_variance": 0.00956096
    }
  },
  "time_series": {
    "completion_rates": [
      0.52,
      0.44,
      0.44,
      0.52,
      0.44,
      0.4,
      0.52,
      0.32,
      0.52,
      0.4,
      0.44,
      0.44,
      0.44,
      0.52,
      0.56,
      0.64,
      0.52,
      0.36,
      0.48,
      0.36,
      0.44,
      0.52,
      0.44,
      0.52,
      0.48,
      0.32,
      0.48,
      0.44,
      0.48,
      0.48,
      0.44,
      0.4,
      0.24,
      0.56,
      0.48,
      0.4,
      0.56,
      0.44,
      0.52,
      0.28,
      0.6,
      0.4,
      0.4,
      0.6,
      0.44,
      0.48,
      0.32,
      0.4,
      0.56,
      0.36,
      0.76,
      0.44,
      0.48,
      0.4,
      0.56,
      0.32,
      0.4,
      0.36,
      0.4,
      0.28,
      0.44,
      0.48,
      0.44,
      0.4,
      0.6,
      0.44,
      0.56,
      0.28,
      0.44,
      0.48,
      0.56,
      0.36,
      0.4,
      0.6,
      0.56,
      0.48,
      0.48,
      0.48,
      0.44,
      0.48,
      0.6,
      0.52,
      0.44,
      0.36,
      0.44,
      0.68,
      0.32,
      0.64,
      0.52,
      0.44,
      0.64,
      0.48,
      0.44,
      0.44,
      0.44,
      0.4,
      0.56,
      0.44,
      0.48,
      0.44,
      0.4,
      0.32,
      0.44,
      0.56,
      0.48,
      0.52,
      0.44,
      0.44,
      0.64,
      0.28,
      0.48,
      0.56,
      0.4,
      0.4,
      0.24,
      0.56,
      0.24,
      0.48,
      0.32,
      0.36,
      0.52,
      0.44,
      0.64,
      0.4,
      0.48,
      0.36,
      0.44,
      0.56,
      0.6,
      0.36,
      0.52,
      0.44,
      0.56,
      0.44,
      0.6,
      0.4,
      0.44,
      0.44,
      0.32,
      0.4,
      0.32,
      0.52,
      0.4,
      0.32,
      0.24,
      0.4,
      0.56,
      0.52,
      0.56,
      0.36,
      0.64,
      0.44,
      0.36,
      0.52,
      0.56,
      0.44,
      0.36,
      0.4,
      0.36,
      0.44,
      0.4,
      0.52,
      0.4,
      0.4,
      0.36,
      0.4,
      0.52,
      0.24,
      0.52,
      0.56
    ],
    "tool_accuracies": [
      0.0,
      0.0,
      0.04,
      0.04,
      0.12,
      0.0,
      0.08,
      0.0,
      0.08,
      0.12,
      0.0,
      0.04,
      0.16,
      0.04,
      0.0,
      0.08,
      0.04,
      0.04,
      0.08,
      0.04,
      0.12,
      0.08,
      0.0,
      0.04,
      0.04,
      0.04,
      0.0,
      0.08,
      0.04,
      0.04,
      0.0,
      0.0,
      0.0,
      0.0,
      0.12,
      0.04,
      0.08,
      0.04,
      0.0,
      0.04,
      0.08,
      0.0,
      0.0,
      0.0,
      0.08,
      0.0,
      0.0,
      0.04,
      0.0,
      0.04,
      0.04,
      0.04,
      0.04,
      0.0,
      0.08,
      0.0,
      0.08,
      0.08,
      0.0,
      0.0,
      0.04,
      0.0,
      0.04,
      0.0,
      0.0,
      0.0,
      0.08,
      0.0,
      0.0,
      0.08,
      0.04,
      0.04,
      0.04,
      0.08,
      0.04,
      0.0,
      0.08,
      0.04,
      0.0,
      0.12,
      0.12,
      0.04,
      0.0,
      0.0,
      0.08,
      0.04,
      0.04,
      0.0,
      0.04,
      0.04,
      0.04,
      0.04,
      0.0,
      0.0,
      0.04,
      0.0,
      0.04,
      0.08,
      0.0,
      0.04,
      0.0,
      0.04,
      0.0,
      0.12,
      0.0,
      0.12,
      0.04,
      0.04,
      0.08,
      0.0,
      0.04,
      0.04,
      0.04,
      0.08,
      0.04,
      0.0,
      0.0,
      0.0,
      0.12,
      0.0,
      0.12,
      0.0,
      0.08,
      0.04,
      0.04,
      0.0,
      0.04,
      0.04,
      0.08,
      0.0,
      0.0,
      0.08,
      0.04,
      0.0,
      0.0,
      0.0,
      0.04,
      0.0,
      0.0,
      0.0,
      0.04,
      0.04,
      0.0,
      0.0,
      0.04,
      0.0,
      0.04,
      0.04,
      0.0,
      0.08,
      0.12,
      0.04,
      0.0,
      0.04,
      0.04,
      0.04,
      0.0,
      0.04,
      0.04,
      0.0,
      0.04,
      0.0,
      0.08,
      0.04,
      0.0,
      0.0,
      0.04,
      0.0,
      0.08,
      0.08
    ],
    "episode_rewards": [
      11.8,
      9.6,
      9.6,
      11.8,
      9.6,
      8.5,
      11.8,
      6.3,
      11.8,
      8.5,
      9.6,
      9.6,
      9.6,
      11.8,
      12.9,
      15.1,
      11.8,
      7.4,
      10.7,
      7.4,
      9.6,
      11.8,
      9.6,
      11.8,
      10.7,
      6.3,
      10.7,
      9.6,
      10.7,
      10.7,
      9.6,
      8.5,
      4.1,
      12.9,
      10.7,
      8.5,
      12.9,
      9.6,
      11.8,
      5.2,
      14.0,
      8.5,
      8.5,
      14.0,
      9.6,
      10.7,
      6.3,
      8.5,
      12.9,
      7.4,
      18.4,
      9.6,
      10.7,
      8.5,
      12.9,
      6.3,
      8.5,
      7.4,
      8.5,
      5.2,
      9.6,
      10.7,
      9.6,
      8.5,
      14.0,
      9.6,
      12.9,
      5.2,
      9.6,
      10.7,
      12.9,
      7.4,
      8.5,
      14.0,
      12.9,
      10.7,
      10.7,
      10.7,
      9.6,
      10.7,
      14.0,
      11.8,
      9.6,
      7.4,
      9.6,
      16.2,
      6.3,
      15.1,
      11.8,
      9.6,
      15.1,
      10.7,
      9.6,
      9.6,
      9.6,
      8.5,
      12.9,
      9.6,
      10.7,
      9.6,
      8.5,
      6.3,
      9.6,
      12.9,
      10.7,
      11.8,
      9.6,
      9.6,
      15.1,
      5.2,
      10.7,
      12.9,
      8.5,
      8.5,
      4.1,
      12.9,
      4.1,
      10.7,
      6.3,
      7.4,
      11.8,
      9.6,
      15.1,
      8.5,
      10.7,
      7.4,
      9.6,
      12.9,
      14.0,
      7.4,
      11.8,
      9.6,
      12.9,
      9.6,
      14.0,
      8.5,
      9.6,
      9.6,
      6.3,
      8.5,
      6.3,
      11.8,
      8.5,
      6.3,
      4.1,
      8.5,
      12.9,
      11.8,
      12.9,
      7.4,
      15.1,
      9.6,
      7.4,
      11.8,
      12.9,
      9.6,
      7.4,
      8.5,
      7.4,
      9.6,
      8.5,
      11.8,
      8.5,
      8.5,
      7.4,
      8.5,
      11.8,
      4.1,
      11.8,
      12.9
    ],