{
  "strategy": "random",
  "run_id": 3,
  "seed": 789,
  "episodes": 170,
  "queries_per_episode": 25,
  "total_time": 0.03041672706604004,
  "metrics": {
    "task_completion_rate": {
      "mean": 0.4592941176470589,
      "std": 0.09418115504387237,
      "final": 0.36,
      "improvement": -0.24
    },
    "tool_selection_accuracy": {
      "mean": 0.03364705882352941,
      "std": 0.03639156524197944,
      "final": 0.0
    },
    "average_reward": {
      "mean": 10.130588235294116,
      "std": 2.5899817637064904,
      "cumulative": 1722.2
    },
    "execution_time": {
      "mean": 4.521257737103631e-06,
      "std": 1.8278153010011005e-06,
      "p95": 7.0056915283203075e-06
    },
    "convergence": {
      "episodes_to_stable": 170,
      "final_variance": 0.008739040000000002
    }
  },
  "time_series": {
    "completion_rates": [
      0.6,
      0.2,
      0.4,
      0.4,
      0.64,
      0.56,
      0.44,
      0.48,
      0.56,
      0.36,
      0.48,
      0.56,
      0.52,
      0.56,
      0.32,
      0.4,
      0.56,
      0.52,
      0.48,
      0.44,
      0.6,
      0.4,
      0.44,
      0.68,
      0.48,
      0.44,
      0.32,
      0.52,
      0.44,
      0.44,
      0.48,
      0.56,
      0.44,
      0.48,
      0.36,
      0.52,
      0.44,
      0.4,
      0.52,
      0.4,
      0.48,
      0.36,
      0.52,
      0.4,
      0.48,
      0.64,
      0.48,
      0.6,
      0.44,
      0.56,
      0.6,
      0.4,
      0.6,
      0.4,
      0.4,
      0.48,
      0.44,
      0.56,
      0.36,
      0.64,
      0.52,
      0.4,
      0.56,
      0.6,
      0.44,
      0.48,
      0.4,
      0.56,
      0.6,
      0.48,
      0.56,
      0.44,
      0.4,
      0.48,
      0.52,
      0.52,
      0.4,
      0.48,
      0.36,
      0.4,
      0.48,
      0.52,
      0.48,
      0.52,
      0.36,
      0.44,
      0.44,
      0.48,
      0.28,
      0.52,
      0.28,
      0.32,
      0.44,
      0.24,
      0.6,
      0.56,
      0.4,
      0.44,
      0.32,
      0.48,
      0.44,
      0.52,
      0.48,
      0.4,
      0.72,
      0.4,
      0.52,
      0.48,
      0.28,
      0.56,
      0.44,
      0.52,
      0.48,
      0.52,
      0.32,
      0.24,
      0.32,
      0.24,
      0.44,
      0.48,
      0.52,
      0.48,
      0.56,
      0.4,
      0.48,
      0.4,
      0.48,
      0.32,
      0.56,
      0.4,
      0.44,
      0.4,
      0.4,
      0.36,
      0.52,
      0.52,
      0.72,
      0.44,
      0.44,
      0.56,
      0.52,
      0.56,
      0.4,
      0.36,
      0.52,
      0.4,
      0.48,
      0.36,
      0.36,
      0.48,
      0.52,
      0.48,
      0.24,
      0.48,
      0.4,
      0.36,
      0.36,
      0.44,
      0.44,
      0.48,
      0.48,
      0.4,
      0.28,
      0.64,
      0.44,
      0.44,
      0.4,
      0.4,
      0.52,
      0.36
    ],
    "tool_accuracies": [
      0.08,
      0.0,
      0.04,
      0.08,
      0.0,
      0.12,
      0.08,
      0.0,
      0.08,
      0.08,
      0.04,
      0.0,
      0.12,
      0.0,
      0.0,
      0.04,
      0.04,
      0.04,
      0.08,
      0.0,
      0.0,
      0.0,
      0.04,
      0.0,
      0.08,
      0.08,
      0.0,
      0.04,
      0.0,
      0.0,
      0.0,
      0.0,
      0.04,
      0.0,
      0.04,
      0.12,
      0.04,
      0.0,
      0.0,
      0.0,
      0.0,
      0.0,
      0.04,
      0.0,
      0.04,
      0.08,
      0.0,
      0.12,
      0.04,
      0.04,
      0.08,
      0.0,
      0.04,
      0.0,
      0.04,
      0.04,
      0.12,
      0.08,
      0.04,
      0.0,
      0.04,
      0.08,
      0.0,
      0.08,
      0.04,
      0.04,
      0.0,
      0.08,
      0.08,
      0.04,
      0.0,
      0.0,
      0.0,
      0.04,
      0.04,
      0.0,
      0.04,
      0.04,
      0.0,
      0.0,
      0.04,
      0.0,
      0.0,
      0.0,
      0.0,
      0.04,
      0.04,
      0.0,
      0.0,
      0.08,
      0.12,
      0.08,
      0.0,
      0.0,
      0.04,
      0.0,
      0.04,
      0.0,
      0.04,
      0.0,
      0.04,
      0.0,
      0.04,
      0.04,
      0.08,
      0.0,
      0.04,
      0.0,
      0.0,
      0.04,
      0.08,
      0.08,
      0.0,
      0.04,
      0.04,
      0.04,
      0.04,
      0.0,
      0.08,
      0.04,
      0.12,
      0.04,
      0.08,
      0.08,
      0.04,
      0.0,
      0.04,
      0.04,
      0.04,
      0.04,
      0.12,
      0.04,
      0.04,
      0.0,
      0.04,
      0.04,
      0.0,
      0.08,
      0.0,
      0.04,
      0.04,
      0.0,
      0.08,
      0.04,
      0.0,
      0.04,
      0.0,
      0.0,
      0.12,
      0.08,
      0.12,
      0.0,
      0.0,
      0.0,
      0.0,
      0.0,
      0.0,
      0.0,
      0.0,
      0.04,
      0.0,
      0.0,
      0.0,
      0.12,
      0.0,
      0.04,
      0.0,
      0.0,
      0.0,
      0.0
    ],
    "episode_rewards": [
      14.0,
      3.0,
      8.5,
      8.5,
      15.1,
      12.9,
      9.6,
      10.7,
      12.9,
      7.4,
      10.7,
      12.9,
      11.8,
      12.9,
      6.3,
      8.5,
      12.9,
      11.8,
      10.7,
      9.6,
      14.0,
      8.5,
      9.6,
      16.2,
      10.7,
      9.6,
      6.3,
      11.8,
      9.6,
      9.6,
      10.7,
      12.9,
      9.6,
      10.7,
      7.4,
      11.8,
      9.6,
      8.5,
      11.8,
      8.5,
      10.7,
      7.4,
      11.8,
      8.5,
      10.7,
      15.1,
      10.7,
      14.0,
      9.6,
      12.9,
      14.0,
      8.5,
      14.0,
      8.5,
      8.5,
      10.7,
      9.6,
      12.9,
      7.4,
      15.1,
      11.8,
      8.5,
      12.9,
      14.0,
      9.6,
      10.7,
      8.5,
      12.9,
      14.0,
      10.7,
      12.9,
      9.6,
      8.5,
      10.7,
      11.8,
      11.8,
      8.5,
      10.7,
      7.4,
      8.5,
      10.7,
      11.8,
      10.7,
      11.8,
      7.4,
      9.6,
      9.6,
      10.7,
      5.2,
      11.8,
      5.2,
      6.3,
      9.6,
      4.1,
      14.0,
      12.9,
      8.5,
      9.6,
      6.3,
      10.7,
      9.6,
      11.8,
      10.7,
      8.5,
      17.3,
      8.5,
      11.8,
      10.7,
      5.2,
      12.9,
      9.6,
      11.8,
      10.7,
      11.8,
      6.3,
      4.1,
      6.3,
      4.1,
      9.6,
      10.7,
      11.8,
      10.7,
      12.9,
      8.5,
      10.7,
      8.5,
      10.7,
      6.3,
      12.9,
      8.5,
      9.6,
      8.5,
      8.5,
      7.4,
      11.8,
      11.8,
      17.3,
      9.6,
      9.6,
      12.9,
      11.8,
      12.9,
      8.5,
      7.4,
      11.8,
      8.5,
      10.7,
      7.4,
      7.4,
      10.7,
      11.8,
      10.7,
      4.1,
      10.7,
      8.5,
      7.4,
      7.4,
      9.6,
      9.6,
      10.7,
      10.7,
      8.5,
      5.2,
      15.1,
      9.6,
      9.6,
      8.5,
      8.5,
      11.8,
      7.4
    ],