{
  "strategy": "random",
  "run_id": 4,
  "seed": 999,
  "episodes": 170,
  "queries_per_episode": 25,
  "total_time": 0.029280900955200195,
  "metrics": {
    "task_completion_rate": {
      "mean": 0.4567058823529411,
      "std": 0.0906627653682671,
      "final": 0.44,
      "improvement": -0.03999999999999998
    },
    "tool_selection_accuracy": {
      "mean": 0.034352941176470586,
      "std": 0.037899155937319316,
      "final": 0.0
    },
    "average_reward": {
      "mean": 10.059411764705882,
      "std": 2.4932260476273456,
      "cumulative": 1710.1
    },
    "execution_time": {
      "mean": 4.350774428423713e-06,
      "std": 2.1280623369478787e-06,
      "p95": 6.441116333007811e-06
    },
    "convergence": {
      "episodes_to_stable": 170,
      "final_variance": 0.008092160000000001
    }
  },
  "time_series": {
    "completion_rates": [
      0.48,
      0.68,
      0.44,
      0.4,
      0.24,
      0.44,
      0.4,
      0.32,
      0.4,
      0.52,
      0.32,
      0.4,
      0.36,
      0.4,
      0.4,
      0.48,
      0.4,
      0.44,
      0.32,
      0.56,
      0.44,
      0.4,
      0.6,
      0.4,
      0.4,
      0.36,
      0.44,
      0.48,
      0.32,
      0.24,
      0.36,
      0.52,
      0.36,
      0.6,
      0.4,
      0.36,
      0.36,
      0.52,
      0.48,
      0.52,
      0.52,
      0.56,
      0.4,
      0.44,
      0.48,
      0.6,
      0.48,
      0.44,
      0.52,
      0.6,
      0.52,
      0.36,
      0.4,
      0.44,
      0.52,
      0.48,
      0.28,
      0.44,
      0.44,
      0.48,
      0.52,
      0.48,
      0.64,
      0.4,
      0.32,
      0.4,
      0.52,
      0.48,
      0.44,
      0.36,
      0.48,
      0.52,
      0.48,
      0.44,
      0.48,
      0.56,
      0.28,
      0.44,
      0.44,
      0.4,
      0.24,
      0.48,
      0.28,
      0.4,
      0.52,
      0.4,
      0.44,
      0.32,
      0.44,
      0.32,
      0.64,
      0.44,
      0.52,
      0.48,
      0.4,
      0.48,
      0.64,
      0.44,
      0.56,
      0.52,
      0.52,
      0.56,
      0.32,
      0.56,
      0.48,
      0.52,
      0.48,
      0.52,
      0.44,
      0.52,
      0.48,
      0.68,
      0.52,
      0.48,
      0.56,
      0.6,
      0.48,
      0.56,
      0.48,
      0.52,
      0.56,
      0.44,
      0.44,
      0.4,
      0.28,
      0.76,
      0.36,
      0.56,
      0.4,
      0.48,
      0.48,
      0.44,
      0.4,
      0.4,
      0.44,
      0.52,
      0.52,
      0.48,
      0.44,
      0.28,
      0.56,
      0.48,
      0.28,
      0.4,
      0.48,
      0.4,
      0.48,
      0.48,
      0.48,
      0.48,
      0.52,
      0.32,
      0.52,
      0.48,
      0.6,
      0.48,
      0.36,
      0.4,
      0.44,
      0.56,
      0.4,
      0.48,
      0.52,
      0.6,
      0.36,
      0.4,
      0.52,
      0.56,
      0.4,
      0.44
    ],
    "tool_accuracies": [
      0.12,
      0.12,
      0.0,
      0.0,
      0.0,
      0.0,
      0.0,
      0.0,
      0.0,
      0.04,
      0.04,
      0.0,
      0.04,
      0.04,
      0.04,
      0.0,
      0.04,
      0.0,
      0.0,
      0.04,
      0.04,
      0.08,
      0.0,
      0.0,
      0.0,
      0.08,
      0.0,
      0.0,
      0.08,
      0.0,
      0.04,
      0.12,
      0.0,
      0.04,
      0.04,
      0.08,
      0.04,
      0.08,
      0.04,
      0.04,
      0.04,
      0.04,
      0.0,
      0.04,
      0.0,
      0.04,
      0.0,
      0.08,
      0.04,
      0.12,
      0.0,
      0.12,
      0.0,
      0.0,
      0.08,
      0.08,
      0.04,
      0.08,
      0.0,
      0.04,
      0.04,
      0.12,
      0.08,
      0.0,
      0.0,
      0.0,
      0.04,
      0.0,
      0.08,
      0.0,
      0.0,
      0.0,
      0.04,
      0.04,
      0.04,
      0.12,
      0.0,
      0.04,
      0.0,
      0.04,
      0.0,
      0.12,
      0.0,
      0.0,
      0.0,
      0.04,
      0.0,
      0.04,
      0.04,
      0.0,
      0.04,
      0.08,
      0.0,
      0.04,
      0.0,
      0.0,
      0.0,
      0.04,
      0.08,
      0.04,
      0.04,
      0.12,
      0.0,
      0.04,
      0.08,
      0.04,
      0.08,
      0.0,
      0.04,
      0.12,
      0.04,
      0.08,
      0.04,
      0.04,
      0.0,
      0.04,
      0.04,
      0.16,
      0.04,
      0.04,
      0.04,
      0.12,
      0.0,
      0.0,
      0.0,
      0.04,
      0.0,
      0.0,
      0.0,
      0.0,
      0.0,
      0.04,
      0.08,
      0.0,
      0.0,
      0.04,
      0.12,
      0.0,
      0.04,
      0.04,
      0.08,
      0.0,
      0.0,
      0.04,
      0.0,
      0.0,
      0.04,
      0.0,
      0.0,
      0.04,
      0.04,
      0.0,
      0.08,
      0.04,
      0.0,
      0.04,
      0.04,
      0.12,
      0.0,
      0.0,
      0.08,
      0.04,
      0.08,
      0.0,
      0.0,
      0.04,
      0.0,
      0.0,
      0.0,
      0.0
    ],
    "episode_rewards": [
      10.7,
      16.2,
      9.6,
      8.5,
      4.1,
      9.6,
      8.5,
      6.3,
      8.5,
      11.8,
      6.3,
      8.5,
      7.4,
      8.5,
      8.5,
      10.7,
      8.5,
      9.6,
      6.3,
      12.9,
      9.6,
      8.5,
      14.0,
      8.5,
      8.5,
      7.4,
      9.6,
      10.7,
      6.3,
      4.1,
      7.4,
      11.8,
      7.4,
      14.0,
      8.5,
      7.4,
      7.4,
      11.8,
      10.7,
      11.8,
      11.8,
      12.9,
      8.5,
      9.6,
      10.7,
      14.0,
      10.7,
      9.6,
      11.8,
      14.0,
      11.8,
      7.4,
      8.5,
      9.6,
      11.8,
      10.7,
      5.2,
      9.6,
      9.6,
      10.7,
      11.8,
      10.7,
      15.1,
      8.5,
      6.3,
      8.5,
      11.8,
      10.7,
      9.6,
      7.4,
      10.7,
      11.8,
      10.7,
      9.6,
      10.7,
      12.9,
      5.2,
      9.6,
      9.6,
      8.5,
      4.1,
      10.7,
      5.2,
      8.5,
      11.8,
      8.5,
      9.6,
      6.3,
      9.6,
      6.3,
      15.1,
      9.6,
      11.8,
      10.7,
      8.5,
      10.7,
      15.1,
      9.6,
      12.9,
      11.8,
      11.8,
      12.9,
      6.3,
      12.9,
      10.7,
      11.8,
      10.7,
      11.8,
      9.6,
      11.8,
      10.7,
      16.2,
      11.8,
      10.7,
      12.9,
      14.0,
      10.7,
      12.9,
      10.7,
      11.8,
      12.9,
      9.6,
      9.6,
      8.5,
      5.2,
      18.4,
      7.4,
      12.9,
      8.5,
      10.7,
      10.7,
      9.6,
      8.5,
      8.5,
      9.6,
      11.8,
      11.8,
      10.7,
      9.6,
      5.2,
      12.9,
      10.7,
      5.2,
      8.5,
      10.7,
      8.5,
      10.7,
      10.7,
      10.7,
      10.7,
      11.8,
      6.3,
      11.8,
      10.7,
      14.0,
      10.7,
      7.4,
      8.5,
      9.6,
      12.9,
      8.5,
      10.7,
      11.8,
      14.0,
      7.4,
      8.5,
      11.8,
      12.9,
      8.5,
      9.6
    ],