{
  "strategy": "random",
  "run_id": 2,
  "seed": 456,
  "episodes": 170,
  "queries_per_episode": 25,
  "total_time": 0.027860164642333984,
  "metrics": {
    "task_completion_rate": {
      "mean": 0.45411764705882357,
      "std": 0.08832152648999277,
      "final": 0.4,
      "improvement": -0.03999999999999998
    },
    "tool_selection_accuracy": {
      "mean": 0.03647058823529412,
      "std": 0.03599692412849746,
      "final": 0.04
    },
    "average_reward": {
      "mean": 9.988235294117647,
      "std": 2.4288419784748005,
      "cumulative": 1698.0
    },
    "execution_time": {
      "mean": 4.209742826573989e-06,
      "std": 1.9260654310708904e-06,
      "p95": 5.709648132324216e-06
    },
    "convergence": {
      "episodes_to_stable": 170,
      "final_variance": 0.0077145600000000005
    }
  },
  "time_series": {
    "completion_rates": [
      0.44,
      0.52,
      0.48,
      0.4,
      0.52,
      0.4,
      0.48,
      0.48,
      0.56,
      0.4,
      0.48,
      0.4,
      0.52,
      0.4,
      0.28,
      0.56,
      0.44,
      0.28,
      0.4,
      0.48,
      0.64,
      0.4,
      0.32,
      0.32,
      0.48,
      0.44,
      0.52,
      0.64,
      0.48,
      0.36,
      0.28,
      0.52,
      0.52,
      0.56,
      0.4,
      0.48,
      0.56,
      0.4,
      0.48,
      0.44,
      0.6,
      0.52,
      0.56,
      0.44,
      0.36,
      0.44,
      0.56,
      0.44,
      0.56,
      0.36,
      0.6,
      0.4,
      0.6,
      0.4,
      0.4,
      0.68,
      0.48,
      0.36,
      0.4,
      0.4,
      0.44,
      0.4,
      0.44,
      0.4,
      0.56,
      0.32,
      0.48,
      0.44,
      0.36,
      0.52,
      0.4,
      0.52,
      0.6,
      0.28,
      0.44,
      0.52,
      0.48,
      0.28,
      0.48,
      0.4,
      0.56,
      0.52,
      0.4,
      0.44,
      0.44,
      0.48,
      0.44,
      0.32,
      0.44,
      0.44,
      0.36,
      0.36,
      0.52,
      0.44,
      0.4,
      0.52,
      0.4,
      0.52,
      0.52,
      0.36,
      0.56,
      0.4,
      0.48,
      0.44,
      0.44,
      0.44,
      0.52,
      0.6,
      0.36,
      0.36,
      0.44,
      0.44,
      0.44,
      0.24,
      0.28,
      0.44,
      0.48,
      0.28,
      0.44,
      0.36,
      0.56,
      0.4,
      0.6,
      0.48,
      0.48,
      0.6,
      0.44,
      0.44,
      0.56,
      0.52,
      0.4,
      0.56,
      0.36,
      0.52,
      0.32,
      0.32,
      0.36,
      0.44,
      0.56,
      0.44,
      0.56,
      0.32,
      0.36,
      0.48,
      0.48,
      0.48,
      0.36,
      0.36,
      0.32,
      0.48,
      0.56,
      0.44,
      0.4,
      0.52,
      0.44,
      0.52,
      0.48,
      0.44,
      0.48,
      0.28,
      0.4,
      0.68,
      0.48,
      0.56,
      0.52,
      0.56,
      0.56,
      0.6,
      0.52,
      0.4
    ],
    "tool_accuracies": [
      0.0,
      0.0,
      0.04,
      0.04,
      0.04,
      0.0,
      0.0,
      0.0,
      0.04,
      0.0,
      0.04,
      0.0,
      0.08,
      0.08,
      0.0,
      0.08,
      0.0,
      0.0,
      0.04,
      0.04,
      0.0,
      0.0,
      0.0,
      0.04,
      0.04,
      0.08,
      0.0,
      0.0,
      0.04,
      0.0,
      0.0,
      0.0,
      0.0,
      0.0,
      0.0,
      0.0,
      0.04,
      0.04,
      0.04,
      0.0,
      0.04,
      0.0,
      0.0,
      0.0,
      0.04,
      0.04,
      0.04,
      0.08,
      0.08,
      0.08,
      0.0,
      0.04,
      0.04,
      0.0,
      0.04,
      0.08,
      0.08,
      0.0,
      0.0,
      0.0,
      0.04,
      0.08,
      0.04,
      0.0,
      0.16,
      0.04,
      0.0,
      0.04,
      0.04,
      0.0,
      0.04,
      0.04,
      0.04,
      0.08,
      0.04,
      0.04,
      0.08,
      0.0,
      0.0,
      0.08,
      0.0,
      0.04,
      0.04,
      0.04,
      0.04,
      0.08,
      0.0,
      0.0,
      0.04,
      0.0,
      0.04,
      0.0,
      0.04,
      0.0,
      0.0,
      0.0,
      0.04,
      0.0,
      0.12,
      0.04,
      0.08,
      0.04,
      0.04,
      0.0,
      0.0,
      0.0,
      0.08,
      0.0,
      0.12,
      0.04,
      0.0,
      0.04,
      0.04,
      0.0,
      0.08,
      0.04,
      0.0,
      0.0,
      0.0,
      0.0,
      0.04,
      0.0,
      0.04,
      0.08,
      0.0,
      0.04,
      0.0,
      0.04,
      0.08,
      0.0,
      0.04,
      0.0,
      0.04,
      0.04,
      0.08,
      0.04,
      0.04,
      0.12,
      0.12,
      0.08,
      0.08,
      0.04,
      0.16,
      0.08,
      0.08,
      0.04,
      0.04,
      0.08,
      0.0,
      0.0,
      0.0,
      0.08,
      0.08,
      0.08,
      0.04,
      0.08,
      0.08,
      0.08,
      0.0,
      0.0,
      0.04,
      0.08,
      0.04,
      0.08,
      0.12,
      0.08,
      0.08,
      0.04,
      0.0,
      0.04
    ],
    "episode_rewards": [
      9.6,
      11.8,
      10.7,
      8.5,
      11.8,
      8.5,
      10.7,
      10.7,
      12.9,
      8.5,
      10.7,
      8.5,
      11.8,
      8.5,
      5.2,
      12.9,
      9.6,
      5.2,
      8.5,
      10.7,
      15.1,
      8.5,
      6.3,
      6.3,
      10.7,
      9.6,
      11.8,
      15.1,
      10.7,
      7.4,
      5.2,
      11.8,
      11.8,
      12.9,
      8.5,
      10.7,
      12.9,
      8.5,
      10.7,
      9.6,
      14.0,
      11.8,
      12.9,
      9.6,
      7.4,
      9.6,
      12.9,
      9.6,
      12.9,
      7.4,
      14.0,
      8.5,
      14.0,
      8.5,
      8.5,
      16.2,
      10.7,
      7.4,
      8.5,
      8.5,
      9.6,
      8.5,
      9.6,
      8.5,
      12.9,
      6.3,
      10.7,
      9.6,
      7.4,
      11.8,
      8.5,
      11.8,
      14.0,
      5.2,
      9.6,
      11.8,
      10.7,
      5.2,
      10.7,
      8.5,
      12.9,
      11.8,
      8.5,
      9.6,
      9.6,
      10.7,
      9.6,
      6.3,
      9.6,
      9.6,
      7.4,
      7.4,
      11.8,
      9.6,
      8.5,
      11.8,
      8.5,
      11.8,
      11.8,
      7.4,
      12.9,
      8.5,
      10.7,
      9.6,
      9.6,
      9.6,
      11.8,
      14.0,
      7.4,
      7.4,
      9.6,
      9.6,
      9.6,
      4.1,
      5.2,
      9.6,
      10.7,
      5.2,
      9.6,
      7.4,
      12.9,
      8.5,
      14.0,
      10.7,
      10.7,
      14.0,
      9.6,
      9.6,
      12.9,
      11.8,
      8.5,
      12.9,
      7.4,
      11.8,
      6.3,
      6.3,
      7.4,
      9.6,
      12.9,
      9.6,
      12.9,
      6.3,
      7.4,
      10.7,
      10.7,
      10.7,
      7.4,
      7.4,
      6.3,
      10.7,
      12.9,
      9.6,
      8.5,
      11.8,
      9.6,
      11.8,
      10.7,
      9.6,
      10.7,
      5.2,
      8.5,
      16.2,
      10.7,
      12.9,
      11.8,
      12.9,
      12.9,
      14.0,
      11.8,
      8.5
    ],