{
  "strategy": "random",
  "run_id": 0,
  "seed": 42,
  "episodes": 170,
  "queries_per_episode": 25,
  "total_time": 0.02823042869567871,
  "metrics": {
    "task_completion_rate": {
      "mean": 0.4470588235294118,
      "std": 0.09877870131718697,
      "final": 0.32,
      "improvement": -0.12
    },
    "tool_selection_accuracy": {
      "mean": 0.03929411764705882,
      "std": 0.03818802508006366,
      "final": 0.04
    },
    "average_reward": {
      "mean": 9.794117647058824,
      "std": 2.716414286222642,
      "cumulative": 1665.0
    },
    "execution_time": {
      "mean": 4.258380216710708e-06,
      "std": 6.618084282105611e-07,
      "p95": 5.4168701171875e-06
    },
    "convergence": {
      "episodes_to_stable": 170,
      "final_variance": 0.010205440000000001
    }
  },
  "time_series": {
    "completion_rates": [
      0.44,
      0.52,
      0.36,
      0.48,
      0.44,
      0.4,
      0.28,
      0.48,
      0.28,
      0.56,
      0.4,
      0.56,
      0.36,
      0.4,
      0.24,
      0.44,
      0.52,
      0.52,
      0.36,
      0.28,
      0.36,
      0.32,
      0.52,
      0.36,
      0.52,
      0.44,
      0.56,
      0.48,
      0.52,
      0.44,
      0.48,
      0.48,
      0.52,
      0.52,
      0.28,
      0.48,
      0.32,
      0.52,
      0.32,
      0.52,
      0.48,
      0.48,
      0.68,
      0.56,
      0.6,
      0.48,
      0.56,
      0.4,
      0.56,
      0.6,
      0.36,
      0.6,
      0.56,
      0.52,
      0.52,
      0.44,
      0.36,
      0.48,
      0.48,
      0.44,
      0.6,
      0.56,
      0.52,
      0.52,
      0.4,
      0.32,
      0.4,
      0.52,
      0.4,
      0.48,
      0.28,
      0.52,
      0.36,
      0.52,
      0.4,
      0.52,
      0.36,
      0.4,
      0.32,
      0.4,
      0.64,
      0.68,
      0.72,
      0.6,
      0.48,
      0.52,
      0.4,
      0.36,
      0.48,
      0.4,
      0.4,
      0.64,
      0.32,
      0.44,
      0.52,
      0.36,
      0.32,
      0.48,
      0.52,
      0.48,
      0.56,
      0.52,
      0.32,
      0.56,
      0.4,
      0.4,
      0.44,
      0.48,
      0.48,
      0.52,
      0.56,
      0.6,
      0.4,
      0.24,
      0.44,
      0.44,
      0.32,
      0.4,
      0.28,
      0.2,
      0.36,
      0.52,
      0.32,
      0.4,
      0.52,
      0.4,
      0.36,
      0.36,
      0.52,
      0.4,
      0.56,
      0.52,
      0.4,
      0.4,
      0.48,
      0.36,
      0.64,
      0.48,
      0.44,
      0.4,
      0.48,
      0.48,
      0.28,
      0.28,
      0.48,
      0.44,
      0.48,
      0.36,
      0.64,
      0.6,
      0.28,
      0.48,
      0.4,
      0.44,
      0.36,
      0.36,
      0.44,
      0.36,
      0.36,
      0.48,
      0.4,
      0.44,
      0.48,
      0.48,
      0.32,
      0.32,
      0.36,
      0.56,
      0.44,
      0.32
    ],
    "tool_accuracies": [
      0.0,
      0.12,
      0.0,
      0.04,
      0.04,
      0.0,
      0.08,
      0.0,
      0.04,
      0.08,
      0.08,
      0.0,
      0.0,
      0.08,
      0.04,
      0.0,
      0.08,
      0.08,
      0.12,
      0.0,
      0.0,
      0.04,
      0.08,
      0.0,
      0.04,
      0.04,
      0.08,
      0.04,
      0.0,
      0.04,
      0.0,
      0.0,
      0.04,
      0.04,
      0.0,
      0.16,
      0.04,
      0.08,
      0.04,
      0.0,
      0.04,
      0.04,
      0.08,
      0.0,
      0.08,
      0.04,
      0.04,
      0.0,
      0.04,
      0.04,
      0.0,
      0.08,
      0.0,
      0.12,
      0.04,
      0.0,
      0.0,
      0.12,
      0.0,
      0.04,
      0.08,
      0.12,
      0.04,
      0.04,
      0.08,
      0.0,
      0.08,
      0.04,
      0.0,
      0.04,
      0.04,
      0.0,
      0.0,
      0.12,
      0.0,
      0.04,
      0.0,
      0.04,
      0.0,
      0.12,
      0.04,
      0.08,
      0.08,
      0.0,
      0.0,
      0.0,
      0.04,
      0.0,
      0.08,
      0.08,
      0.0,
      0.04,
      0.04,
      0.04,
      0.0,
      0.0,
      0.08,
      0.04,
      0.04,
      0.08,
      0.08,
      0.08,
      0.0,
      0.08,
      0.0,
      0.04,
      0.0,
      0.0,
      0.04,
      0.0,
      0.08,
      0.16,
      0.08,
      0.0,
      0.0,
      0.12,
      0.0,
      0.0,
      0.04,
      0.04,
      0.0,
      0.0,
      0.04,
      0.0,
      0.04,
      0.04,
      0.04,
      0.0,
      0.0,
      0.0,
      0.08,
      0.04,
      0.0,
      0.08,
      0.04,
      0.0,
      0.08,
      0.0,
      0.04,
      0.08,
      0.08,
      0.08,
      0.08,
      0.0,
      0.04,
      0.0,
      0.04,
      0.04,
      0.08,
      0.04,
      0.04,
      0.0,
      0.04,
      0.04,
      0.04,
      0.04,
      0.04,
      0.0,
      0.0,
      0.08,
      0.08,
      0.12,
      0.0,
      0.0,
      0.0,
      0.04,
      0.0,
      0.0,
      0.08,
      0.04
    ],
    "episode_rewards": [
      9.6,
      11.8,
      7.4,
      10.7,
      9.6,
      8.5,
      5.2,
      10.7,
      5.2,
      12.9,
      8.5,
      12.9,
      7.4,
      8.5,
      4.1,
      9.6,
      11.8,
      11.8,
      7.4,
      5.2,
      7.4,
      6.3,
      11.8,
      7.4,
      11.8,
      9.6,
      12.9,
      10.7,
      11.8,
      9.6,
      10.7,
      10.7,
      11.8,
      11.8,
      5.2,
      10.7,
      6.3,
      11.8,
      6.3,
      11.8,
      10.7,
      10.7,
      16.2,
      12.9,
      14.0,
      10.7,
      12.9,
      8.5,
      12.9,
      14.0,
      7.4,
      14.0,
      12.9,
      11.8,
      11.8,
      9.6,
      7.4,
      10.7,
      10.7,
      9.6,
      14.0,
      12.9,
      11.8,
      11.8,
      8.5,
      6.3,
      8.5,
      11.8,
      8.5,
      10.7,
      5.2,
      11.8,
      7.4,
      11.8,
      8.5,
      11.8,
      7.4,
      8.5,
      6.3,
      8.5,
      15.1,
      16.2,
      17.3,
      14.0,
      10.7,
      11.8,
      8.5,
      7.4,
      10.7,
      8.5,
      8.5,
      15.1,
      6.3,
      9.6,
      11.8,
      7.4,
      6.3,
      10.7,
      11.8,
      10.7,
      12.9,
      11.8,
      6.3,
      12.9,
      8.5,
      8.5,
      9.6,
      10.7,
      10.7,
      11.8,
      12.9,
      14.0,
      8.5,
      4.1,
      9.6,
      9.6,
      6.3,
      8.5,
      5.2,
      3.0,
      7.4,
      11.8,
      6.3,
      8.5,
      11.8,
      8.5,
      7.4,
      7.4,
      11.8,
      8.5,
      12.9,
      11.8,
      8.5,
      8.5,
      10.7,
      7.4,
      15.1,
      10.7,
      9.6,
      8.5,
      10.7,
      10.7,
      5.2,
      5.2,
      10.7,
      9.6,
      10.7,
      7.4,
      15.1,
      14.0,
      5.2,
      10.7,
      8.5,
      9.6,
      7.4,
      7.4,
      9.6,
      7.4,
      7.4,
      10.7,
      8.5,
      9.6,
      10.7,
      10.7,
      6.3,
      6.3,
      7.4,
      12.9,
      9.6,
      6.3
    ],