{
  "strategy": "context_agnostic",
  "run_id": 3,
  "seed": 789,
  "episodes": 230,
  "queries_per_episode": 25,
  "total_time": 0.1665821075439453,
  "metrics": {
    "task_completion_rate": {
      "mean": 0.49547826086956526,
      "std": 0.05793915066329608,
      "final": 0.48,
      "improvement": -0.08000000000000007
    },
    "tool_selection_accuracy": {
      "mean": 0.16591304347826086,
      "std": 0.03625742867627958,
      "final": 0.2
    },
    "average_reward": {
      "mean": 11.125652173913045,
      "std": 1.593326643240642,
      "cumulative": 2558.9
    },
    "execution_time": {
      "mean": 2.535691468612007e-05,
      "std": 7.485395111630211e-06,
      "p95": 4.0116310119628904e-05
    },
    "convergence": {
      "episodes_to_stable": 230,
      "final_variance": 0.003280640000000001
    }
  },
  "time_series": {
    "completion_rates": [
      0.56,
      0.52,
      0.56,
      0.4,
      0.48,
      0.6,
      0.48,
      0.4,
      0.52,
      0.44,
      0.44,
      0.44,
      0.48,
      0.6,
      0.52,
      0.48,
      0.4,
      0.52,
      0.52,
      0.52,
      0.56,
      0.52,
      0.48,
      0.6,
      0.48,
      0.56,
      0.44,
      0.4,
      0.44,
      0.48,
      0.48,
      0.48,
      0.4,
      0.44,
      0.4,
      0.48,
      0.48,
      0.52,
      0.36,
      0.52,
      0.48,
      0.56,
      0.52,
      0.48,
      0.44,
      0.6,
      0.52,
      0.52,
      0.4,
      0.44,
      0.48,
      0.52,
      0.4,
      0.56,
      0.44,
      0.48,
      0.48,
      0.56,
      0.56,
      0.52,
      0.44,
      0.44,
      0.48,
      0.52,
      0.56,
      0.44,
      0.48,
      0.44,
      0.56,
      0.56,
      0.48,
      0.48,
      0.52,
      0.52,
      0.56,
      0.52,
      0.48,
      0.48,
      0.36,
      0.48,
      0.36,
      0.44,
      0.6,
      0.56,
      0.44,
      0.44,
      0.44,
      0.48,
      0.44,
      0.6,
      0.52,
      0.56,
      0.48,
      0.56,
      0.52,
      0.52,
      0.4,
      0.6,
      0.56,
      0.4,
      0.44,
      0.44,
      0.52,
      0.52,
      0.56,
      0.48,
      0.56,
      0.52,
      0.48,
      0.52,
      0.44,
      0.6,
      0.56,
      0.52,
      0.48,
      0.6,
      0.48,
      0.52,
      0.56,
      0.48,
      0.52,
      0.44,
      0.48,
      0.56,
      0.56,
      0.6,
      0.56,
      0.48,
      0.48,
      0.48,
      0.44,
      0.48,
      0.48,
      0.48,
      0.44,
      0.56,
      0.56,
      0.56,
      0.52,
      0.4,
      0.44,
      0.56,
      0.48,
      0.4,
      0.56,
      0.56,
      0.44,
      0.56,
      0.52,
      0.56,
      0.48,
      0.56,
      0.52,
      0.48,
      0.44,
      0.56,
      0.4,
      0.48,
      0.48,
      0.52,
      0.56,
      0.4,
      0.52,
      0.48,
      0.4,
      0.48,
      0.48,
      0.48,
      0.48,
      0.56,
      0.48,
      0.52,
      0.56,
      0.44,
      0.52,
      0.4,
      0.52,
      0.44,
      0.44,
      0.44,
      0.52,
      0.52,
      0.52,
      0.52,
      0.4,
      0.48,
      0.56,
      0.44,
      0.44,
      0.48,
      0.6,
      0.4,
      0.44,
      0.48,
      0.44,
      0.64,
      0.48,
      0.52,
      0.48,
      0.56,
      0.56,
      0.48,
      0.52,
      0.44,
      0.56,
      0.44,
      0.6,
      0.56,
      0.48,
      0.6,
      0.48,
      0.4,
      0.4,
      0.56,
      0.4,
      0.44,
      0.48,
      0.52,
      0.52,
      0.52,
      0.6,
      0.52,
      0.4,
      0.48,
      0.56,
      0.52,
      0.44,
      0.52,
      0.52,
      0.48
    ],
    "tool_accuracies": [
      0.2,
      0.2,
      0.16,
      0.16,
      0.2,
      0.16,
      0.16,
      0.16,
      0.16,
      0.16,
      0.12,
      0.12,
      0.12,
      0.24,
      0.12,
      0.08,
      0.2,
      0.2,
      0.2,
      0.16,
      0.2,
      0.16,
      0.16,
      0.16,
      0.16,
      0.12,
      0.2,
      0.16,
      0.16,
      0.16,
      0.2,
      0.16,
      0.12,
      0.16,
      0.2,
      0.16,
      0.16,
      0.2,
      0.12,
      0.2,
      0.16,
      0.16,
      0.2,
      0.16,
      0.16,
      0.16,
      0.16,
      0.12,
      0.16,
      0.2,
      0.2,
      0.16,
      0.12,
      0.2,
      0.16,
      0.12,
      0.16,
      0.16,
      0.2,
      0.16,
      0.16,
      0.12,
      0.16,
      0.16,
      0.16,
      0.16,
      0.16,
      0.16,
      0.2,
      0.2,
      0.12,
      0.16,
      0.2,
      0.08,
      0.16,
      0.16,
      0.12,
      0.2,
      0.12,
      0.08,
      0.08,
      0.04,
      0.2,
      0.2,
      0.16,
      0.2,
      0.2,
      0.2,
      0.16,
      0.2,
      0.2,
      0.2,
      0.16,
      0.2,
      0.16,
      0.12,
      0.16,
      0.2,
      0.16,
      0.08,
      0.2,
      0.08,
      0.2,
      0.16,
      0.16,
      0.12,
      0.2,
      0.12,
      0.16,
      0.12,
      0.2,
      0.2,
      0.2,
      0.16,
      0.16,
      0.24,
      0.16,
      0.12,
      0.2,
      0.16,
      0.12,
      0.16,
      0.2,
      0.2,
      0.16,
      0.2,
      0.16,
      0.16,
      0.16,
      0.2,
      0.16,
      0.2,
      0.2,
      0.16,
      0.16,
      0.2,
      0.12,
      0.16,
      0.2,
      0.16,
      0.12,
      0.2,
      0.16,
      0.2,
      0.2,
      0.2,
      0.2,
      0.2,
      0.12,
      0.24,
      0.16,
      0.16,
      0.2,
      0.16,
      0.16,
      0.2,
      0.12,
      0.2,
      0.08,
      0.12,
      0.2,
      0.16,
      0.2,
      0.08,
      0.12,
      0.2,
      0.2,
      0.16,
      0.2,
      0.16,
      0.16,
      0.2,
      0.16,
      0.16,
      0.2,
      0.12,
      0.16,
      0.16,
      0.16,
      0.16,
      0.2,
      0.16,
      0.16,
      0.2,
      0.12,
      0.2,
      0.24,
      0.16,
      0.04,
      0.16,
      0.2,
      0.12,
      0.16,
      0.2,
      0.16,
      0.2,
      0.12,
      0.2,
      0.2,
      0.2,
      0.2,
      0.12,
      0.16,
      0.16,
      0.2,
      0.16,
      0.16,
      0.2,
      0.16,
      0.2,
      0.2,
      0.16,
      0.08,
      0.2,
      0.2,
      0.16,
      0.12,
      0.12,
      0.2,
      0.12,
      0.24,
      0.16,
      0.12,
      0.2,
      0.2,
      0.12,
      0.16,
      0.2,
      0.2,
      0.2
    ],