{
  "strategy": "context_agnostic",
  "run_id": 4,
  "seed": 999,
  "episodes": 230,
  "queries_per_episode": 25,
  "total_time": 0.152679443359375,
  "metrics": {
    "task_completion_rate": {
      "mean": 0.4867826086956521,
      "std": 0.05251166042081729,
      "final": 0.44,
      "improvement": 0.0
    },
    "tool_selection_accuracy": {
      "mean": 0.16330434782608697,
      "std": 0.038351276587344746,
      "final": 0.2
    },
    "average_reward": {
      "mean": 10.886521739130433,
      "std": 1.4440706615724754,
      "cumulative": 2503.9
    },
    "execution_time": {
      "mean": 2.353643334430197e-05,
      "std": 8.548680533643063e-06,
      "p95": 3.7780284881591794e-05
    },
    "convergence": {
      "episodes_to_stable": 230,
      "final_variance": 0.002640000000000001
    }
  },
  "time_series": {
    "completion_rates": [
      0.44,
      0.48,
      0.36,
      0.56,
      0.48,
      0.52,
      0.36,
      0.52,
      0.44,
      0.36,
      0.48,
      0.4,
      0.52,
      0.48,
      0.52,
      0.56,
      0.48,
      0.52,
      0.48,
      0.48,
      0.4,
      0.44,
      0.6,
      0.44,
      0.56,
      0.48,
      0.48,
      0.56,
      0.44,
      0.52,
      0.48,
      0.52,
      0.52,
      0.52,
      0.44,
      0.52,
      0.56,
      0.52,
      0.52,
      0.44,
      0.56,
      0.56,
      0.4,
      0.48,
      0.44,
      0.44,
      0.48,
      0.56,
      0.52,
      0.48,
      0.48,
      0.48,
      0.52,
      0.52,
      0.44,
      0.4,
      0.6,
      0.48,
      0.4,
      0.48,
      0.56,
      0.4,
      0.48,
      0.52,
      0.6,
      0.48,
      0.52,
      0.56,
      0.44,
      0.44,
      0.52,
      0.44,
      0.48,
      0.52,
      0.52,
      0.56,
      0.48,
      0.48,
      0.48,
      0.48,
      0.44,
      0.44,
      0.44,
      0.48,
      0.44,
      0.48,
      0.48,
      0.52,
      0.52,
      0.44,
      0.48,
      0.4,
      0.48,
      0.56,
      0.48,
      0.52,
      0.44,
      0.48,
      0.44,
      0.56,
      0.4,
      0.48,
      0.48,
      0.56,
      0.52,
      0.6,
      0.48,
      0.52,
      0.44,
      0.52,
      0.52,
      0.44,
      0.48,
      0.52,
      0.48,
      0.44,
      0.48,
      0.48,
      0.44,
      0.56,
      0.6,
      0.48,
      0.52,
      0.52,
      0.52,
      0.6,
      0.44,
      0.56,
      0.48,
      0.4,
      0.52,
      0.48,
      0.52,
      0.56,
      0.6,
      0.44,
      0.36,
      0.4,
      0.44,
      0.44,
      0.56,
      0.44,
      0.56,
      0.48,
      0.48,
      0.52,
      0.52,
      0.64,
      0.52,
      0.52,
      0.48,
      0.44,
      0.44,
      0.4,
      0.52,
      0.48,
      0.52,
      0.52,
      0.52,
      0.44,
      0.44,
      0.48,
      0.48,
      0.4,
      0.44,
      0.48,
      0.56,
      0.52,
      0.52,
      0.52,
      0.44,
      0.52,
      0.44,
      0.52,
      0.4,
      0.44,
      0.48,
      0.4,
      0.52,
      0.48,
      0.48,
      0.48,
      0.48,
      0.48,
      0.48,
      0.44,
      0.44,
      0.44,
      0.48,
      0.52,
      0.52,
      0.52,
      0.44,
      0.44,
      0.48,
      0.48,
      0.44,
      0.56,
      0.56,
      0.44,
      0.48,
      0.64,
      0.52,
      0.48,
      0.48,
      0.48,
      0.48,
      0.48,
      0.44,
      0.44,
      0.48,
      0.48,
      0.56,
      0.56,
      0.48,
      0.48,
      0.48,
      0.36,
      0.48,
      0.52,
      0.48,
      0.44,
      0.48,
      0.6,
      0.48,
      0.48,
      0.44,
      0.48,
      0.44,
      0.44
    ],
    "tool_accuracies": [
      0.16,
      0.16,
      0.12,
      0.2,
      0.12,
      0.2,
      0.08,
      0.24,
      0.2,
      0.12,
      0.08,
      0.08,
      0.2,
      0.16,
      0.16,
      0.16,
      0.12,
      0.12,
      0.2,
      0.12,
      0.12,
      0.16,
      0.16,
      0.16,
      0.2,
      0.16,
      0.2,
      0.2,
      0.12,
      0.2,
      0.16,
      0.16,
      0.12,
      0.16,
      0.16,
      0.2,
      0.2,
      0.2,
      0.2,
      0.16,
      0.12,
      0.16,
      0.16,
      0.2,
      0.16,
      0.16,
      0.16,
      0.2,
      0.12,
      0.16,
      0.2,
      0.2,
      0.2,
      0.12,
      0.08,
      0.08,
      0.24,
      0.2,
      0.08,
      0.12,
      0.2,
      0.12,
      0.2,
      0.2,
      0.12,
      0.2,
      0.16,
      0.2,
      0.12,
      0.16,
      0.12,
      0.2,
      0.2,
      0.2,
      0.12,
      0.16,
      0.16,
      0.16,
      0.24,
      0.12,
      0.2,
      0.16,
      0.2,
      0.16,
      0.16,
      0.16,
      0.16,
      0.16,
      0.2,
      0.16,
      0.2,
      0.12,
      0.16,
      0.12,
      0.16,
      0.2,
      0.12,
      0.16,
      0.12,
      0.24,
      0.08,
      0.2,
      0.2,
      0.2,
      0.2,
      0.16,
      0.2,
      0.16,
      0.16,
      0.12,
      0.24,
      0.16,
      0.16,
      0.2,
      0.12,
      0.12,
      0.16,
      0.16,
      0.12,
      0.24,
      0.2,
      0.16,
      0.12,
      0.2,
      0.2,
      0.2,
      0.16,
      0.24,
      0.16,
      0.12,
      0.12,
      0.2,
      0.2,
      0.24,
      0.12,
      0.16,
      0.04,
      0.12,
      0.12,
      0.16,
      0.16,
      0.12,
      0.12,
      0.12,
      0.16,
      0.24,
      0.2,
      0.2,
      0.2,
      0.2,
      0.16,
      0.2,
      0.16,
      0.08,
      0.2,
      0.08,
      0.16,
      0.2,
      0.16,
      0.12,
      0.16,
      0.12,
      0.16,
      0.16,
      0.16,
      0.16,
      0.16,
      0.2,
      0.16,
      0.2,
      0.2,
      0.2,
      0.2,
      0.2,
      0.08,
      0.16,
      0.16,
      0.16,
      0.2,
      0.16,
      0.2,
      0.2,
      0.2,
      0.16,
      0.2,
      0.16,
      0.12,
      0.2,
      0.16,
      0.16,
      0.16,
      0.12,
      0.12,
      0.16,
      0.2,
      0.12,
      0.16,
      0.2,
      0.16,
      0.08,
      0.12,
      0.16,
      0.16,
      0.16,
      0.16,
      0.2,
      0.24,
      0.16,
      0.12,
      0.12,
      0.2,
      0.2,
      0.16,
      0.16,
      0.12,
      0.16,
      0.2,
      0.12,
      0.16,
      0.16,
      0.2,
      0.16,
      0.16,
      0.16,
      0.16,
      0.16,
      0.16,
      0.2,
      0.12,
      0.2
    ],