{
  "strategy": "context_agnostic",
  "run_id": 0,
  "seed": 42,
  "episodes": 230,
  "queries_per_episode": 25,
  "total_time": 0.1733260154724121,
  "metrics": {
    "task_completion_rate": {
      "mean": 0.49286956521739134,
      "std": 0.056457220701839214,
      "final": 0.44,
      "improvement": -0.03999999999999998
    },
    "tool_selection_accuracy": {
      "mean": 0.16486956521739132,
      "std": 0.03790985227893884,
      "final": 0.12
    },
    "average_reward": {
      "mean": 11.05391304347826,
      "std": 1.5525735693005782,
      "cumulative": 2542.4
    },
    "execution_time": {
      "mean": 2.624097077742867e-05,
      "std": 1.1172350203262488e-05,
      "p95": 4.71363067626953e-05
    },
    "convergence": {
      "episodes_to_stable": 230,
      "final_variance": 0.0034577600000000016
    }
  },
  "time_series": {
    "completion_rates": [
      0.48,
      0.56,
      0.52,
      0.44,
      0.4,
      0.48,
      0.52,
      0.52,
      0.52,
      0.4,
      0.48,
      0.52,
      0.52,
      0.44,
      0.6,
      0.48,
      0.48,
      0.48,
      0.52,
      0.56,
      0.52,
      0.48,
      0.44,
      0.48,
      0.56,
      0.48,
      0.48,
      0.48,
      0.6,
      0.48,
      0.6,
      0.52,
      0.56,
      0.4,
      0.4,
      0.56,
      0.4,
      0.44,
      0.48,
      0.44,
      0.48,
      0.44,
      0.44,
      0.52,
      0.48,
      0.52,
      0.52,
      0.48,
      0.48,
      0.48,
      0.52,
      0.48,
      0.56,
      0.52,
      0.4,
      0.48,
      0.4,
      0.44,
      0.44,
      0.52,
      0.52,
      0.56,
      0.48,
      0.48,
      0.44,
      0.56,
      0.6,
      0.48,
      0.52,
      0.52,
      0.44,
      0.4,
      0.48,
      0.48,
      0.36,
      0.52,
      0.44,
      0.48,
      0.44,
      0.48,
      0.44,
      0.52,
      0.64,
      0.4,
      0.44,
      0.52,
      0.44,
      0.52,
      0.44,
      0.4,
      0.52,
      0.56,
      0.56,
      0.52,
      0.44,
      0.48,
      0.56,
      0.6,
      0.52,
      0.52,
      0.48,
      0.48,
      0.4,
      0.44,
      0.52,
      0.48,
      0.4,
      0.48,
      0.52,
      0.52,
      0.52,
      0.52,
      0.52,
      0.52,
      0.52,
      0.48,
      0.56,
      0.48,
      0.6,
      0.48,
      0.44,
      0.56,
      0.56,
      0.56,
      0.52,
      0.6,
      0.44,
      0.52,
      0.44,
      0.44,
      0.52,
      0.4,
      0.52,
      0.56,
      0.48,
      0.48,
      0.4,
      0.6,
      0.48,
      0.52,
      0.52,
      0.56,
      0.52,
      0.4,
      0.68,
      0.52,
      0.48,
      0.44,
      0.48,
      0.52,
      0.56,
      0.44,
      0.6,
      0.48,
      0.56,
      0.48,
      0.48,
      0.48,
      0.52,
      0.44,
      0.48,
      0.48,
      0.56,
      0.56,
      0.36,
      0.52,
      0.52,
      0.48,
      0.48,
      0.52,
      0.48,
      0.4,
      0.48,
      0.6,
      0.44,
      0.48,
      0.52,
      0.52,
      0.36,
      0.44,
      0.44,
      0.52,
      0.4,
      0.44,
      0.48,
      0.44,
      0.52,
      0.52,
      0.44,
      0.48,
      0.48,
      0.56,
      0.44,
      0.48,
      0.48,
      0.52,
      0.56,
      0.6,
      0.56,
      0.48,
      0.48,
      0.44,
      0.56,
      0.56,
      0.56,
      0.52,
      0.52,
      0.52,
      0.4,
      0.44,
      0.6,
      0.56,
      0.56,
      0.48,
      0.44,
      0.48,
      0.44,
      0.52,
      0.48,
      0.36,
      0.44,
      0.44,
      0.44,
      0.44,
      0.44,
      0.56,
      0.48,
      0.52,
      0.56,
      0.44
    ],
    "tool_accuracies": [
      0.16,
      0.12,
      0.16,
      0.12,
      0.04,
      0.12,
      0.16,
      0.12,
      0.2,
      0.08,
      0.2,
      0.12,
      0.2,
      0.16,
      0.2,
      0.16,
      0.2,
      0.2,
      0.16,
      0.2,
      0.2,
      0.12,
      0.16,
      0.2,
      0.2,
      0.12,
      0.2,
      0.08,
      0.2,
      0.16,
      0.2,
      0.16,
      0.2,
      0.16,
      0.12,
      0.16,
      0.12,
      0.12,
      0.2,
      0.16,
      0.2,
      0.16,
      0.16,
      0.12,
      0.12,
      0.2,
      0.24,
      0.2,
      0.12,
      0.16,
      0.16,
      0.2,
      0.2,
      0.2,
      0.12,
      0.2,
      0.12,
      0.12,
      0.2,
      0.16,
      0.2,
      0.12,
      0.12,
      0.2,
      0.2,
      0.16,
      0.16,
      0.16,
      0.08,
      0.16,
      0.08,
      0.12,
      0.16,
      0.16,
      0.08,
      0.16,
      0.16,
      0.2,
      0.12,
      0.16,
      0.16,
      0.16,
      0.16,
      0.12,
      0.16,
      0.2,
      0.16,
      0.12,
      0.12,
      0.12,
      0.16,
      0.2,
      0.2,
      0.16,
      0.16,
      0.16,
      0.16,
      0.16,
      0.2,
      0.16,
      0.2,
      0.2,
      0.12,
      0.08,
      0.2,
      0.2,
      0.16,
      0.16,
      0.16,
      0.2,
      0.12,
      0.16,
      0.24,
      0.12,
      0.2,
      0.2,
      0.2,
      0.2,
      0.2,
      0.2,
      0.12,
      0.2,
      0.2,
      0.2,
      0.16,
      0.2,
      0.12,
      0.12,
      0.12,
      0.12,
      0.12,
      0.12,
      0.16,
      0.2,
      0.16,
      0.2,
      0.2,
      0.24,
      0.12,
      0.16,
      0.2,
      0.2,
      0.2,
      0.12,
      0.04,
      0.16,
      0.16,
      0.16,
      0.16,
      0.16,
      0.2,
      0.12,
      0.2,
      0.2,
      0.2,
      0.16,
      0.2,
      0.2,
      0.16,
      0.2,
      0.12,
      0.2,
      0.16,
      0.2,
      0.12,
      0.2,
      0.2,
      0.2,
      0.2,
      0.16,
      0.16,
      0.16,
      0.2,
      0.08,
      0.16,
      0.2,
      0.2,
      0.2,
      0.12,
      0.16,
      0.12,
      0.2,
      0.16,
      0.12,
      0.2,
      0.12,
      0.2,
      0.16,
      0.2,
      0.2,
      0.16,
      0.2,
      0.16,
      0.08,
      0.2,
      0.16,
      0.2,
      0.24,
      0.2,
      0.16,
      0.2,
      0.16,
      0.2,
      0.16,
      0.2,
      0.16,
      0.12,
      0.2,
      0.12,
      0.16,
      0.24,
      0.16,
      0.2,
      0.12,
      0.12,
      0.2,
      0.2,
      0.2,
      0.16,
      0.12,
      0.16,
      0.2,
      0.2,
      0.16,
      0.2,
      0.12,
      0.16,
      0.16,
      0.2,
      0.12
    ],