{
  "strategy": "context_agnostic",
  "run_id": 2,
  "seed": 456,
  "episodes": 230,
  "queries_per_episode": 25,
  "total_time": 0.14043593406677246,
  "metrics": {
    "task_completion_rate": {
      "mean": 0.4864347826086957,
      "std": 0.051350311024803405,
      "final": 0.56,
      "improvement": 0.16000000000000003
    },
    "tool_selection_accuracy": {
      "mean": 0.16069565217391305,
      "std": 0.03653995404986128,
      "final": 0.2
    },
    "average_reward": {
      "mean": 10.87695652173913,
      "std": 1.4121335531820938,
      "cumulative": 2501.7
    },
    "execution_time": {
      "mean": 2.1890847579292635e-05,
      "std": 4.020424937584149e-06,
      "p95": 2.7479648590087886e-05
    },
    "convergence": {
      "episodes_to_stable": 230,
      "final_variance": 0.002960000000000001
    }
  },
  "time_series": {
    "completion_rates": [
      0.4,
      0.52,
      0.4,
      0.52,
      0.48,
      0.48,
      0.52,
      0.44,
      0.44,
      0.52,
      0.48,
      0.48,
      0.56,
      0.56,
      0.52,
      0.52,
      0.48,
      0.4,
      0.52,
      0.44,
      0.52,
      0.48,
      0.56,
      0.48,
      0.44,
      0.48,
      0.52,
      0.52,
      0.48,
      0.48,
      0.44,
      0.56,
      0.52,
      0.48,
      0.44,
      0.52,
      0.48,
      0.52,
      0.56,
      0.56,
      0.4,
      0.48,
      0.4,
      0.48,
      0.52,
      0.48,
      0.52,
      0.48,
      0.48,
      0.48,
      0.4,
      0.48,
      0.48,
      0.4,
      0.52,
      0.52,
      0.48,
      0.48,
      0.48,
      0.48,
      0.44,
      0.44,
      0.48,
      0.52,
      0.48,
      0.44,
      0.52,
      0.44,
      0.48,
      0.48,
      0.48,
      0.4,
      0.56,
      0.4,
      0.52,
      0.44,
      0.52,
      0.52,
      0.56,
      0.48,
      0.48,
      0.52,
      0.48,
      0.52,
      0.4,
      0.52,
      0.48,
      0.44,
      0.48,
      0.52,
      0.36,
      0.44,
      0.44,
      0.52,
      0.56,
      0.48,
      0.48,
      0.52,
      0.52,
      0.6,
      0.6,
      0.4,
      0.48,
      0.44,
      0.52,
      0.44,
      0.56,
      0.44,
      0.48,
      0.44,
      0.48,
      0.6,
      0.48,
      0.48,
      0.48,
      0.48,
      0.52,
      0.48,
      0.48,
      0.52,
      0.52,
      0.52,
      0.6,
      0.56,
      0.56,
      0.44,
      0.48,
      0.4,
      0.56,
      0.52,
      0.48,
      0.48,
      0.48,
      0.48,
      0.52,
      0.44,
      0.44,
      0.44,
      0.48,
      0.56,
      0.48,
      0.52,
      0.44,
      0.48,
      0.44,
      0.64,
      0.56,
      0.44,
      0.44,
      0.4,
      0.52,
      0.48,
      0.48,
      0.6,
      0.52,
      0.56,
      0.44,
      0.44,
      0.36,
      0.48,
      0.52,
      0.56,
      0.56,
      0.4,
      0.56,
      0.48,
      0.6,
      0.52,
      0.44,
      0.52,
      0.48,
      0.48,
      0.48,
      0.4,
      0.4,
      0.44,
      0.48,
      0.52,
      0.52,
      0.44,
      0.56,
      0.56,
      0.56,
      0.52,
      0.44,
      0.44,
      0.48,
      0.48,
      0.52,
      0.48,
      0.44,
      0.44,
      0.52,
      0.44,
      0.6,
      0.48,
      0.52,
      0.44,
      0.52,
      0.4,
      0.4,
      0.48,
      0.48,
      0.52,
      0.44,
      0.48,
      0.44,
      0.44,
      0.4,
      0.48,
      0.36,
      0.4,
      0.52,
      0.44,
      0.56,
      0.48,
      0.44,
      0.48,
      0.52,
      0.52,
      0.48,
      0.48,
      0.48,
      0.52,
      0.44,
      0.52,
      0.48,
      0.56,
      0.44,
      0.56
    ],
    "tool_accuracies": [
      0.16,
      0.16,
      0.12,
      0.16,
      0.16,
      0.2,
      0.12,
      0.16,
      0.12,
      0.16,
      0.2,
      0.12,
      0.2,
      0.16,
      0.2,
      0.12,
      0.16,
      0.12,
      0.12,
      0.16,
      0.2,
      0.2,
      0.16,
      0.12,
      0.16,
      0.2,
      0.2,
      0.2,
      0.16,
      0.16,
      0.12,
      0.2,
      0.12,
      0.16,
      0.16,
      0.16,
      0.12,
      0.2,
      0.2,
      0.2,
      0.16,
      0.16,
      0.08,
      0.12,
      0.16,
      0.2,
      0.2,
      0.12,
      0.2,
      0.2,
      0.08,
      0.16,
      0.16,
      0.12,
      0.08,
      0.16,
      0.2,
      0.12,
      0.16,
      0.2,
      0.08,
      0.16,
      0.2,
      0.2,
      0.16,
      0.16,
      0.16,
      0.2,
      0.16,
      0.12,
      0.16,
      0.04,
      0.16,
      0.12,
      0.16,
      0.12,
      0.16,
      0.24,
      0.16,
      0.2,
      0.16,
      0.16,
      0.16,
      0.16,
      0.08,
      0.16,
      0.16,
      0.12,
      0.2,
      0.2,
      0.12,
      0.12,
      0.16,
      0.2,
      0.2,
      0.2,
      0.2,
      0.2,
      0.16,
      0.2,
      0.12,
      0.16,
      0.16,
      0.12,
      0.16,
      0.2,
      0.2,
      0.08,
      0.2,
      0.12,
      0.2,
      0.2,
      0.12,
      0.2,
      0.16,
      0.16,
      0.2,
      0.12,
      0.12,
      0.24,
      0.2,
      0.2,
      0.12,
      0.16,
      0.2,
      0.2,
      0.2,
      0.16,
      0.12,
      0.12,
      0.2,
      0.16,
      0.2,
      0.08,
      0.12,
      0.16,
      0.2,
      0.12,
      0.2,
      0.2,
      0.16,
      0.12,
      0.16,
      0.2,
      0.12,
      0.24,
      0.16,
      0.16,
      0.16,
      0.16,
      0.16,
      0.2,
      0.16,
      0.12,
      0.2,
      0.2,
      0.16,
      0.16,
      0.16,
      0.12,
      0.16,
      0.12,
      0.12,
      0.16,
      0.16,
      0.2,
      0.2,
      0.2,
      0.16,
      0.16,
      0.12,
      0.2,
      0.12,
      0.08,
      0.16,
      0.12,
      0.2,
      0.16,
      0.2,
      0.2,
      0.16,
      0.16,
      0.16,
      0.2,
      0.12,
      0.08,
      0.2,
      0.12,
      0.16,
      0.2,
      0.2,
      0.16,
      0.2,
      0.16,
      0.12,
      0.12,
      0.16,
      0.08,
      0.12,
      0.2,
      0.16,
      0.2,
      0.16,
      0.2,
      0.16,
      0.2,
      0.16,
      0.2,
      0.16,
      0.12,
      0.12,
      0.12,
      0.16,
      0.16,
      0.2,
      0.16,
      0.2,
      0.2,
      0.12,
      0.16,
      0.16,
      0.08,
      0.12,
      0.2,
      0.16,
      0.16,
      0.2,
      0.16,
      0.12,
      0.2
    ],