{
  "strategy": "context_agnostic",
  "run_id": 1,
  "seed": 123,
  "episodes": 230,
  "queries_per_episode": 25,
  "total_time": 0.1417558193206787,
  "metrics": {
    "task_completion_rate": {
      "mean": 0.4869565217391304,
      "std": 0.06357705236877298,
      "final": 0.44,
      "improvement": -0.15999999999999998
    },
    "tool_selection_accuracy": {
      "mean": 0.16104347826086957,
      "std": 0.038569506158272315,
      "final": 0.12
    },
    "average_reward": {
      "mean": 10.891304347826084,
      "std": 1.7483689401412568,
      "cumulative": 2505.0
    },
    "execution_time": {
      "mean": 2.1970790365467902e-05,
      "std": 5.309672944085504e-06,
      "p95": 2.9092311859130847e-05
    },
    "convergence": {
      "episodes_to_stable": 230,
      "final_variance": 0.004959360000000001
    }
  },
  "time_series": {
    "completion_rates": [
      0.6,
      0.4,
      0.44,
      0.44,
      0.48,
      0.6,
      0.48,
      0.44,
      0.48,
      0.56,
      0.36,
      0.48,
      0.48,
      0.52,
      0.6,
      0.44,
      0.52,
      0.48,
      0.52,
      0.44,
      0.48,
      0.44,
      0.48,
      0.56,
      0.44,
      0.52,
      0.4,
      0.48,
      0.52,
      0.44,
      0.48,
      0.44,
      0.44,
      0.48,
      0.52,
      0.4,
      0.52,
      0.48,
      0.56,
      0.52,
      0.52,
      0.44,
      0.52,
      0.48,
      0.44,
      0.52,
      0.48,
      0.48,
      0.44,
      0.44,
      0.52,
      0.44,
      0.44,
      0.6,
      0.48,
      0.44,
      0.6,
      0.64,
      0.48,
      0.52,
      0.4,
      0.48,
      0.44,
      0.44,
      0.44,
      0.56,
      0.52,
      0.52,
      0.56,
      0.52,
      0.48,
      0.52,
      0.44,
      0.44,
      0.48,
      0.52,
      0.4,
      0.52,
      0.48,
      0.44,
      0.52,
      0.52,
      0.56,
      0.4,
      0.56,
      0.52,
      0.52,
      0.56,
      0.48,
      0.48,
      0.48,
      0.6,
      0.6,
      0.48,
      0.52,
      0.56,
      0.44,
      0.52,
      0.6,
      0.44,
      0.44,
      0.48,
      0.6,
      0.44,
      0.4,
      0.52,
      0.44,
      0.6,
      0.48,
      0.48,
      0.44,
      0.52,
      0.44,
      0.44,
      0.48,
      0.48,
      0.52,
      0.52,
      0.52,
      0.4,
      0.64,
      0.44,
      0.52,
      0.44,
      0.56,
      0.48,
      0.44,
      0.44,
      0.48,
      0.6,
      0.52,
      0.52,
      0.56,
      0.4,
      0.56,
      0.44,
      0.44,
      0.48,
      0.44,
      0.56,
      0.44,
      0.28,
      0.56,
      0.48,
      0.52,
      0.52,
      0.52,
      0.52,
      0.64,
      0.44,
      0.48,
      0.36,
      0.44,
      0.44,
      0.52,
      0.36,
      0.52,
      0.48,
      0.52,
      0.48,
      0.52,
      0.44,
      0.4,
      0.56,
      0.56,
      0.4,
      0.48,
      0.48,
      0.48,
      0.44,
      0.6,
      0.6,
      0.44,
      0.44,
      0.48,
      0.44,
      0.48,
      0.4,
      0.44,
      0.48,
      0.48,
      0.48,
      0.36,
      0.52,
      0.36,
      0.6,
      0.6,
      0.52,
      0.6,
      0.56,
      0.52,
      0.48,
      0.56,
      0.48,
      0.56,
      0.36,
      0.4,
      0.4,
      0.56,
      0.44,
      0.52,
      0.44,
      0.36,
      0.48,
      0.56,
      0.52,
      0.44,
      0.56,
      0.48,
      0.48,
      0.52,
      0.6,
      0.44,
      0.56,
      0.48,
      0.44,
      0.36,
      0.48,
      0.4,
      0.56,
      0.48,
      0.52,
      0.28,
      0.56,
      0.44,
      0.48,
      0.44,
      0.48,
      0.44,
      0.44
    ],
    "tool_accuracies": [
      0.16,
      0.12,
      0.08,
      0.12,
      0.08,
      0.16,
      0.16,
      0.08,
      0.16,
      0.2,
      0.16,
      0.2,
      0.12,
      0.16,
      0.2,
      0.2,
      0.2,
      0.2,
      0.12,
      0.2,
      0.2,
      0.12,
      0.2,
      0.16,
      0.16,
      0.2,
      0.16,
      0.12,
      0.2,
      0.16,
      0.2,
      0.12,
      0.12,
      0.2,
      0.16,
      0.12,
      0.16,
      0.12,
      0.2,
      0.12,
      0.2,
      0.16,
      0.16,
      0.12,
      0.2,
      0.2,
      0.16,
      0.16,
      0.16,
      0.16,
      0.16,
      0.16,
      0.16,
      0.12,
      0.2,
      0.16,
      0.2,
      0.2,
      0.2,
      0.16,
      0.08,
      0.24,
      0.08,
      0.2,
      0.16,
      0.16,
      0.2,
      0.2,
      0.16,
      0.12,
      0.2,
      0.2,
      0.12,
      0.2,
      0.2,
      0.2,
      0.08,
      0.16,
      0.16,
      0.12,
      0.08,
      0.2,
      0.16,
      0.12,
      0.24,
      0.16,
      0.16,
      0.12,
      0.12,
      0.12,
      0.2,
      0.16,
      0.08,
      0.12,
      0.2,
      0.2,
      0.2,
      0.16,
      0.2,
      0.2,
      0.16,
      0.12,
      0.2,
      0.16,
      0.12,
      0.2,
      0.12,
      0.2,
      0.12,
      0.08,
      0.12,
      0.2,
      0.16,
      0.16,
      0.16,
      0.2,
      0.2,
      0.16,
      0.2,
      0.16,
      0.08,
      0.16,
      0.2,
      0.16,
      0.24,
      0.2,
      0.16,
      0.16,
      0.16,
      0.2,
      0.2,
      0.2,
      0.2,
      0.12,
      0.12,
      0.08,
      0.16,
      0.12,
      0.2,
      0.16,
      0.2,
      0.12,
      0.2,
      0.2,
      0.2,
      0.2,
      0.16,
      0.2,
      0.2,
      0.16,
      0.2,
      0.08,
      0.2,
      0.16,
      0.16,
      0.12,
      0.24,
      0.16,
      0.16,
      0.08,
      0.16,
      0.16,
      0.16,
      0.16,
      0.16,
      0.12,
      0.16,
      0.16,
      0.04,
      0.12,
      0.12,
      0.16,
      0.08,
      0.16,
      0.16,
      0.16,
      0.2,
      0.16,
      0.2,
      0.2,
      0.16,
      0.2,
      0.12,
      0.24,
      0.08,
      0.16,
      0.2,
      0.12,
      0.2,
      0.2,
      0.16,
      0.16,
      0.2,
      0.12,
      0.2,
      0.16,
      0.12,
      0.12,
      0.2,
      0.2,
      0.16,
      0.16,
      0.16,
      0.16,
      0.2,
      0.16,
      0.16,
      0.16,
      0.16,
      0.16,
      0.2,
      0.2,
      0.12,
      0.12,
      0.16,
      0.12,
      0.12,
      0.12,
      0.16,
      0.2,
      0.16,
      0.16,
      0.12,
      0.16,
      0.12,
      0.2,
      0.2,
      0.2,
      0.12,
      0.12
    ],