{
  "strategy": "fixed_policy",
  "run_id": 2,
  "seed": 456,
  "episodes": 230,
  "queries_per_episode": 25,
  "total_time": 0.027953386306762695,
  "metrics": {
    "task_completion_rate": {
      "mean": 0.4800000000000001,
      "std": 1.1102230246251565e-16,
      "final": 0.48,
      "improvement": 0.0
    },
    "tool_selection_accuracy": {
      "mean": 0.2,
      "std": 0.0,
      "final": 0.2
    },
    "average_reward": {
      "mean": 10.7,
      "std": 0.0,
      "cumulative": 2461.0
    },
    "execution_time": {
      "mean": 2.4466307266898773e-06,
      "std": 5.419970912005344e-07,
      "p95": 3.519058227539059e-06
    },
    "convergence": {
      "episodes_to_stable": 100,
      "final_variance": 0.0
    }
  },
  "time_series": {
    "completion_rates": [
      0.48,
      0.48,
      0.48,
      0.48,
      0.48,
      0.48,
      0.48,
      0.48,
      0.48,
      0.48,
      0.48,
      0.48,
      0.48,
      0.48,
      0.48,
      0.48,
      0.48,
      0.48,
      0.48,
      0.48,
      0.48,
      0.48,
      0.48,
      0.48,
      0.48,
      0.48,
      0.48,
      0.48,
      0.48,
      0.48,
      0.48,
      0.48,
      0.48,
      0.48,
      0.48,
      0.48,
      0.48,
      0.48,
      0.48,
      0.48,
      0.48,
      0.48,
      0.48,
      0.48,
      0.48,
      0.48,
      0.48,
      0.48,
      0.48,
      0.48,
      0.48,
      0.48,
      0.48,
      0.48,
      0.48,
      0.48,
      0.48,
      0.48,
      0.48,
      0.48,
      0.48,
      0.48,
      0.48,
      0.48,
      0.48,
      0.48,
      0.48,
      0.48,
      0.48,
      0.48,
      0.48,
      0.48,
      0.48,
      0.48,
      0.48,
      0.48,
      0.48,
      0.48,
      0.48,
      0.48,
      0.48,
      0.48,
      0.48,
      0.48,
      0.48,
      0.48,
      0.48,
      0.48,
      0.48,
      0.48,
      0.48,
      0.48,
      0.48,
      0.48,
      0.48,
      0.48,
      0.48,
      0.48,
      0.48,
      0.48,
      0.48,
      0.48,
      0.48,
      0.48,
      0.48,
      0.48,
      0.48,
      0.48,
      0.48,
      0.48,
      0.48,
      0.48,
      0.48,
      0.48,
      0.48,
      0.48,
      0.48,
      0.48,
      0.48,
      0.48,
      0.48,
      0.48,
      0.48,
      0.48,
      0.48,
      0.48,
      0.48,
      0.48,
      0.48,
      0.48,
      0.48,
      0.48,
      0.48,
      0.48,
      0.48,
      0.48,
      0.48,
      0.48,
      0.48,
      0.48,
      0.48,
      0.48,
      0.48,
      0.48,
      0.48,
      0.48,
      0.48,
      0.48,
      0.48,
      0.48,
      0.48,
      0.48,
      0.48,
      0.48,
      0.48,
      0.48,
      0.48,
      0.48,
      0.48,
      0.48,
      0.48,
      0.48,
      0.48,
      0.48,
      0.48,
      0.48,
      0.48,
      0.48,
      0.48,
      0.48,
      0.48,
      0.48,
      0.48,
      0.48,
      0.48,
      0.48,
      0.48,
      0.48,
      0.48,
      0.48,
      0.48,
      0.48,
      0.48,
      0.48,
      0.48,
      0.48,
      0.48,
      0.48,
      0.48,
      0.48,
      0.48,
      0.48,
      0.48,
      0.48,
      0.48,
      0.48,
      0.48,
      0.48,
      0.48,
      0.48,
      0.48,
      0.48,
      0.48,
      0.48,
      0.48,
      0.48,
      0.48,
      0.48,
      0.48,
      0.48,
      0.48,
      0.48,
      0.48,
      0.48,
      0.48,
      0.48,
      0.48,
      0.48,
      0.48,
      0.48,
      0.48,
      0.48,
      0.48,
      0.48,
      0.48,
      0.48,
      0.48,
      0.48,
      0.48,
      0.48
    ],
    "tool_accuracies": [
      0.2,
      0.2,
      0.2,
      0.2,
      0.2,
      0.2,
      0.2,
      0.2,
      0.2,
      0.2,
      0.2,
      0.2,
      0.2,
      0.2,
      0.2,
      0.2,
      0.2,
      0.2,
      0.2,
      0.2,
      0.2,
      0.2,
      0.2,
      0.2,
      0.2,
      0.2,
      0.2,
      0.2,
      0.2,
      0.2,
      0.2,
      0.2,
      0.2,
      0.2,
      0.2,
      0.2,
      0.2,
      0.2,
      0.2,
      0.2,
      0.2,
      0.2,
      0.2,
      0.2,
      0.2,
      0.2,
      0.2,
      0.2,
      0.2,
      0.2,
      0.2,
      0.2,
      0.2,
      0.2,
      0.2,
      0.2,
      0.2,
      0.2,
      0.2,
      0.2,
      0.2,
      0.2,
      0.2,
      0.2,
      0.2,
      0.2,
      0.2,
      0.2,
      0.2,
      0.2,
      0.2,
      0.2,
      0.2,
      0.2,
      0.2,
      0.2,
      0.2,
      0.2,
      0.2,
      0.2,
      0.2,
      0.2,
      0.2,
      0.2,
      0.2,
      0.2,
      0.2,
      0.2,
      0.2,
      0.2,
      0.2,
      0.2,
      0.2,
      0.2,
      0.2,
      0.2,
      0.2,
      0.2,
      0.2,
      0.2,
      0.2,
      0.2,
      0.2,
      0.2,
      0.2,
      0.2,
      0.2,
      0.2,
      0.2,
      0.2,
      0.2,
      0.2,
      0.2,
      0.2,
      0.2,
      0.2,
      0.2,
      0.2,
      0.2,
      0.2,
      0.2,
      0.2,
      0.2,
      0.2,
      0.2,
      0.2,
      0.2,
      0.2,
      0.2,
      0.2,
      0.2,
      0.2,
      0.2,
      0.2,
      0.2,
      0.2,
      0.2,
      0.2,
      0.2,
      0.2,
      0.2,
      0.2,
      0.2,
      0.2,
      0.2,
      0.2,
      0.2,
      0.2,
      0.2,
      0.2,
      0.2,
      0.2,
      0.2,
      0.2,
      0.2,
      0.2,
      0.2,
      0.2,
      0.2,
      0.2,
      0.2,
      0.2,
      0.2,
      0.2,
      0.2,
      0.2,
      0.2,
      0.2,
      0.2,
      0.2,
      0.2,
      0.2,
      0.2,
      0.2,
      0.2,
      0.2,
      0.2,
      0.2,
      0.2,
      0.2,
      0.2,
      0.2,
      0.2,
      0.2,
      0.2,
      0.2,
      0.2,
      0.2,
      0.2,
      0.2,
      0.2,
      0.2,
      0.2,
      0.2,
      0.2,
      0.2,
      0.2,
      0.2,
      0.2,
      0.2,
      0.2,
      0.2,
      0.2,
      0.2,
      0.2,
      0.2,
      0.2,
      0.2,
      0.2,
      0.2,
      0.2,
      0.2,
      0.2,
      0.2,
      0.2,
      0.2,
      0.2,
      0.2,
      0.2,
      0.2,
      0.2,
      0.2,
      0.2,
      0.2,
      0.2,
      0.2,
      0.2,
      0.2,
      0.2,
      0.2
    ],