{
  "strategy": "greedy",
  "run_id": 0,
  "seed": 42,
  "episodes": 230,
  "queries_per_episode": 25,
  "total_time": 0.021744489669799805,
  "metrics": {
    "task_completion_rate": {
      "mean": 0.2533913043478261,
      "std": 0.08608274034471253,
      "final": 0.12,
      "improvement": -0.16000000000000003
    },
    "tool_selection_accuracy": {
      "mean": 0.08191304347826085,
      "std": 0.05049142246868425,
      "final": 0.04
    },
    "average_reward": {
      "mean": 4.468260869565216,
      "std": 2.3672753594795948,
      "cumulative": 1027.7
    },
    "execution_time": {
      "mean": 1.9341759059740153e-06,
      "std": 1.8202906451316721e-06,
      "p95": 2.595424652099607e-06
    },
    "convergence": {
      "episodes_to_stable": 230,
      "final_variance": 0.006789760000000001
    }
  },
  "time_series": {
    "completion_rates": [
      0.28,
      0.24,
      0.2,
      0.2,
      0.2,
      0.4,
      0.16,
      0.12,
      0.36,
      0.48,
      0.16,
      0.32,
      0.24,
      0.08,
      0.32,
      0.4,
      0.16,
      0.2,
      0.32,
      0.32,
      0.32,
      0.24,
      0.28,
      0.28,
      0.24,
      0.24,
      0.2,
      0.08,
      0.12,
      0.36,
      0.16,
      0.24,
      0.12,
      0.32,
      0.24,
      0.24,
      0.32,
      0.28,
      0.32,
      0.28,
      0.2,
      0.28,
      0.08,
      0.16,
      0.32,
      0.28,
      0.2,
      0.24,
      0.2,
      0.32,
      0.24,
      0.28,
      0.12,
      0.2,
      0.24,
      0.32,
      0.32,
      0.28,
      0.2,
      0.4,
      0.24,
      0.24,
      0.2,
      0.16,
      0.24,
      0.2,
      0.44,
      0.28,
      0.36,
      0.36,
      0.24,
      0.2,
      0.2,
      0.08,
      0.16,
      0.44,
      0.2,
      0.32,
      0.28,
      0.44,
      0.28,
      0.12,
      0.16,
      0.24,
      0.28,
      0.24,
      0.08,
      0.16,
      0.2,
      0.2,
      0.36,
      0.12,
      0.32,
      0.16,
      0.24,
      0.32,
      0.4,
      0.32,
      0.28,
      0.32,
      0.2,
      0.32,
      0.2,
      0.36,
      0.32,
      0.2,
      0.2,
      0.24,
      0.4,
      0.12,
      0.24,
      0.08,
      0.36,
      0.2,
      0.28,
      0.04,
      0.08,
      0.32,
      0.24,
      0.12,
      0.24,
      0.2,
      0.24,
      0.24,
      0.32,
      0.24,
      0.24,
      0.24,
      0.32,
      0.16,
      0.28,
      0.24,
      0.48,
      0.4,
      0.2,
      0.2,
      0.28,
      0.28,
      0.12,
      0.2,
      0.2,
      0.32,
      0.16,
      0.2,
      0.24,
      0.32,
      0.2,
      0.28,
      0.24,
      0.24,
      0.12,
      0.2,
      0.28,
      0.24,
      0.24,
      0.36,
      0.32,
      0.32,
      0.24,
      0.24,
      0.2,
      0.32,
      0.16,
      0.44,
      0.28,
      0.24,
      0.24,
      0.2,
      0.32,
      0.2,
      0.2,
      0.32,
      0.4,
      0.28,
      0.2,
      0.32,
      0.32,
      0.28,
      0.36,
      0.32,
      0.36,
      0.32,
      0.36,
      0.36,
      0.28,
      0.32,
      0.2,
      0.2,
      0.12,
      0.32,
      0.2,
      0.28,
      0.4,
      0.32,
      0.36,
      0.36,
      0.12,
      0.4,
      0.28,
      0.08,
      0.28,
      0.12,
      0.24,
      0.28,
      0.12,
      0.28,
      0.28,
      0.28,
      0.2,
      0.24,
      0.32,
      0.16,
      0.24,
      0.28,
      0.16,
      0.32,
      0.28,
      0.4,
      0.2,
      0.24,
      0.28,
      0.24,
      0.24,
      0.44,
      0.04,
      0.28,
      0.32,
      0.24,
      0.32,
      0.12
    ],
    "tool_accuracies": [
      0.12,
      0.12,
      0.04,
      0.12,
      0.0,
      0.12,
      0.04,
      0.04,
      0.12,
      0.2,
      0.08,
      0.16,
      0.08,
      0.04,
      0.08,
      0.16,
      0.08,
      0.0,
      0.08,
      0.0,
      0.08,
      0.08,
      0.12,
      0.08,
      0.04,
      0.08,
      0.12,
      0.0,
      0.04,
      0.04,
      0.0,
      0.04,
      0.04,
      0.08,
      0.16,
      0.04,
      0.08,
      0.12,
      0.12,
      0.04,
      0.08,
      0.2,
      0.08,
      0.0,
      0.08,
      0.12,
      0.08,
      0.04,
      0.12,
      0.12,
      0.08,
      0.0,
      0.04,
      0.08,
      0.08,
      0.04,
      0.12,
      0.12,
      0.08,
      0.12,
      0.04,
      0.04,
      0.04,
      0.04,
      0.08,
      0.08,
      0.16,
      0.08,
      0.04,
      0.12,
      0.12,
      0.08,
      0.08,
      0.0,
      0.04,
      0.16,
      0.08,
      0.12,
      0.08,
      0.16,
      0.04,
      0.04,
      0.0,
      0.04,
      0.12,
      0.0,
      0.08,
      0.04,
      0.04,
      0.04,
      0.12,
      0.0,
      0.04,
      0.04,
      0.12,
      0.12,
      0.08,
      0.04,
      0.16,
      0.12,
      0.08,
      0.08,
      0.08,
      0.12,
      0.08,
      0.04,
      0.04,
      0.04,
      0.2,
      0.04,
      0.08,
      0.0,
      0.16,
      0.04,
      0.08,
      0.04,
      0.04,
      0.08,
      0.04,
      0.08,
      0.04,
      0.04,
      0.12,
      0.08,
      0.08,
      0.2,
      0.12,
      0.04,
      0.08,
      0.0,
      0.08,
      0.04,
      0.2,
      0.12,
      0.08,
      0.04,
      0.12,
      0.0,
      0.04,
      0.04,
      0.08,
      0.08,
      0.08,
      0.08,
      0.08,
      0.12,
      0.08,
      0.08,
      0.04,
      0.0,
      0.04,
      0.04,
      0.08,
      0.04,
      0.08,
      0.08,
      0.16,
      0.16,
      0.04,
      0.12,
      0.04,
      0.12,
      0.04,
      0.12,
      0.08,
      0.08,
      0.08,
      0.04,
      0.2,
      0.12,
      0.04,
      0.08,
      0.12,
      0.12,
      0.0,
      0.16,
      0.12,
      0.08,
      0.2,
      0.16,
      0.16,
      0.12,
      0.12,
      0.16,
      0.08,
      0.2,
      0.08,
      0.04,
      0.0,
      0.16,
      0.08,
      0.04,
      0.16,
      0.08,
      0.08,
      0.04,
      0.0,
      0.24,
      0.16,
      0.08,
      0.04,
      0.08,
      0.04,
      0.0,
      0.08,
      0.16,
      0.08,
      0.16,
      0.04,
      0.08,
      0.12,
      0.08,
      0.04,
      0.16,
      0.08,
      0.08,
      0.08,
      0.16,
      0.08,
      0.04,
      0.12,
      0.12,
      0.04,
      0.12,
      0.0,
      0.04,
      0.08,
      0.08,
      0.2,
      0.04
    ],