{
  "strategy": "greedy",
  "run_id": 3,
  "seed": 789,
  "episodes": 230,
  "queries_per_episode": 25,
  "total_time": 0.020998716354370117,
  "metrics": {
    "task_completion_rate": {
      "mean": 0.2467826086956522,
      "std": 0.0802772134661534,
      "final": 0.52,
      "improvement": 0.28
    },
    "tool_selection_accuracy": {
      "mean": 0.08226086956521739,
      "std": 0.052370932355320886,
      "final": 0.16
    },
    "average_reward": {
      "mean": 4.2865217391304355,
      "std": 2.2076233703192183,
      "cumulative": 985.9
    },
    "execution_time": {
      "mean": 1.8192788828974184e-06,
      "std": 3.3534457449091415e-07,
      "p95": 2.570629119873047e-06
    },
    "convergence": {
      "episodes_to_stable": 230,
      "final_variance": 0.007496160000000001
    }
  },
  "time_series": {
    "completion_rates": [
      0.24,
      0.36,
      0.16,
      0.32,
      0.28,
      0.24,
      0.28,
      0.24,
      0.24,
      0.28,
      0.24,
      0.16,
      0.16,
      0.44,
      0.24,
      0.16,
      0.32,
      0.32,
      0.2,
      0.32,
      0.24,
      0.36,
      0.28,
      0.24,
      0.28,
      0.32,
      0.28,
      0.12,
      0.32,
      0.12,
      0.24,
      0.36,
      0.24,
      0.32,
      0.2,
      0.24,
      0.2,
      0.2,
      0.4,
      0.08,
      0.32,
      0.16,
      0.32,
      0.24,
      0.2,
      0.12,
      0.24,
      0.2,
      0.28,
      0.24,
      0.36,
      0.24,
      0.24,
      0.16,
      0.2,
      0.28,
      0.28,
      0.2,
      0.28,
      0.2,
      0.4,
      0.24,
      0.16,
      0.2,
      0.16,
      0.24,
      0.28,
      0.24,
      0.16,
      0.16,
      0.2,
      0.28,
      0.24,
      0.24,
      0.24,
      0.28,
      0.28,
      0.32,
      0.28,
      0.36,
      0.32,
      0.2,
      0.32,
      0.32,
      0.2,
      0.28,
      0.16,
      0.28,
      0.28,
      0.24,
      0.2,
      0.28,
      0.16,
      0.48,
      0.08,
      0.4,
      0.28,
      0.2,
      0.4,
      0.32,
      0.16,
      0.28,
      0.16,
      0.32,
      0.28,
      0.2,
      0.2,
      0.16,
      0.28,
      0.4,
      0.2,
      0.4,
      0.16,
      0.28,
      0.24,
      0.24,
      0.2,
      0.2,
      0.36,
      0.16,
      0.2,
      0.16,
      0.2,
      0.2,
      0.36,
      0.16,
      0.24,
      0.28,
      0.24,
      0.2,
      0.24,
      0.12,
      0.24,
      0.28,
      0.24,
      0.2,
      0.36,
      0.36,
      0.4,
      0.16,
      0.28,
      0.44,
      0.28,
      0.2,
      0.24,
      0.2,
      0.24,
      0.2,
      0.12,
      0.2,
      0.32,
      0.28,
      0.2,
      0.16,
      0.16,
      0.2,
      0.16,
      0.24,
      0.36,
      0.24,
      0.16,
      0.2,
      0.08,
      0.28,
      0.36,
      0.44,
      0.24,
      0.28,
      0.16,
      0.28,
      0.24,
      0.28,
      0.24,
      0.2,
      0.2,
      0.16,
      0.2,
      0.28,
      0.44,
      0.12,
      0.24,
      0.28,
      0.24,
      0.28,
      0.16,
      0.24,
      0.24,
      0.16,
      0.32,
      0.28,
      0.2,
      0.2,
      0.16,
      0.2,
      0.16,
      0.32,
      0.2,
      0.24,
      0.16,
      0.28,
      0.32,
      0.16,
      0.24,
      0.16,
      0.32,
      0.36,
      0.28,
      0.28,
      0.12,
      0.36,
      0.24,
      0.52,
      0.12,
      0.24,
      0.24,
      0.2,
      0.24,
      0.08,
      0.08,
      0.2,
      0.16,
      0.36,
      0.32,
      0.2,
      0.2,
      0.24,
      0.32,
      0.28,
      0.2,
      0.52
    ],
    "tool_accuracies": [
      0.04,
      0.08,
      0.08,
      0.04,
      0.12,
      0.08,
      0.16,
      0.08,
      0.08,
      0.08,
      0.04,
      0.08,
      0.08,
      0.08,
      0.08,
      0.04,
      0.12,
      0.04,
      0.08,
      0.16,
      0.08,
      0.2,
      0.0,
      0.12,
      0.08,
      0.12,
      0.08,
      0.04,
      0.08,
      0.04,
      0.04,
      0.16,
      0.08,
      0.08,
      0.04,
      0.04,
      0.08,
      0.12,
      0.12,
      0.04,
      0.12,
      0.04,
      0.16,
      0.12,
      0.0,
      0.04,
      0.0,
      0.08,
      0.08,
      0.08,
      0.16,
      0.0,
      0.04,
      0.04,
      0.04,
      0.08,
      0.04,
      0.04,
      0.08,
      0.08,
      0.28,
      0.04,
      0.12,
      0.08,
      0.04,
      0.12,
      0.08,
      0.04,
      0.04,
      0.12,
      0.0,
      0.12,
      0.16,
      0.12,
      0.04,
      0.16,
      0.08,
      0.08,
      0.12,
      0.12,
      0.16,
      0.08,
      0.2,
      0.16,
      0.04,
      0.08,
      0.12,
      0.04,
      0.16,
      0.12,
      0.12,
      0.08,
      0.0,
      0.2,
      0.0,
      0.12,
      0.12,
      0.08,
      0.2,
      0.08,
      0.04,
      0.12,
      0.04,
      0.12,
      0.12,
      0.12,
      0.08,
      0.04,
      0.08,
      0.2,
      0.04,
      0.12,
      0.0,
      0.12,
      0.0,
      0.04,
      0.04,
      0.08,
      0.04,
      0.08,
      0.08,
      0.04,
      0.08,
      0.08,
      0.12,
      0.04,
      0.12,
      0.08,
      0.04,
      0.04,
      0.12,
      0.04,
      0.0,
      0.12,
      0.0,
      0.0,
      0.08,
      0.24,
      0.12,
      0.04,
      0.16,
      0.24,
      0.12,
      0.08,
      0.08,
      0.04,
      0.04,
      0.12,
      0.04,
      0.12,
      0.04,
      0.04,
      0.12,
      0.08,
      0.04,
      0.04,
      0.12,
      0.08,
      0.16,
      0.08,
      0.04,
      0.04,
      0.04,
      0.12,
      0.08,
      0.2,
      0.04,
      0.12,
      0.04,
      0.16,
      0.12,
      0.12,
      0.04,
      0.08,
      0.08,
      0.08,
      0.08,
      0.16,
      0.2,
      0.0,
      0.04,
      0.04,
      0.12,
      0.08,
      0.04,
      0.04,
      0.04,
      0.04,
      0.16,
      0.12,
      0.04,
      0.08,
      0.08,
      0.04,
      0.04,
      0.08,
      0.08,
      0.0,
      0.04,
      0.08,
      0.08,
      0.04,
      0.04,
      0.08,
      0.12,
      0.12,
      0.08,
      0.0,
      0.04,
      0.16,
      0.0,
      0.16,
      0.04,
      0.08,
      0.12,
      0.04,
      0.12,
      0.0,
      0.04,
      0.0,
      0.08,
      0.16,
      0.16,
      0.0,
      0.0,
      0.12,
      0.08,
      0.04,
      0.08,
      0.16
    ],