{
  "strategy": "greedy",
  "run_id": 1,
  "seed": 123,
  "episodes": 230,
  "queries_per_episode": 25,
  "total_time": 0.024672269821166992,
  "metrics": {
    "task_completion_rate": {
      "mean": 0.2613913043478261,
      "std": 0.08616351448689555,
      "final": 0.2,
      "improvement": 0.04000000000000001
    },
    "tool_selection_accuracy": {
      "mean": 0.08573913043478261,
      "std": 0.054836688283051445,
      "final": 0.08
    },
    "average_reward": {
      "mean": 4.688260869565219,
      "std": 2.3694966483896276,
      "cumulative": 1078.3
    },
    "execution_time": {
      "mean": 2.10621045983356e-06,
      "std": 2.036462805679869e-06,
      "p95": 3.0717849731445275e-06
    },
    "convergence": {
      "episodes_to_stable": 230,
      "final_variance": 0.0077598400000000005
    }
  },
  "time_series": {
    "completion_rates": [
      0.16,
      0.2,
      0.16,
      0.2,
      0.36,
      0.24,
      0.36,
      0.32,
      0.16,
      0.2,
      0.32,
      0.28,
      0.2,
      0.16,
      0.28,
      0.24,
      0.24,
      0.24,
      0.24,
      0.2,
      0.2,
      0.16,
      0.32,
      0.4,
      0.12,
      0.32,
      0.28,
      0.12,
      0.2,
      0.24,
      0.4,
      0.36,
      0.32,
      0.12,
      0.2,
      0.24,
      0.28,
      0.4,
      0.2,
      0.36,
      0.28,
      0.24,
      0.4,
      0.24,
      0.32,
      0.36,
      0.28,
      0.32,
      0.28,
      0.16,
      0.28,
      0.32,
      0.32,
      0.16,
      0.28,
      0.28,
      0.32,
      0.28,
      0.28,
      0.24,
      0.28,
      0.28,
      0.32,
      0.08,
      0.24,
      0.32,
      0.28,
      0.16,
      0.28,
      0.24,
      0.52,
      0.28,
      0.4,
      0.24,
      0.12,
      0.16,
      0.12,
      0.16,
      0.32,
      0.24,
      0.16,
      0.36,
      0.36,
      0.24,
      0.36,
      0.36,
      0.32,
      0.36,
      0.36,
      0.32,
      0.28,
      0.24,
      0.24,
      0.32,
      0.36,
      0.16,
      0.24,
      0.44,
      0.16,
      0.32,
      0.12,
      0.08,
      0.2,
      0.36,
      0.16,
      0.28,
      0.24,
      0.4,
      0.28,
      0.24,
      0.36,
      0.24,
      0.2,
      0.24,
      0.08,
      0.16,
      0.24,
      0.24,
      0.28,
      0.12,
      0.36,
      0.28,
      0.4,
      0.2,
      0.32,
      0.24,
      0.28,
      0.24,
      0.24,
      0.44,
      0.24,
      0.24,
      0.32,
      0.16,
      0.28,
      0.24,
      0.28,
      0.28,
      0.24,
      0.24,
      0.12,
      0.32,
      0.24,
      0.28,
      0.2,
      0.2,
      0.24,
      0.2,
      0.24,
      0.32,
      0.16,
      0.24,
      0.28,
      0.28,
      0.12,
      0.28,
      0.08,
      0.2,
      0.2,
      0.12,
      0.44,
      0.24,
      0.24,
      0.24,
      0.2,
      0.32,
      0.28,
      0.2,
      0.24,
      0.28,
      0.44,
      0.44,
      0.2,
      0.44,
      0.28,
      0.4,
      0.24,
      0.12,
      0.32,
      0.2,
      0.16,
      0.16,
      0.28,
      0.32,
      0.44,
      0.32,
      0.2,
      0.12,
      0.16,
      0.24,
      0.44,
      0.44,
      0.16,
      0.24,
      0.16,
      0.36,
      0.32,
      0.12,
      0.16,
      0.36,
      0.2,
      0.16,
      0.28,
      0.2,
      0.36,
      0.16,
      0.44,
      0.24,
      0.24,
      0.28,
      0.4,
      0.36,
      0.4,
      0.32,
      0.4,
      0.32,
      0.28,
      0.32,
      0.2,
      0.28,
      0.2,
      0.32,
      0.28,
      0.12,
      0.32,
      0.28,
      0.2,
      0.28,
      0.16,
      0.2
    ],
    "tool_accuracies": [
      0.04,
      0.12,
      0.0,
      0.04,
      0.12,
      0.04,
      0.08,
      0.04,
      0.08,
      0.0,
      0.12,
      0.08,
      0.0,
      0.04,
      0.12,
      0.04,
      0.0,
      0.16,
      0.08,
      0.0,
      0.04,
      0.04,
      0.16,
      0.2,
      0.0,
      0.12,
      0.12,
      0.08,
      0.12,
      0.08,
      0.2,
      0.12,
      0.16,
      0.08,
      0.12,
      0.04,
      0.16,
      0.12,
      0.04,
      0.08,
      0.12,
      0.04,
      0.12,
      0.08,
      0.2,
      0.12,
      0.12,
      0.16,
      0.12,
      0.0,
      0.08,
      0.2,
      0.12,
      0.04,
      0.04,
      0.0,
      0.04,
      0.04,
      0.16,
      0.12,
      0.0,
      0.12,
      0.12,
      0.0,
      0.12,
      0.08,
      0.16,
      0.04,
      0.04,
      0.04,
      0.16,
      0.04,
      0.2,
      0.04,
      0.04,
      0.08,
      0.04,
      0.04,
      0.08,
      0.12,
      0.0,
      0.08,
      0.08,
      0.12,
      0.16,
      0.12,
      0.08,
      0.12,
      0.12,
      0.12,
      0.08,
      0.12,
      0.04,
      0.12,
      0.16,
      0.0,
      0.16,
      0.08,
      0.04,
      0.08,
      0.0,
      0.0,
      0.04,
      0.08,
      0.08,
      0.04,
      0.08,
      0.24,
      0.12,
      0.04,
      0.12,
      0.12,
      0.12,
      0.08,
      0.08,
      0.0,
      0.16,
      0.04,
      0.08,
      0.0,
      0.12,
      0.12,
      0.12,
      0.08,
      0.12,
      0.04,
      0.12,
      0.04,
      0.0,
      0.24,
      0.04,
      0.16,
      0.16,
      0.04,
      0.08,
      0.08,
      0.04,
      0.16,
      0.04,
      0.12,
      0.08,
      0.08,
      0.04,
      0.04,
      0.0,
      0.12,
      0.08,
      0.08,
      0.04,
      0.12,
      0.08,
      0.04,
      0.08,
      0.12,
      0.12,
      0.08,
      0.04,
      0.04,
      0.04,
      0.0,
      0.16,
      0.04,
      0.08,
      0.08,
      0.04,
      0.12,
      0.08,
      0.08,
      0.08,
      0.12,
      0.12,
      0.24,
      0.08,
      0.12,
      0.12,
      0.16,
      0.0,
      0.0,
      0.08,
      0.04,
      0.04,
      0.04,
      0.12,
      0.08,
      0.2,
      0.08,
      0.08,
      0.0,
      0.04,
      0.08,
      0.16,
      0.12,
      0.0,
      0.12,
      0.0,
      0.16,
      0.12,
      0.0,
      0.08,
      0.04,
      0.04,
      0.08,
      0.08,
      0.04,
      0.16,
      0.0,
      0.12,
      0.08,
      0.08,
      0.12,
      0.08,
      0.08,
      0.16,
      0.2,
      0.2,
      0.08,
      0.12,
      0.16,
      0.04,
      0.08,
      0.04,
      0.12,
      0.2,
      0.04,
      0.16,
      0.04,
      0.12,
      0.08,
      0.04,
      0.08
    ],