{
  "strategy": "popular",
  "run_id": 3,
  "seed": 789,
  "episodes": 230,
  "queries_per_episode": 25,
  "total_time": 0.03826546669006348,
  "metrics": {
    "task_completion_rate": {
      "mean": 0.45652173913043476,
      "std": 0.09980017842853153,
      "final": 0.44,
      "improvement": 0.03999999999999998
    },
    "tool_selection_accuracy": {
      "mean": 0.03530434782608696,
      "std": 0.03838753736012079,
      "final": 0.0
    },
    "average_reward": {
      "mean": 10.054347826086957,
      "std": 2.744504906784617,
      "cumulative": 2312.5
    },
    "execution_time": {
      "mean": 4.1333903437075405e-06,
      "std": 1.3555157160579337e-06,
      "p95": 6.359577178955077e-06
    },
    "convergence": {
      "episodes_to_stable": 230,
      "final_variance": 0.01294
    }
  },
  "time_series": {
    "completion_rates": [
      0.4,
      0.56,
      0.36,
      0.44,
      0.44,
      0.32,
      0.48,
      0.48,
      0.52,
      0.4,
      0.52,
      0.4,
      0.56,
      0.48,
      0.44,
      0.48,
      0.28,
      0.52,
      0.64,
      0.36,
      0.36,
      0.48,
      0.36,
      0.48,
      0.48,
      0.36,
      0.48,
      0.48,
      0.44,
      0.4,
      0.36,
      0.6,
      0.4,
      0.36,
      0.36,
      0.56,
      0.36,
      0.52,
      0.48,
      0.4,
      0.64,
      0.52,
      0.44,
      0.48,
      0.52,
      0.44,
      0.48,
      0.4,
      0.44,
      0.64,
      0.56,
      0.52,
      0.36,
      0.44,
      0.56,
      0.56,
      0.44,
      0.56,
      0.52,
      0.56,
      0.48,
      0.48,
      0.48,
      0.4,
      0.2,
      0.48,
      0.48,
      0.44,
      0.64,
      0.64,
      0.4,
      0.52,
      0.36,
      0.52,
      0.32,
      0.52,
      0.52,
      0.48,
      0.44,
      0.4,
      0.52,
      0.48,
      0.32,
      0.44,
      0.48,
      0.56,
      0.48,
      0.52,
      0.56,
      0.48,
      0.44,
      0.44,
      0.48,
      0.44,
      0.68,
      0.36,
      0.6,
      0.44,
      0.48,
      0.52,
      0.36,
      0.36,
      0.48,
      0.28,
      0.52,
      0.28,
      0.52,
      0.4,
      0.4,
      0.4,
      0.52,
      0.48,
      0.56,
      0.56,
      0.44,
      0.6,
      0.4,
      0.36,
      0.36,
      0.36,
      0.44,
      0.44,
      0.44,
      0.6,
      0.48,
      0.44,
      0.44,
      0.64,
      0.56,
      0.48,
      0.24,
      0.32,
      0.56,
      0.48,
      0.56,
      0.52,
      0.44,
      0.32,
      0.56,
      0.48,
      0.32,
      0.48,
      0.28,
      0.2,
      0.4,
      0.4,
      0.64,
      0.28,
      0.4,
      0.52,
      0.68,
      0.64,
      0.6,
      0.32,
      0.4,
      0.6,
      0.52,
      0.48,
      0.32,
      0.32,
      0.24,
      0.44,
      0.52,
      0.44,
      0.32,
      0.4,
      0.32,
      0.56,
      0.44,
      0.56,
      0.56,
      0.48,
      0.52,
      0.44,
      0.36,
      0.56,
      0.32,
      0.4,
      0.48,
      0.48,
      0.36,
      0.48,
      0.52,
      0.36,
      0.72,
      0.44,
      0.24,
      0.44,
      0.32,
      0.84,
      0.6,
      0.48,
      0.28,
      0.32,
      0.4,
      0.56,
      0.48,
      0.48,
      0.56,
      0.6,
      0.44,
      0.44,
      0.28,
      0.4,
      0.36,
      0.32,
      0.44,
      0.44,
      0.48,
      0.32,
      0.52,
      0.4,
      0.44,
      0.44,
      0.52,
      0.48,
      0.56,
      0.48,
      0.48,
      0.56,
      0.36,
      0.6,
      0.32,
      0.36,
      0.4,
      0.48,
      0.32,
      0.52,
      0.4,
      0.44
    ],
    "tool_accuracies": [
      0.0,
      0.08,
      0.08,
      0.0,
      0.0,
      0.0,
      0.0,
      0.0,
      0.08,
      0.04,
      0.08,
      0.0,
      0.04,
      0.0,
      0.08,
      0.0,
      0.0,
      0.0,
      0.04,
      0.0,
      0.04,
      0.0,
      0.0,
      0.08,
      0.04,
      0.08,
      0.04,
      0.04,
      0.0,
      0.04,
      0.08,
      0.08,
      0.04,
      0.0,
      0.0,
      0.12,
      0.08,
      0.0,
      0.04,
      0.04,
      0.0,
      0.0,
      0.0,
      0.04,
      0.04,
      0.0,
      0.12,
      0.04,
      0.04,
      0.0,
      0.04,
      0.0,
      0.04,
      0.0,
      0.04,
      0.04,
      0.12,
      0.04,
      0.08,
      0.04,
      0.08,
      0.0,
      0.0,
      0.0,
      0.0,
      0.0,
      0.0,
      0.04,
      0.08,
      0.08,
      0.0,
      0.08,
      0.04,
      0.04,
      0.04,
      0.04,
      0.08,
      0.08,
      0.0,
      0.0,
      0.04,
      0.0,
      0.0,
      0.0,
      0.08,
      0.16,
      0.04,
      0.0,
      0.04,
      0.08,
      0.0,
      0.0,
      0.0,
      0.04,
      0.12,
      0.0,
      0.12,
      0.0,
      0.08,
      0.0,
      0.04,
      0.0,
      0.04,
      0.0,
      0.16,
      0.0,
      0.0,
      0.04,
      0.0,
      0.0,
      0.0,
      0.0,
      0.08,
      0.08,
      0.12,
      0.0,
      0.0,
      0.04,
      0.04,
      0.04,
      0.0,
      0.0,
      0.0,
      0.04,
      0.08,
      0.04,
      0.0,
      0.12,
      0.08,
      0.0,
      0.04,
      0.04,
      0.08,
      0.04,
      0.08,
      0.0,
      0.0,
      0.04,
      0.04,
      0.04,
      0.04,
      0.08,
      0.04,
      0.0,
      0.0,
      0.0,
      0.08,
      0.0,
      0.04,
      0.0,
      0.04,
      0.0,
      0.08,
      0.04,
      0.0,
      0.0,
      0.0,
      0.04,
      0.0,
      0.0,
      0.0,
      0.04,
      0.04,
      0.08,
      0.0,
      0.0,
      0.0,
      0.04,
      0.08,
      0.08,
      0.04,
      0.12,
      0.0,
      0.0,
      0.04,
      0.08,
      0.0,
      0.0,
      0.0,
      0.12,
      0.04,
      0.04,
      0.0,
      0.08,
      0.08,
      0.0,
      0.0,
      0.04,
      0.04,
      0.08,
      0.12,
      0.0,
      0.0,
      0.04,
      0.04,
      0.0,
      0.04,
      0.0,
      0.12,
      0.08,
      0.04,
      0.04,
      0.04,
      0.0,
      0.0,
      0.0,
      0.08,
      0.0,
      0.08,
      0.0,
      0.04,
      0.04,
      0.0,
      0.04,
      0.08,
      0.08,
      0.04,
      0.04,
      0.04,
      0.0,
      0.0,
      0.08,
      0.0,
      0.16,
      0.0,
      0.0,
      0.0,
      0.04,
      0.08,
      0.0
    ],