{
  "strategy": "popular",
  "run_id": 2,
  "seed": 456,
  "episodes": 230,
  "queries_per_episode": 25,
  "total_time": 0.03600621223449707,
  "metrics": {
    "task_completion_rate": {
      "mean": 0.4695652173913044,
      "std": 0.09884015470179355,
      "final": 0.24,
      "improvement": -0.24
    },
    "tool_selection_accuracy": {
      "mean": 0.03582608695652173,
      "std": 0.03494051115067866,
      "final": 0.0
    },
    "average_reward": {
      "mean": 10.41304347826087,
      "std": 2.7181042542993223,
      "cumulative": 2395.0
    },
    "execution_time": {
      "mean": 3.7810698799465007e-06,
      "std": 7.795549436830071e-07,
      "p95": 5.25665283203125e-06
    },
    "convergence": {
      "episodes_to_stable": 230,
      "final_variance": 0.01013376
    }
  },
  "time_series": {
    "completion_rates": [
      0.48,
      0.44,
      0.52,
      0.48,
      0.36,
      0.44,
      0.48,
      0.52,
      0.52,
      0.48,
      0.28,
      0.44,
      0.52,
      0.56,
      0.4,
      0.52,
      0.48,
      0.44,
      0.48,
      0.4,
      0.4,
      0.52,
      0.56,
      0.56,
      0.6,
      0.56,
      0.4,
      0.44,
      0.4,
      0.44,
      0.56,
      0.36,
      0.44,
      0.36,
      0.44,
      0.44,
      0.4,
      0.4,
      0.52,
      0.52,
      0.36,
      0.48,
      0.56,
      0.32,
      0.4,
      0.36,
      0.48,
      0.36,
      0.52,
      0.36,
      0.44,
      0.36,
      0.44,
      0.44,
      0.36,
      0.6,
      0.52,
      0.28,
      0.52,
      0.8,
      0.56,
      0.44,
      0.4,
      0.48,
      0.36,
      0.68,
      0.36,
      0.32,
      0.56,
      0.56,
      0.56,
      0.56,
      0.48,
      0.36,
      0.56,
      0.44,
      0.52,
      0.4,
      0.28,
      0.68,
      0.24,
      0.4,
      0.44,
      0.2,
      0.52,
      0.44,
      0.56,
      0.4,
      0.52,
      0.52,
      0.44,
      0.48,
      0.44,
      0.52,
      0.52,
      0.44,
      0.32,
      0.44,
      0.52,
      0.6,
      0.4,
      0.44,
      0.48,
      0.48,
      0.48,
      0.44,
      0.44,
      0.36,
      0.6,
      0.36,
      0.32,
      0.48,
      0.64,
      0.56,
      0.6,
      0.52,
      0.6,
      0.48,
      0.64,
      0.4,
      0.56,
      0.64,
      0.6,
      0.48,
      0.28,
      0.36,
      0.44,
      0.36,
      0.48,
      0.36,
      0.56,
      0.48,
      0.52,
      0.4,
      0.4,
      0.4,
      0.48,
      0.4,
      0.44,
      0.6,
      0.4,
      0.52,
      0.52,
      0.52,
      0.44,
      0.56,
      0.56,
      0.44,
      0.48,
      0.52,
      0.56,
      0.4,
      0.36,
      0.56,
      0.44,
      0.4,
      0.6,
      0.48,
      0.4,
      0.52,
      0.32,
      0.48,
      0.52,
      0.4,
      0.44,
      0.64,
      0.4,
      0.76,
      0.56,
      0.6,
      0.68,
      0.44,
      0.6,
      0.68,
      0.52,
      0.52,
      0.44,
      0.56,
      0.48,
      0.44,
      0.48,
      0.48,
      0.56,
      0.48,
      0.52,
      0.28,
      0.52,
      0.52,
      0.56,
      0.48,
      0.52,
      0.36,
      0.68,
      0.6,
      0.6,
      0.32,
      0.28,
      0.52,
      0.36,
      0.52,
      0.44,
      0.76,
      0.48,
      0.48,
      0.56,
      0.32,
      0.4,
      0.36,
      0.52,
      0.36,
      0.48,
      0.36,
      0.52,
      0.4,
      0.4,
      0.4,
      0.4,
      0.48,
      0.48,
      0.32,
      0.56,
      0.52,
      0.4,
      0.36,
      0.48,
      0.6,
      0.48,
      0.36,
      0.28,
      0.24
    ],
    "tool_accuracies": [
      0.04,
      0.08,
      0.04,
      0.0,
      0.0,
      0.04,
      0.0,
      0.04,
      0.12,
      0.04,
      0.0,
      0.04,
      0.0,
      0.0,
      0.04,
      0.04,
      0.04,
      0.0,
      0.04,
      0.08,
      0.0,
      0.0,
      0.08,
      0.04,
      0.04,
      0.0,
      0.04,
      0.04,
      0.08,
      0.0,
      0.08,
      0.04,
      0.0,
      0.0,
      0.0,
      0.0,
      0.04,
      0.0,
      0.04,
      0.04,
      0.04,
      0.04,
      0.0,
      0.12,
      0.0,
      0.0,
      0.04,
      0.0,
      0.08,
      0.0,
      0.04,
      0.0,
      0.04,
      0.04,
      0.04,
      0.08,
      0.0,
      0.0,
      0.08,
      0.04,
      0.0,
      0.04,
      0.0,
      0.08,
      0.04,
      0.08,
      0.0,
      0.0,
      0.12,
      0.12,
      0.04,
      0.12,
      0.04,
      0.0,
      0.12,
      0.08,
      0.0,
      0.04,
      0.04,
      0.0,
      0.0,
      0.0,
      0.0,
      0.04,
      0.04,
      0.0,
      0.04,
      0.0,
      0.08,
      0.08,
      0.08,
      0.08,
      0.0,
      0.08,
      0.04,
      0.04,
      0.0,
      0.08,
      0.0,
      0.0,
      0.04,
      0.04,
      0.08,
      0.0,
      0.0,
      0.08,
      0.0,
      0.0,
      0.0,
      0.08,
      0.0,
      0.0,
      0.0,
      0.04,
      0.04,
      0.0,
      0.0,
      0.08,
      0.08,
      0.0,
      0.08,
      0.08,
      0.0,
      0.04,
      0.0,
      0.0,
      0.0,
      0.0,
      0.04,
      0.08,
      0.0,
      0.0,
      0.08,
      0.0,
      0.04,
      0.0,
      0.0,
      0.0,
      0.08,
      0.0,
      0.08,
      0.08,
      0.04,
      0.0,
      0.08,
      0.04,
      0.04,
      0.04,
      0.0,
      0.0,
      0.0,
      0.0,
      0.12,
      0.0,
      0.0,
      0.04,
      0.08,
      0.08,
      0.08,
      0.04,
      0.0,
      0.08,
      0.0,
      0.0,
      0.04,
      0.04,
      0.0,
      0.08,
      0.0,
      0.0,
      0.0,
      0.04,
      0.12,
      0.04,
      0.0,
      0.04,
      0.0,
      0.04,
      0.04,
      0.0,
      0.04,
      0.04,
      0.04,
      0.08,
      0.04,
      0.04,
      0.04,
      0.08,
      0.04,
      0.04,
      0.08,
      0.08,
      0.04,
      0.04,
      0.04,
      0.04,
      0.04,
      0.12,
      0.04,
      0.04,
      0.0,
      0.04,
      0.0,
      0.08,
      0.08,
      0.04,
      0.04,
      0.0,
      0.12,
      0.04,
      0.04,
      0.0,
      0.08,
      0.08,
      0.04,
      0.12,
      0.04,
      0.04,
      0.0,
      0.04,
      0.0,
      0.04,
      0.04,
      0.08,
      0.04,
      0.0,
      0.0,
      0.0,
      0.04,
      0.0
    ],