{
  "strategy": "popular",
  "run_id": 0,
  "seed": 42,
  "episodes": 230,
  "queries_per_episode": 25,
  "total_time": 0.03406357765197754,
  "metrics": {
    "task_completion_rate": {
      "mean": 0.4622608695652175,
      "std": 0.0961435599558441,
      "final": 0.48,
      "improvement": 0.03999999999999998
    },
    "tool_selection_accuracy": {
      "mean": 0.04017391304347827,
      "std": 0.03938621715879039,
      "final": 0.04
    },
    "average_reward": {
      "mean": 10.212173913043475,
      "std": 2.643947898785713,
      "cumulative": 2348.8
    },
    "execution_time": {
      "mean": 3.609864608101223e-06,
      "std": 7.863313323751898e-07,
      "p95": 5.2366256713867184e-06
    },
    "convergence": {
      "episodes_to_stable": 230,
      "final_variance": 0.008718560000000002
    }
  },
  "time_series": {
    "completion_rates": [
      0.44,
      0.4,
      0.52,
      0.48,
      0.52,
      0.56,
      0.32,
      0.44,
      0.4,
      0.44,
      0.4,
      0.44,
      0.4,
      0.56,
      0.56,
      0.4,
      0.36,
      0.52,
      0.44,
      0.56,
      0.28,
      0.56,
      0.56,
      0.56,
      0.48,
      0.52,
      0.52,
      0.4,
      0.56,
      0.56,
      0.44,
      0.52,
      0.44,
      0.28,
      0.32,
      0.56,
      0.48,
      0.6,
      0.44,
      0.28,
      0.52,
      0.44,
      0.44,
      0.44,
      0.6,
      0.48,
      0.48,
      0.44,
      0.4,
      0.36,
      0.44,
      0.68,
      0.36,
      0.52,
      0.48,
      0.4,
      0.44,
      0.4,
      0.48,
      0.68,
      0.52,
      0.76,
      0.6,
      0.4,
      0.48,
      0.28,
      0.44,
      0.48,
      0.4,
      0.32,
      0.56,
      0.48,
      0.64,
      0.52,
      0.4,
      0.44,
      0.52,
      0.56,
      0.64,
      0.48,
      0.4,
      0.48,
      0.52,
      0.28,
      0.52,
      0.4,
      0.24,
      0.44,
      0.48,
      0.52,
      0.56,
      0.68,
      0.52,
      0.4,
      0.56,
      0.28,
      0.44,
      0.44,
      0.56,
      0.32,
      0.44,
      0.52,
      0.52,
      0.6,
      0.48,
      0.52,
      0.4,
      0.44,
      0.24,
      0.4,
      0.24,
      0.56,
      0.48,
      0.56,
      0.4,
      0.4,
      0.36,
      0.44,
      0.48,
      0.56,
      0.64,
      0.44,
      0.6,
      0.44,
      0.4,
      0.36,
      0.4,
      0.44,
      0.36,
      0.36,
      0.44,
      0.48,
      0.4,
      0.48,
      0.4,
      0.52,
      0.4,
      0.52,
      0.32,
      0.44,
      0.32,
      0.36,
      0.44,
      0.4,
      0.36,
      0.4,
      0.6,
      0.4,
      0.32,
      0.52,
      0.4,
      0.6,
      0.56,
      0.6,
      0.56,
      0.44,
      0.52,
      0.6,
      0.28,
      0.44,
      0.48,
      0.52,
      0.44,
      0.28,
      0.52,
      0.44,
      0.52,
      0.52,
      0.56,
      0.4,
      0.52,
      0.48,
      0.52,
      0.6,
      0.48,
      0.6,
      0.4,
      0.4,
      0.44,
      0.52,
      0.28,
      0.4,
      0.64,
      0.48,
      0.4,
      0.56,
      0.48,
      0.56,
      0.48,
      0.44,
      0.48,
      0.36,
      0.64,
      0.32,
      0.48,
      0.24,
      0.56,
      0.32,
      0.36,
      0.56,
      0.48,
      0.28,
      0.44,
      0.44,
      0.36,
      0.48,
      0.56,
      0.48,
      0.44,
      0.44,
      0.52,
      0.52,
      0.52,
      0.36,
      0.32,
      0.52,
      0.48,
      0.36,
      0.48,
      0.4,
      0.32,
      0.4,
      0.44,
      0.56,
      0.52,
      0.52,
      0.52,
      0.72,
      0.32,
      0.48
    ],
    "tool_accuracies": [
      0.08,
      0.0,
      0.0,
      0.04,
      0.0,
      0.08,
      0.08,
      0.0,
      0.04,
      0.0,
      0.04,
      0.0,
      0.04,
      0.04,
      0.04,
      0.0,
      0.0,
      0.08,
      0.04,
      0.0,
      0.04,
      0.0,
      0.04,
      0.2,
      0.08,
      0.08,
      0.08,
      0.08,
      0.08,
      0.08,
      0.0,
      0.08,
      0.04,
      0.0,
      0.04,
      0.16,
      0.0,
      0.04,
      0.04,
      0.0,
      0.0,
      0.0,
      0.0,
      0.0,
      0.04,
      0.0,
      0.0,
      0.04,
      0.08,
      0.0,
      0.04,
      0.08,
      0.04,
      0.04,
      0.0,
      0.0,
      0.0,
      0.04,
      0.04,
      0.08,
      0.04,
      0.12,
      0.04,
      0.0,
      0.0,
      0.0,
      0.04,
      0.08,
      0.04,
      0.0,
      0.08,
      0.04,
      0.0,
      0.08,
      0.0,
      0.0,
      0.04,
      0.04,
      0.12,
      0.08,
      0.0,
      0.0,
      0.08,
      0.08,
      0.04,
      0.0,
      0.0,
      0.08,
      0.08,
      0.08,
      0.04,
      0.0,
      0.08,
      0.04,
      0.04,
      0.04,
      0.04,
      0.0,
      0.04,
      0.04,
      0.08,
      0.04,
      0.04,
      0.04,
      0.12,
      0.04,
      0.0,
      0.0,
      0.04,
      0.04,
      0.04,
      0.08,
      0.0,
      0.04,
      0.08,
      0.04,
      0.0,
      0.0,
      0.04,
      0.08,
      0.04,
      0.04,
      0.08,
      0.04,
      0.04,
      0.04,
      0.08,
      0.04,
      0.0,
      0.0,
      0.0,
      0.0,
      0.12,
      0.04,
      0.0,
      0.04,
      0.0,
      0.0,
      0.0,
      0.0,
      0.08,
      0.0,
      0.12,
      0.04,
      0.0,
      0.04,
      0.08,
      0.04,
      0.04,
      0.08,
      0.0,
      0.04,
      0.0,
      0.04,
      0.08,
      0.04,
      0.08,
      0.08,
      0.0,
      0.0,
      0.04,
      0.12,
      0.08,
      0.08,
      0.16,
      0.04,
      0.0,
      0.0,
      0.04,
      0.0,
      0.04,
      0.04,
      0.0,
      0.2,
      0.04,
      0.04,
      0.0,
      0.04,
      0.04,
      0.04,
      0.0,
      0.0,
      0.0,
      0.08,
      0.0,
      0.0,
      0.0,
      0.12,
      0.0,
      0.0,
      0.04,
      0.04,
      0.12,
      0.04,
      0.0,
      0.0,
      0.04,
      0.0,
      0.04,
      0.04,
      0.12,
      0.04,
      0.0,
      0.04,
      0.04,
      0.0,
      0.16,
      0.04,
      0.04,
      0.04,
      0.04,
      0.0,
      0.04,
      0.0,
      0.0,
      0.12,
      0.08,
      0.04,
      0.04,
      0.0,
      0.04,
      0.04,
      0.08,
      0.0,
      0.08,
      0.08,
      0.04,
      0.08,
      0.04,
      0.04
    ],