{
  "strategy": "popular",
  "run_id": 4,
  "seed": 999,
  "episodes": 230,
  "queries_per_episode": 25,
  "total_time": 0.031247377395629883,
  "metrics": {
    "task_completion_rate": {
      "mean": 0.46365217391304353,
      "std": 0.09004665877279217,
      "final": 0.32,
      "improvement": -0.08000000000000002
    },
    "tool_selection_accuracy": {
      "mean": 0.038086956521739136,
      "std": 0.03844579814602717,
      "final": 0.08
    },
    "average_reward": {
      "mean": 10.250434782608695,
      "std": 2.4762831162517847,
      "cumulative": 2357.6
    },
    "execution_time": {
      "mean": 3.452549809994905e-06,
      "std": 7.952363587339214e-07,
      "p95": 4.838466644287107e-06
    },
    "convergence": {
      "episodes_to_stable": 230,
      "final_variance": 0.008581760000000003
    }
  },
  "time_series": {
    "completion_rates": [
      0.4,
      0.44,
      0.36,
      0.52,
      0.64,
      0.56,
      0.44,
      0.48,
      0.4,
      0.44,
      0.28,
      0.44,
      0.6,
      0.44,
      0.36,
      0.52,
      0.48,
      0.44,
      0.44,
      0.48,
      0.44,
      0.64,
      0.32,
      0.48,
      0.48,
      0.48,
      0.52,
      0.36,
      0.44,
      0.4,
      0.52,
      0.32,
      0.6,
      0.56,
      0.44,
      0.52,
      0.36,
      0.56,
      0.52,
      0.6,
      0.48,
      0.56,
      0.52,
      0.44,
      0.36,
      0.52,
      0.52,
      0.4,
      0.4,
      0.4,
      0.52,
      0.56,
      0.6,
      0.44,
      0.56,
      0.32,
      0.56,
      0.44,
      0.48,
      0.44,
      0.32,
      0.36,
      0.52,
      0.4,
      0.52,
      0.52,
      0.44,
      0.52,
      0.36,
      0.52,
      0.48,
      0.4,
      0.48,
      0.52,
      0.56,
      0.32,
      0.56,
      0.44,
      0.28,
      0.44,
      0.6,
      0.48,
      0.4,
      0.56,
      0.44,
      0.36,
      0.44,
      0.56,
      0.48,
      0.4,
      0.56,
      0.56,
      0.48,
      0.44,
      0.52,
      0.24,
      0.48,
      0.52,
      0.64,
      0.4,
      0.6,
      0.52,
      0.4,
      0.44,
      0.48,
      0.32,
      0.32,
      0.64,
      0.44,
      0.4,
      0.48,
      0.52,
      0.48,
      0.52,
      0.52,
      0.28,
      0.56,
      0.44,
      0.44,
      0.36,
      0.44,
      0.36,
      0.36,
      0.48,
      0.64,
      0.52,
      0.24,
      0.44,
      0.48,
      0.44,
      0.6,
      0.36,
      0.44,
      0.36,
      0.6,
      0.24,
      0.36,
      0.52,
      0.52,
      0.36,
      0.52,
      0.44,
      0.48,
      0.48,
      0.52,
      0.48,
      0.48,
      0.56,
      0.36,
      0.52,
      0.24,
      0.6,
      0.4,
      0.6,
      0.52,
      0.4,
      0.6,
      0.44,
      0.44,
      0.4,
      0.56,
      0.48,
      0.4,
      0.48,
      0.44,
      0.44,
      0.68,
      0.6,
      0.48,
      0.52,
      0.48,
      0.48,
      0.36,
      0.4,
      0.64,
      0.52,
      0.6,
      0.52,
      0.44,
      0.44,
      0.48,
      0.4,
      0.36,
      0.52,
      0.44,
      0.6,
      0.52,
      0.36,
      0.36,
      0.48,
      0.52,
      0.32,
      0.36,
      0.64,
      0.44,
      0.48,
      0.44,
      0.6,
      0.36,
      0.36,
      0.4,
      0.4,
      0.72,
      0.4,
      0.36,
      0.52,
      0.44,
      0.36,
      0.44,
      0.44,
      0.4,
      0.32,
      0.44,
      0.4,
      0.48,
      0.52,
      0.36,
      0.52,
      0.44,
      0.48,
      0.32,
      0.56,
      0.52,
      0.56,
      0.6,
      0.48,
      0.48,
      0.4,
      0.4,
      0.32
    ],
    "tool_accuracies": [
      0.0,
      0.0,
      0.04,
      0.12,
      0.12,
      0.12,
      0.0,
      0.04,
      0.0,
      0.04,
      0.0,
      0.0,
      0.04,
      0.0,
      0.0,
      0.0,
      0.0,
      0.04,
      0.04,
      0.12,
      0.0,
      0.08,
      0.04,
      0.04,
      0.0,
      0.08,
      0.04,
      0.04,
      0.04,
      0.0,
      0.04,
      0.04,
      0.0,
      0.0,
      0.0,
      0.04,
      0.04,
      0.08,
      0.04,
      0.04,
      0.04,
      0.08,
      0.04,
      0.08,
      0.04,
      0.04,
      0.12,
      0.04,
      0.0,
      0.0,
      0.12,
      0.0,
      0.0,
      0.0,
      0.04,
      0.04,
      0.0,
      0.04,
      0.0,
      0.04,
      0.0,
      0.0,
      0.12,
      0.04,
      0.08,
      0.04,
      0.0,
      0.0,
      0.0,
      0.08,
      0.04,
      0.04,
      0.0,
      0.08,
      0.04,
      0.0,
      0.0,
      0.04,
      0.04,
      0.0,
      0.12,
      0.08,
      0.12,
      0.04,
      0.04,
      0.04,
      0.04,
      0.04,
      0.04,
      0.08,
      0.12,
      0.0,
      0.04,
      0.0,
      0.04,
      0.04,
      0.08,
      0.0,
      0.0,
      0.04,
      0.12,
      0.08,
      0.04,
      0.08,
      0.12,
      0.0,
      0.08,
      0.0,
      0.04,
      0.04,
      0.0,
      0.04,
      0.04,
      0.0,
      0.0,
      0.0,
      0.04,
      0.0,
      0.0,
      0.04,
      0.0,
      0.0,
      0.08,
      0.0,
      0.0,
      0.04,
      0.0,
      0.04,
      0.0,
      0.0,
      0.12,
      0.0,
      0.04,
      0.04,
      0.0,
      0.0,
      0.04,
      0.04,
      0.04,
      0.0,
      0.04,
      0.04,
      0.08,
      0.12,
      0.04,
      0.04,
      0.0,
      0.0,
      0.0,
      0.08,
      0.0,
      0.08,
      0.0,
      0.0,
      0.04,
      0.04,
      0.04,
      0.0,
      0.0,
      0.0,
      0.04,
      0.04,
      0.04,
      0.08,
      0.0,
      0.0,
      0.12,
      0.12,
      0.08,
      0.0,
      0.04,
      0.04,
      0.04,
      0.08,
      0.0,
      0.0,
      0.12,
      0.16,
      0.04,
      0.08,
      0.08,
      0.08,
      0.0,
      0.0,
      0.04,
      0.0,
      0.0,
      0.0,
      0.12,
      0.04,
      0.04,
      0.04,
      0.0,
      0.0,
      0.08,
      0.0,
      0.04,
      0.0,
      0.0,
      0.04,
      0.0,
      0.0,
      0.04,
      0.08,
      0.04,
      0.12,
      0.0,
      0.0,
      0.04,
      0.04,
      0.08,
      0.04,
      0.04,
      0.0,
      0.08,
      0.04,
      0.0,
      0.0,
      0.12,
      0.08,
      0.0,
      0.08,
      0.04,
      0.08,
      0.04,
      0.12,
      0.04,
      0.04,
      0.0,
      0.08
    ],