{
  "strategy": "popular",
  "run_id": 1,
  "seed": 123,
  "episodes": 230,
  "queries_per_episode": 25,
  "total_time": 0.03255653381347656,
  "metrics": {
    "task_completion_rate": {
      "mean": 0.47078260869565225,
      "std": 0.09541805340151223,
      "final": 0.36,
      "improvement": -0.08000000000000002
    },
    "tool_selection_accuracy": {
      "mean": 0.03982608695652174,
      "std": 0.03776316605867479,
      "final": 0.0
    },
    "average_reward": {
      "mean": 10.446521739130436,
      "std": 2.623996468541586,
      "cumulative": 2402.7
    },
    "execution_time": {
      "mean": 3.4785063370414396e-06,
      "std": 7.512327903216695e-07,
      "p95": 5.451679229736328e-06
    },
    "convergence": {
      "episodes_to_stable": 230,
      "final_variance": 0.009644
    }
  },
  "time_series": {
    "completion_rates": [
      0.44,
      0.32,
      0.32,
      0.48,
      0.44,
      0.44,
      0.36,
      0.44,
      0.4,
      0.36,
      0.44,
      0.56,
      0.56,
      0.44,
      0.56,
      0.6,
      0.52,
      0.56,
      0.44,
      0.56,
      0.48,
      0.52,
      0.56,
      0.4,
      0.44,
      0.52,
      0.6,
      0.64,
      0.36,
      0.48,
      0.48,
      0.52,
      0.52,
      0.4,
      0.56,
      0.48,
      0.64,
      0.48,
      0.52,
      0.32,
      0.4,
      0.36,
      0.52,
      0.36,
      0.4,
      0.36,
      0.64,
      0.52,
      0.48,
      0.48,
      0.4,
      0.36,
      0.52,
      0.36,
      0.48,
      0.64,
      0.4,
      0.6,
      0.36,
      0.64,
      0.6,
      0.68,
      0.28,
      0.44,
      0.44,
      0.52,
      0.56,
      0.44,
      0.6,
      0.48,
      0.36,
      0.56,
      0.36,
      0.52,
      0.56,
      0.48,
      0.48,
      0.36,
      0.52,
      0.52,
      0.56,
      0.4,
      0.48,
      0.48,
      0.48,
      0.32,
      0.6,
      0.64,
      0.48,
      0.36,
      0.6,
      0.48,
      0.32,
      0.48,
      0.56,
      0.32,
      0.48,
      0.64,
      0.52,
      0.52,
      0.44,
      0.52,
      0.52,
      0.44,
      0.28,
      0.4,
      0.52,
      0.56,
      0.64,
      0.4,
      0.44,
      0.48,
      0.32,
      0.52,
      0.4,
      0.4,
      0.48,
      0.48,
      0.36,
      0.48,
      0.52,
      0.4,
      0.6,
      0.48,
      0.28,
      0.64,
      0.52,
      0.4,
      0.36,
      0.48,
      0.48,
      0.52,
      0.4,
      0.56,
      0.6,
      0.36,
      0.44,
      0.52,
      0.64,
      0.4,
      0.48,
      0.44,
      0.44,
      0.72,
      0.56,
      0.6,
      0.64,
      0.4,
      0.52,
      0.6,
      0.36,
      0.44,
      0.28,
      0.52,
      0.44,
      0.6,
      0.44,
      0.36,
      0.32,
      0.6,
      0.24,
      0.6,
      0.6,
      0.4,
      0.44,
      0.48,
      0.48,
      0.48,
      0.4,
      0.6,
      0.64,
      0.28,
      0.36,
      0.44,
      0.32,
      0.44,
      0.52,
      0.52,
      0.52,
      0.4,
      0.48,
      0.56,
      0.6,
      0.4,
      0.52,
      0.44,
      0.28,
      0.48,
      0.44,
      0.48,
      0.36,
      0.48,
      0.52,
      0.36,
      0.28,
      0.52,
      0.4,
      0.32,
      0.6,
      0.52,
      0.48,
      0.44,
      0.6,
      0.4,
      0.56,
      0.44,
      0.4,
      0.56,
      0.52,
      0.4,
      0.36,
      0.4,
      0.44,
      0.44,
      0.36,
      0.52,
      0.4,
      0.4,
      0.44,
      0.48,
      0.56,
      0.6,
      0.4,
      0.36,
      0.48,
      0.28,
      0.52,
      0.6,
      0.52,
      0.36
    ],
    "tool_accuracies": [
      0.12,
      0.04,
      0.08,
      0.0,
      0.04,
      0.04,
      0.12,
      0.0,
      0.0,
      0.0,
      0.04,
      0.0,
      0.08,
      0.0,
      0.0,
      0.08,
      0.0,
      0.0,
      0.0,
      0.04,
      0.0,
      0.0,
      0.08,
      0.04,
      0.08,
      0.08,
      0.04,
      0.04,
      0.0,
      0.04,
      0.0,
      0.0,
      0.04,
      0.04,
      0.12,
      0.08,
      0.16,
      0.04,
      0.12,
      0.0,
      0.0,
      0.12,
      0.12,
      0.0,
      0.0,
      0.0,
      0.08,
      0.04,
      0.0,
      0.04,
      0.0,
      0.08,
      0.08,
      0.0,
      0.0,
      0.0,
      0.0,
      0.04,
      0.04,
      0.0,
      0.08,
      0.04,
      0.0,
      0.04,
      0.0,
      0.04,
      0.04,
      0.04,
      0.0,
      0.12,
      0.04,
      0.04,
      0.08,
      0.12,
      0.04,
      0.04,
      0.04,
      0.0,
      0.0,
      0.0,
      0.0,
      0.08,
      0.04,
      0.04,
      0.08,
      0.08,
      0.12,
      0.04,
      0.0,
      0.04,
      0.08,
      0.08,
      0.08,
      0.04,
      0.04,
      0.04,
      0.04,
      0.04,
      0.0,
      0.04,
      0.04,
      0.08,
      0.04,
      0.08,
      0.0,
      0.08,
      0.04,
      0.04,
      0.0,
      0.04,
      0.04,
      0.04,
      0.0,
      0.16,
      0.12,
      0.0,
      0.0,
      0.0,
      0.08,
      0.08,
      0.04,
      0.0,
      0.04,
      0.08,
      0.0,
      0.04,
      0.04,
      0.08,
      0.04,
      0.04,
      0.04,
      0.04,
      0.0,
      0.04,
      0.12,
      0.04,
      0.04,
      0.0,
      0.12,
      0.04,
      0.08,
      0.08,
      0.0,
      0.08,
      0.08,
      0.04,
      0.0,
      0.04,
      0.04,
      0.0,
      0.0,
      0.0,
      0.04,
      0.08,
      0.04,
      0.04,
      0.04,
      0.04,
      0.0,
      0.0,
      0.0,
      0.16,
      0.08,
      0.0,
      0.12,
      0.08,
      0.0,
      0.0,
      0.04,
      0.04,
      0.04,
      0.0,
      0.04,
      0.04,
      0.0,
      0.04,
      0.0,
      0.0,
      0.04,
      0.0,
      0.04,
      0.0,
      0.0,
      0.0,
      0.08,
      0.08,
      0.0,
      0.04,
      0.04,
      0.04,
      0.12,
      0.04,
      0.04,
      0.04,
      0.08,
      0.04,
      0.0,
      0.08,
      0.08,
      0.08,
      0.04,
      0.0,
      0.0,
      0.0,
      0.04,
      0.04,
      0.0,
      0.0,
      0.08,
      0.0,
      0.0,
      0.0,
      0.04,
      0.04,
      0.04,
      0.04,
      0.0,
      0.04,
      0.08,
      0.0,
      0.04,
      0.08,
      0.04,
      0.04,
      0.08,
      0.0,
      0.04,
      0.04,
      0.0,
      0.0
    ],