{
  "strategy": "q_learning_tabular",
  "run_id": 3,
  "seed": 789,
  "episodes": 230,
  "queries_per_episode": 25,
  "total_time": 1.7863681316375732,
  "metrics": {
    "task_completion_rate": {
      "mean": 0.5029565217391305,
      "std": 0.08490377072635748,
      "final": 0.56,
      "improvement": 0.08000000000000007
    },
    "tool_selection_accuracy": {
      "mean": 0.11026086956521738,
      "std": 0.048802367539953685,
      "final": 0.24
    },
    "average_reward": {
      "mean": 11.331304347826086,
      "std": 2.3348536949748304,
      "cumulative": 2606.2
    },
    "execution_time": {
      "mean": 0.00030394044129744823,
      "std": 0.00010581072355884723,
      "p95": 0.0005082955360412597
    },
    "convergence": {
      "episodes_to_stable": 230,
      "final_variance": 0.00673344
    }
  },
  "time_series": {
    "completion_rates": [
      0.48,
      0.44,
      0.52,
      0.56,
      0.72,
      0.48,
      0.4,
      0.52,
      0.4,
      0.72,
      0.4,
      0.56,
      0.36,
      0.56,
      0.4,
      0.32,
      0.48,
      0.48,
      0.44,
      0.52,
      0.56,
      0.56,
      0.44,
      0.48,
      0.6,
      0.4,
      0.56,
      0.68,
      0.76,
      0.48,
      0.56,
      0.44,
      0.68,
      0.4,
      0.36,
      0.44,
      0.56,
      0.64,
      0.4,
      0.56,
      0.52,
      0.4,
      0.48,
      0.44,
      0.44,
      0.52,
      0.48,
      0.48,
      0.6,
      0.64,
      0.4,
      0.4,
      0.52,
      0.36,
      0.6,
      0.52,
      0.52,
      0.44,
      0.48,
      0.6,
      0.48,
      0.48,
      0.56,
      0.48,
      0.52,
      0.68,
      0.52,
      0.56,
      0.48,
      0.36,
      0.48,
      0.44,
      0.48,
      0.52,
      0.52,
      0.44,
      0.52,
      0.64,
      0.56,
      0.44,
      0.52,
      0.64,
      0.52,
      0.52,
      0.6,
      0.56,
      0.44,
      0.48,
      0.36,
      0.6,
      0.56,
      0.44,
      0.4,
      0.48,
      0.44,
      0.52,
      0.44,
      0.6,
      0.6,
      0.48,
      0.44,
      0.44,
      0.56,
      0.6,
      0.4,
      0.56,
      0.48,
      0.52,
      0.44,
      0.56,
      0.48,
      0.6,
      0.56,
      0.48,
      0.4,
      0.4,
      0.64,
      0.4,
      0.6,
      0.44,
      0.28,
      0.52,
      0.48,
      0.44,
      0.48,
      0.56,
      0.64,
      0.6,
      0.48,
      0.52,
      0.56,
      0.4,
      0.52,
      0.48,
      0.48,
      0.52,
      0.56,
      0.56,
      0.44,
      0.52,
      0.56,
      0.56,
      0.52,
      0.4,
      0.56,
      0.48,
      0.52,
      0.36,
      0.4,
      0.4,
      0.44,
      0.68,
      0.52,
      0.48,
      0.4,
      0.4,
      0.52,
      0.44,
      0.52,
      0.64,
      0.36,
      0.6,
      0.56,
      0.44,
      0.52,
      0.36,
      0.44,
      0.56,
      0.44,
      0.52,
      0.4,
      0.52,
      0.52,
      0.4,
      0.48,
      0.52,
      0.4,
      0.48,
      0.44,
      0.6,
      0.52,
      0.52,
      0.4,
      0.6,
      0.4,
      0.56,
      0.48,
      0.56,
      0.4,
      0.56,
      0.4,
      0.56,
      0.44,
      0.6,
      0.6,
      0.52,
      0.52,
      0.52,
      0.36,
      0.52,
      0.52,
      0.6,
      0.52,
      0.48,
      0.32,
      0.44,
      0.48,
      0.32,
      0.72,
      0.48,
      0.64,
      0.56,
      0.4,
      0.6,
      0.48,
      0.52,
      0.52,
      0.56,
      0.64,
      0.48,
      0.6,
      0.64,
      0.68,
      0.56,
      0.52,
      0.4,
      0.52,
      0.52,
      0.44,
      0.56
    ],
    "tool_accuracies": [
      0.08,
      0.12,
      0.04,
      0.16,
      0.12,
      0.12,
      0.04,
      0.16,
      0.12,
      0.2,
      0.04,
      0.08,
      0.12,
      0.16,
      0.12,
      0.12,
      0.08,
      0.16,
      0.04,
      0.08,
      0.2,
      0.12,
      0.04,
      0.2,
      0.2,
      0.08,
      0.04,
      0.2,
      0.16,
      0.16,
      0.12,
      0.08,
      0.16,
      0.04,
      0.04,
      0.08,
      0.2,
      0.28,
      0.16,
      0.2,
      0.16,
      0.16,
      0.04,
      0.12,
      0.12,
      0.04,
      0.08,
      0.16,
      0.08,
      0.08,
      0.08,
      0.04,
      0.12,
      0.04,
      0.12,
      0.08,
      0.12,
      0.2,
      0.08,
      0.12,
      0.12,
      0.08,
      0.08,
      0.04,
      0.12,
      0.16,
      0.12,
      0.12,
      0.12,
      0.08,
      0.04,
      0.12,
      0.08,
      0.08,
      0.12,
      0.16,
      0.12,
      0.12,
      0.08,
      0.12,
      0.08,
      0.04,
      0.08,
      0.2,
      0.16,
      0.04,
      0.04,
      0.12,
      0.08,
      0.08,
      0.12,
      0.12,
      0.08,
      0.08,
      0.12,
      0.08,
      0.08,
      0.16,
      0.16,
      0.16,
      0.12,
      0.08,
      0.12,
      0.12,
      0.16,
      0.08,
      0.2,
      0.08,
      0.12,
      0.16,
      0.08,
      0.16,
      0.16,
      0.04,
      0.12,
      0.08,
      0.12,
      0.08,
      0.16,
      0.08,
      0.08,
      0.12,
      0.12,
      0.12,
      0.08,
      0.08,
      0.12,
      0.12,
      0.12,
      0.12,
      0.12,
      0.04,
      0.08,
      0.08,
      0.04,
      0.12,
      0.16,
      0.16,
      0.08,
      0.2,
      0.16,
      0.16,
      0.04,
      0.2,
      0.08,
      0.08,
      0.12,
      0.08,
      0.04,
      0.04,
      0.04,
      0.16,
      0.12,
      0.16,
      0.08,
      0.12,
      0.04,
      0.16,
      0.16,
      0.24,
      0.04,
      0.16,
      0.04,
      0.04,
      0.04,
      0.12,
      0.08,
      0.12,
      0.16,
      0.08,
      0.12,
      0.12,
      0.08,
      0.08,
      0.12,
      0.12,
      0.08,
      0.12,
      0.12,
      0.16,
      0.08,
      0.04,
      0.16,
      0.24,
      0.04,
      0.12,
      0.12,
      0.12,
      0.08,
      0.12,
      0.04,
      0.12,
      0.08,
      0.12,
      0.12,
      0.16,
      0.08,
      0.16,
      0.08,
      0.16,
      0.08,
      0.08,
      0.12,
      0.08,
      0.04,
      0.12,
      0.08,
      0.12,
      0.08,
      0.04,
      0.2,
      0.12,
      0.12,
      0.16,
      0.04,
      0.16,
      0.12,
      0.16,
      0.08,
      0.12,
      0.24,
      0.08,
      0.12,
      0.04,
      0.08,
      0.08,
      0.08,
      0.12,
      0.04,
      0.24
    ],