{
  "strategy": "q_learning_dqn",
  "run_id": 1,
  "seed": 123,
  "episodes": 230,
  "queries_per_episode": 25,
  "total_time": 8.467672348022461,
  "metrics": {
    "task_completion_rate": {
      "mean": 0.502608695652174,
      "std": 0.0870990136870401,
      "final": 0.44,
      "improvement": -0.12000000000000005
    },
    "tool_selection_accuracy": {
      "mean": 0.10904347826086956,
      "std": 0.04803936633987259,
      "final": 0.04
    },
    "average_reward": {
      "mean": 11.321739130434782,
      "std": 2.395222876393603,
      "cumulative": 2604.0
    },
    "execution_time": {
      "mean": 0.0014640742177548618,
      "std": 0.005350246967902924,
      "p95": 0.0016070995330810544
    },
    "convergence": {
      "episodes_to_stable": 230,
      "final_variance": 0.008041439999999999
    }
  },
  "time_series": {
    "completion_rates": [
      0.56,
      0.44,
      0.4,
      0.6,
      0.36,
      0.4,
      0.48,
      0.36,
      0.6,
      0.56,
      0.32,
      0.48,
      0.48,
      0.52,
      0.36,
      0.56,
      0.56,
      0.44,
      0.52,
      0.44,
      0.44,
      0.44,
      0.6,
      0.48,
      0.48,
      0.48,
      0.48,
      0.4,
      0.52,
      0.48,
      0.64,
      0.44,
      0.52,
      0.48,
      0.52,
      0.44,
      0.44,
      0.48,
      0.4,
      0.52,
      0.6,
      0.52,
      0.64,
      0.4,
      0.4,
      0.44,
      0.56,
      0.52,
      0.64,
      0.48,
      0.32,
      0.48,
      0.44,
      0.52,
      0.56,
      0.36,
      0.52,
      0.52,
      0.48,
      0.56,
      0.68,
      0.56,
      0.6,
      0.48,
      0.44,
      0.4,
      0.6,
      0.4,
      0.56,
      0.4,
      0.56,
      0.56,
      0.52,
      0.56,
      0.44,
      0.56,
      0.72,
      0.56,
      0.56,
      0.44,
      0.52,
      0.56,
      0.56,
      0.52,
      0.6,
      0.64,
      0.48,
      0.52,
      0.64,
      0.48,
      0.52,
      0.4,
      0.52,
      0.56,
      0.44,
      0.48,
      0.52,
      0.52,
      0.36,
      0.44,
      0.4,
      0.56,
      0.56,
      0.6,
      0.52,
      0.56,
      0.4,
      0.4,
      0.56,
      0.52,
      0.48,
      0.68,
      0.48,
      0.44,
      0.4,
      0.52,
      0.48,
      0.72,
      0.44,
      0.44,
      0.6,
      0.56,
      0.32,
      0.48,
      0.4,
      0.52,
      0.44,
      0.64,
      0.36,
      0.32,
      0.36,
      0.6,
      0.44,
      0.56,
      0.6,
      0.52,
      0.44,
      0.4,
      0.4,
      0.4,
      0.52,
      0.52,
      0.6,
      0.68,
      0.6,
      0.52,
      0.68,
      0.6,
      0.56,
      0.44,
      0.52,
      0.44,
      0.48,
      0.48,
      0.4,
      0.52,
      0.72,
      0.6,
      0.48,
      0.32,
      0.48,
      0.48,
      0.48,
      0.56,
      0.52,
      0.6,
      0.56,
      0.6,
      0.56,
      0.6,
      0.44,
      0.4,
      0.44,
      0.56,
      0.64,
      0.4,
      0.48,
      0.4,
      0.6,
      0.52,
      0.32,
      0.64,
      0.64,
      0.48,
      0.48,
      0.44,
      0.36,
      0.44,
      0.52,
      0.44,
      0.48,
      0.6,
      0.4,
      0.6,
      0.52,
      0.44,
      0.4,
      0.52,
      0.52,
      0.56,
      0.44,
      0.52,
      0.52,
      0.56,
      0.48,
      0.72,
      0.52,
      0.4,
      0.4,
      0.64,
      0.28,
      0.52,
      0.68,
      0.44,
      0.56,
      0.48,
      0.52,
      0.52,
      0.36,
      0.52,
      0.52,
      0.4,
      0.6,
      0.48,
      0.56,
      0.52,
      0.52,
      0.6,
      0.6,
      0.44
    ],
    "tool_accuracies": [
      0.16,
      0.08,
      0.12,
      0.16,
      0.0,
      0.04,
      0.08,
      0.04,
      0.08,
      0.12,
      0.08,
      0.16,
      0.08,
      0.12,
      0.04,
      0.12,
      0.04,
      0.04,
      0.2,
      0.08,
      0.04,
      0.08,
      0.16,
      0.08,
      0.12,
      0.08,
      0.04,
      0.16,
      0.12,
      0.16,
      0.16,
      0.08,
      0.08,
      0.16,
      0.12,
      0.08,
      0.12,
      0.08,
      0.08,
      0.08,
      0.16,
      0.08,
      0.2,
      0.12,
      0.08,
      0.12,
      0.04,
      0.12,
      0.08,
      0.08,
      0.12,
      0.08,
      0.08,
      0.12,
      0.12,
      0.04,
      0.2,
      0.08,
      0.08,
      0.16,
      0.12,
      0.08,
      0.12,
      0.04,
      0.08,
      0.12,
      0.16,
      0.08,
      0.12,
      0.08,
      0.2,
      0.04,
      0.08,
      0.16,
      0.04,
      0.08,
      0.08,
      0.08,
      0.12,
      0.08,
      0.08,
      0.16,
      0.08,
      0.08,
      0.16,
      0.12,
      0.12,
      0.12,
      0.12,
      0.16,
      0.04,
      0.08,
      0.16,
      0.16,
      0.08,
      0.12,
      0.12,
      0.12,
      0.12,
      0.16,
      0.08,
      0.16,
      0.08,
      0.16,
      0.12,
      0.2,
      0.16,
      0.08,
      0.08,
      0.12,
      0.12,
      0.12,
      0.0,
      0.0,
      0.04,
      0.08,
      0.12,
      0.12,
      0.08,
      0.12,
      0.12,
      0.08,
      0.08,
      0.16,
      0.12,
      0.16,
      0.08,
      0.2,
      0.08,
      0.12,
      0.04,
      0.16,
      0.12,
      0.08,
      0.16,
      0.12,
      0.0,
      0.04,
      0.0,
      0.16,
      0.0,
      0.08,
      0.12,
      0.16,
      0.08,
      0.12,
      0.24,
      0.16,
      0.16,
      0.12,
      0.0,
      0.12,
      0.12,
      0.08,
      0.08,
      0.08,
      0.16,
      0.16,
      0.12,
      0.08,
      0.08,
      0.08,
      0.16,
      0.12,
      0.12,
      0.12,
      0.12,
      0.16,
      0.16,
      0.08,
      0.12,
      0.08,
      0.16,
      0.12,
      0.12,
      0.16,
      0.04,
      0.08,
      0.16,
      0.2,
      0.08,
      0.08,
      0.12,
      0.12,
      0.12,
      0.12,
      0.0,
      0.16,
      0.12,
      0.08,
      0.12,
      0.12,
      0.08,
      0.12,
      0.12,
      0.12,
      0.08,
      0.12,
      0.04,
      0.2,
      0.16,
      0.24,
      0.16,
      0.16,
      0.04,
      0.2,
      0.12,
      0.04,
      0.12,
      0.2,
      0.04,
      0.04,
      0.16,
      0.12,
      0.2,
      0.16,
      0.08,
      0.16,
      0.08,
      0.08,
      0.2,
      0.04,
      0.16,
      0.16,
      0.12,
      0.12,
      0.12,
      0.08,
      0.16,
      0.04
    ],