{
  "strategy": "q_learning_tabular",
  "run_id": 0,
  "seed": 42,
  "episodes": 230,
  "queries_per_episode": 25,
  "total_time": 1.4240808486938477,
  "metrics": {
    "task_completion_rate": {
      "mean": 0.5102608695652174,
      "std": 0.08499064776750151,
      "final": 0.36,
      "improvement": -0.20000000000000007
    },
    "tool_selection_accuracy": {
      "mean": 0.11043478260869564,
      "std": 0.04672568057238696,
      "final": 0.04
    },
    "average_reward": {
      "mean": 11.532173913043477,
      "std": 2.3372428136062915,
      "cumulative": 2652.4
    },
    "execution_time": {
      "mean": 0.0002424438725347104,
      "std": 6.392133022028964e-05,
      "p95": 0.0003888454437255859
    },
    "convergence": {
      "episodes_to_stable": 230,
      "final_variance": 0.007137760000000001
    }
  },
  "time_series": {
    "completion_rates": [
      0.56,
      0.48,
      0.56,
      0.48,
      0.44,
      0.44,
      0.52,
      0.4,
      0.4,
      0.4,
      0.68,
      0.56,
      0.64,
      0.6,
      0.64,
      0.36,
      0.44,
      0.44,
      0.6,
      0.56,
      0.48,
      0.28,
      0.36,
      0.52,
      0.4,
      0.52,
      0.52,
      0.4,
      0.64,
      0.4,
      0.48,
      0.68,
      0.44,
      0.52,
      0.56,
      0.56,
      0.48,
      0.48,
      0.56,
      0.4,
      0.56,
      0.52,
      0.52,
      0.6,
      0.44,
      0.56,
      0.56,
      0.48,
      0.44,
      0.52,
      0.52,
      0.36,
      0.68,
      0.48,
      0.56,
      0.48,
      0.56,
      0.68,
      0.52,
      0.52,
      0.6,
      0.44,
      0.6,
      0.52,
      0.56,
      0.64,
      0.56,
      0.36,
      0.56,
      0.44,
      0.36,
      0.64,
      0.6,
      0.52,
      0.52,
      0.6,
      0.56,
      0.48,
      0.56,
      0.52,
      0.64,
      0.56,
      0.4,
      0.56,
      0.64,
      0.48,
      0.44,
      0.64,
      0.6,
      0.48,
      0.52,
      0.52,
      0.52,
      0.6,
      0.72,
      0.56,
      0.48,
      0.64,
      0.48,
      0.48,
      0.56,
      0.48,
      0.52,
      0.48,
      0.48,
      0.6,
      0.48,
      0.32,
      0.56,
      0.56,
      0.6,
      0.52,
      0.48,
      0.52,
      0.56,
      0.44,
      0.52,
      0.56,
      0.48,
      0.6,
      0.44,
      0.32,
      0.48,
      0.4,
      0.48,
      0.32,
      0.52,
      0.44,
      0.48,
      0.44,
      0.44,
      0.44,
      0.44,
      0.48,
      0.44,
      0.6,
      0.52,
      0.48,
      0.44,
      0.52,
      0.48,
      0.56,
      0.48,
      0.48,
      0.8,
      0.52,
      0.56,
      0.4,
      0.56,
      0.44,
      0.6,
      0.48,
      0.48,
      0.48,
      0.64,
      0.52,
      0.64,
      0.48,
      0.56,
      0.44,
      0.56,
      0.52,
      0.56,
      0.56,
      0.44,
      0.64,
      0.52,
      0.52,
      0.56,
      0.6,
      0.52,
      0.48,
      0.48,
      0.36,
      0.44,
      0.48,
      0.52,
      0.56,
      0.6,
      0.64,
      0.56,
      0.48,
      0.48,
      0.64,
      0.44,
      0.28,
      0.56,
      0.44,
      0.48,
      0.48,
      0.48,
      0.36,
      0.4,
      0.48,
      0.52,
      0.56,
      0.4,
      0.6,
      0.44,
      0.52,
      0.36,
      0.44,
      0.52,
      0.44,
      0.36,
      0.48,
      0.48,
      0.56,
      0.64,
      0.6,
      0.36,
      0.44,
      0.72,
      0.64,
      0.52,
      0.52,
      0.48,
      0.6,
      0.56,
      0.4,
      0.52,
      0.4,
      0.48,
      0.56,
      0.64,
      0.44,
      0.48,
      0.6,
      0.52,
      0.36
    ],
    "tool_accuracies": [
      0.12,
      0.08,
      0.16,
      0.12,
      0.2,
      0.16,
      0.12,
      0.08,
      0.12,
      0.0,
      0.08,
      0.12,
      0.24,
      0.08,
      0.08,
      0.12,
      0.0,
      0.08,
      0.12,
      0.16,
      0.08,
      0.04,
      0.04,
      0.16,
      0.08,
      0.08,
      0.08,
      0.2,
      0.2,
      0.08,
      0.12,
      0.12,
      0.12,
      0.12,
      0.12,
      0.04,
      0.04,
      0.04,
      0.08,
      0.08,
      0.16,
      0.12,
      0.12,
      0.12,
      0.12,
      0.12,
      0.12,
      0.12,
      0.08,
      0.12,
      0.12,
      0.08,
      0.08,
      0.04,
      0.12,
      0.08,
      0.12,
      0.16,
      0.04,
      0.08,
      0.08,
      0.12,
      0.08,
      0.08,
      0.12,
      0.12,
      0.08,
      0.04,
      0.12,
      0.0,
      0.08,
      0.16,
      0.2,
      0.12,
      0.16,
      0.04,
      0.12,
      0.12,
      0.08,
      0.12,
      0.2,
      0.12,
      0.08,
      0.2,
      0.12,
      0.04,
      0.08,
      0.12,
      0.12,
      0.16,
      0.08,
      0.08,
      0.12,
      0.08,
      0.2,
      0.16,
      0.12,
      0.12,
      0.12,
      0.12,
      0.12,
      0.04,
      0.16,
      0.08,
      0.08,
      0.16,
      0.08,
      0.04,
      0.12,
      0.12,
      0.12,
      0.12,
      0.08,
      0.08,
      0.08,
      0.04,
      0.12,
      0.12,
      0.04,
      0.12,
      0.08,
      0.12,
      0.12,
      0.08,
      0.2,
      0.08,
      0.16,
      0.08,
      0.16,
      0.12,
      0.08,
      0.12,
      0.12,
      0.08,
      0.08,
      0.08,
      0.04,
      0.12,
      0.04,
      0.12,
      0.16,
      0.16,
      0.08,
      0.16,
      0.2,
      0.24,
      0.12,
      0.12,
      0.16,
      0.08,
      0.12,
      0.16,
      0.04,
      0.04,
      0.12,
      0.08,
      0.12,
      0.12,
      0.2,
      0.08,
      0.2,
      0.16,
      0.24,
      0.08,
      0.12,
      0.2,
      0.16,
      0.12,
      0.12,
      0.2,
      0.16,
      0.12,
      0.16,
      0.2,
      0.16,
      0.16,
      0.08,
      0.12,
      0.16,
      0.16,
      0.04,
      0.12,
      0.08,
      0.12,
      0.12,
      0.04,
      0.12,
      0.12,
      0.08,
      0.08,
      0.12,
      0.0,
      0.12,
      0.04,
      0.08,
      0.16,
      0.12,
      0.16,
      0.16,
      0.16,
      0.12,
      0.08,
      0.08,
      0.08,
      0.08,
      0.08,
      0.12,
      0.04,
      0.16,
      0.08,
      0.08,
      0.12,
      0.08,
      0.12,
      0.16,
      0.16,
      0.04,
      0.12,
      0.08,
      0.04,
      0.04,
      0.08,
      0.12,
      0.12,
      0.08,
      0.16,
      0.12,
      0.2,
      0.08,
      0.04
    ],