{
  "strategy": "q_learning_dqn",
  "run_id": 4,
  "seed": 999,
  "episodes": 230,
  "queries_per_episode": 25,
  "total_time": 6.853837251663208,
  "metrics": {
    "task_completion_rate": {
      "mean": 0.49495652173913046,
      "std": 0.07894273007300902,
      "final": 0.56,
      "improvement": 0.12000000000000005
    },
    "tool_selection_accuracy": {
      "mean": 0.1088695652173913,
      "std": 0.047489407833038975,
      "final": 0.2
    },
    "average_reward": {
      "mean": 11.111304347826087,
      "std": 2.170925077007748,
      "cumulative": 2555.6
    },
    "execution_time": {
      "mean": 0.0011826581540315046,
      "std": 0.00035336292858093753,
      "p95": 0.001872262954711914
    },
    "convergence": {
      "episodes_to_stable": 230,
      "final_variance": 0.0070137600000000026
    }
  },
  "time_series": {
    "completion_rates": [
      0.44,
      0.44,
      0.44,
      0.48,
      0.48,
      0.6,
      0.48,
      0.48,
      0.48,
      0.48,
      0.6,
      0.4,
      0.56,
      0.44,
      0.52,
      0.48,
      0.56,
      0.48,
      0.48,
      0.48,
      0.52,
      0.4,
      0.48,
      0.44,
      0.52,
      0.44,
      0.48,
      0.44,
      0.44,
      0.48,
      0.52,
      0.6,
      0.56,
      0.48,
      0.52,
      0.56,
      0.68,
      0.6,
      0.36,
      0.6,
      0.48,
      0.44,
      0.6,
      0.48,
      0.52,
      0.52,
      0.44,
      0.56,
      0.48,
      0.6,
      0.64,
      0.6,
      0.4,
      0.48,
      0.36,
      0.4,
      0.52,
      0.32,
      0.52,
      0.48,
      0.52,
      0.52,
      0.56,
      0.48,
      0.64,
      0.44,
      0.48,
      0.56,
      0.64,
      0.4,
      0.44,
      0.4,
      0.52,
      0.52,
      0.44,
      0.48,
      0.52,
      0.6,
      0.36,
      0.44,
      0.44,
      0.52,
      0.52,
      0.32,
      0.44,
      0.52,
      0.48,
      0.48,
      0.48,
      0.48,
      0.36,
      0.68,
      0.44,
      0.6,
      0.6,
      0.4,
      0.52,
      0.44,
      0.44,
      0.6,
      0.44,
      0.44,
      0.56,
      0.56,
      0.4,
      0.48,
      0.56,
      0.6,
      0.56,
      0.6,
      0.4,
      0.56,
      0.52,
      0.36,
      0.44,
      0.4,
      0.4,
      0.44,
      0.4,
      0.64,
      0.56,
      0.44,
      0.52,
      0.48,
      0.52,
      0.48,
      0.52,
      0.4,
      0.44,
      0.56,
      0.48,
      0.44,
      0.52,
      0.48,
      0.48,
      0.48,
      0.36,
      0.48,
      0.56,
      0.48,
      0.52,
      0.52,
      0.52,
      0.52,
      0.44,
      0.52,
      0.44,
      0.48,
      0.48,
      0.48,
      0.48,
      0.48,
      0.44,
      0.52,
      0.36,
      0.48,
      0.48,
      0.56,
      0.52,
      0.24,
      0.44,
      0.48,
      0.44,
      0.36,
      0.64,
      0.48,
      0.56,
      0.64,
      0.44,
      0.36,
      0.52,
      0.36,
      0.44,
      0.4,
      0.44,
      0.76,
      0.68,
      0.52,
      0.48,
      0.52,
      0.44,
      0.64,
      0.48,
      0.48,
      0.56,
      0.48,
      0.44,
      0.68,
      0.48,
      0.56,
      0.48,
      0.48,
      0.6,
      0.48,
      0.52,
      0.56,
      0.48,
      0.4,
      0.44,
      0.6,
      0.44,
      0.6,
      0.4,
      0.6,
      0.48,
      0.56,
      0.56,
      0.68,
      0.52,
      0.56,
      0.52,
      0.44,
      0.44,
      0.32,
      0.44,
      0.6,
      0.44,
      0.36,
      0.52,
      0.56,
      0.6,
      0.44,
      0.48,
      0.52,
      0.4,
      0.4,
      0.52,
      0.64,
      0.6,
      0.56
    ],
    "tool_accuracies": [
      0.08,
      0.0,
      0.12,
      0.16,
      0.12,
      0.08,
      0.12,
      0.04,
      0.12,
      0.08,
      0.12,
      0.08,
      0.12,
      0.12,
      0.16,
      0.08,
      0.2,
      0.08,
      0.12,
      0.08,
      0.04,
      0.04,
      0.2,
      0.08,
      0.12,
      0.04,
      0.04,
      0.08,
      0.2,
      0.12,
      0.12,
      0.16,
      0.08,
      0.12,
      0.2,
      0.2,
      0.16,
      0.16,
      0.16,
      0.08,
      0.12,
      0.12,
      0.12,
      0.08,
      0.12,
      0.08,
      0.08,
      0.08,
      0.16,
      0.12,
      0.16,
      0.16,
      0.12,
      0.12,
      0.12,
      0.16,
      0.16,
      0.08,
      0.04,
      0.08,
      0.16,
      0.12,
      0.08,
      0.08,
      0.08,
      0.2,
      0.08,
      0.08,
      0.12,
      0.08,
      0.08,
      0.08,
      0.24,
      0.08,
      0.08,
      0.12,
      0.16,
      0.16,
      0.08,
      0.12,
      0.08,
      0.16,
      0.12,
      0.0,
      0.04,
      0.08,
      0.12,
      0.16,
      0.04,
      0.08,
      0.04,
      0.2,
      0.16,
      0.12,
      0.16,
      0.12,
      0.12,
      0.08,
      0.08,
      0.16,
      0.04,
      0.08,
      0.16,
      0.08,
      0.04,
      0.12,
      0.12,
      0.12,
      0.12,
      0.12,
      0.12,
      0.12,
      0.16,
      0.08,
      0.12,
      0.12,
      0.12,
      0.08,
      0.12,
      0.08,
      0.12,
      0.08,
      0.16,
      0.08,
      0.12,
      0.08,
      0.04,
      0.08,
      0.16,
      0.08,
      0.12,
      0.08,
      0.12,
      0.16,
      0.04,
      0.16,
      0.12,
      0.08,
      0.16,
      0.2,
      0.08,
      0.16,
      0.12,
      0.12,
      0.12,
      0.04,
      0.04,
      0.2,
      0.04,
      0.08,
      0.08,
      0.2,
      0.0,
      0.08,
      0.04,
      0.2,
      0.16,
      0.2,
      0.08,
      0.08,
      0.16,
      0.16,
      0.04,
      0.12,
      0.16,
      0.12,
      0.12,
      0.08,
      0.16,
      0.12,
      0.12,
      0.0,
      0.04,
      0.08,
      0.08,
      0.12,
      0.08,
      0.04,
      0.04,
      0.16,
      0.08,
      0.16,
      0.04,
      0.16,
      0.12,
      0.16,
      0.08,
      0.2,
      0.04,
      0.12,
      0.12,
      0.12,
      0.08,
      0.2,
      0.08,
      0.08,
      0.16,
      0.08,
      0.16,
      0.16,
      0.12,
      0.12,
      0.16,
      0.16,
      0.12,
      0.12,
      0.04,
      0.2,
      0.08,
      0.04,
      0.12,
      0.12,
      0.12,
      0.04,
      0.08,
      0.16,
      0.04,
      0.08,
      0.12,
      0.04,
      0.08,
      0.04,
      0.12,
      0.04,
      0.08,
      0.08,
      0.12,
      0.12,
      0.04,
      0.2
    ],