{
  "strategy": "q_learning_tabular",
  "run_id": 1,
  "seed": 123,
  "episodes": 230,
  "queries_per_episode": 25,
  "total_time": 1.394270896911621,
  "metrics": {
    "task_completion_rate": {
      "mean": 0.49982608695652175,
      "std": 0.0931570213339742,
      "final": 0.6,
      "improvement": 0.039999999999999925
    },
    "tool_selection_accuracy": {
      "mean": 0.10695652173913044,
      "std": 0.048672354675327066,
      "final": 0.08
    },
    "average_reward": {
      "mean": 11.245217391304351,
      "std": 2.5618180866842906,
      "cumulative": 2586.4
    },
    "execution_time": {
      "mean": 0.00023762790016506032,
      "std": 6.56241518686806e-05,
      "p95": 0.00040099143981933575
    },
    "convergence": {
      "episodes_to_stable": 230,
      "final_variance": 0.00865536
    }
  },
  "time_series": {
    "completion_rates": [
      0.56,
      0.6,
      0.6,
      0.68,
      0.52,
      0.48,
      0.44,
      0.56,
      0.56,
      0.44,
      0.32,
      0.4,
      0.48,
      0.64,
      0.68,
      0.44,
      0.52,
      0.36,
      0.56,
      0.4,
      0.6,
      0.48,
      0.52,
      0.52,
      0.48,
      0.64,
      0.52,
      0.56,
      0.52,
      0.36,
      0.52,
      0.64,
      0.6,
      0.36,
      0.48,
      0.44,
      0.32,
      0.48,
      0.36,
      0.56,
      0.6,
      0.52,
      0.6,
      0.48,
      0.48,
      0.52,
      0.4,
      0.52,
      0.48,
      0.48,
      0.6,
      0.72,
      0.44,
      0.56,
      0.64,
      0.32,
      0.48,
      0.44,
      0.56,
      0.56,
      0.28,
      0.6,
      0.52,
      0.44,
      0.52,
      0.52,
      0.48,
      0.64,
      0.6,
      0.44,
      0.48,
      0.36,
      0.6,
      0.28,
      0.4,
      0.56,
      0.44,
      0.56,
      0.64,
      0.48,
      0.6,
      0.48,
      0.64,
      0.52,
      0.4,
      0.56,
      0.44,
      0.56,
      0.6,
      0.44,
      0.52,
      0.36,
      0.48,
      0.32,
      0.36,
      0.4,
      0.4,
      0.56,
      0.44,
      0.44,
      0.52,
      0.4,
      0.52,
      0.36,
      0.44,
      0.56,
      0.52,
      0.72,
      0.36,
      0.48,
      0.44,
      0.68,
      0.44,
      0.64,
      0.52,
      0.52,
      0.56,
      0.44,
      0.56,
      0.56,
      0.52,
      0.48,
      0.52,
      0.44,
      0.44,
      0.4,
      0.48,
      0.56,
      0.44,
      0.4,
      0.48,
      0.48,
      0.48,
      0.64,
      0.56,
      0.52,
      0.56,
      0.44,
      0.4,
      0.44,
      0.56,
      0.64,
      0.24,
      0.52,
      0.48,
      0.68,
      0.56,
      0.64,
      0.4,
      0.44,
      0.48,
      0.64,
      0.4,
      0.68,
      0.48,
      0.36,
      0.6,
      0.36,
      0.36,
      0.36,
      0.56,
      0.56,
      0.44,
      0.44,
      0.68,
      0.52,
      0.6,
      0.6,
      0.52,
      0.48,
      0.56,
      0.32,
      0.6,
      0.32,
      0.44,
      0.44,
      0.44,
      0.52,
      0.6,
      0.6,
      0.56,
      0.52,
      0.4,
      0.44,
      0.56,
      0.48,
      0.52,
      0.56,
      0.52,
      0.48,
      0.44,
      0.52,
      0.56,
      0.52,
      0.52,
      0.48,
      0.64,
      0.48,
      0.48,
      0.52,
      0.52,
      0.64,
      0.4,
      0.44,
      0.64,
      0.48,
      0.64,
      0.56,
      0.56,
      0.52,
      0.44,
      0.48,
      0.64,
      0.6,
      0.36,
      0.44,
      0.52,
      0.56,
      0.4,
      0.44,
      0.4,
      0.56,
      0.56,
      0.44,
      0.36,
      0.4,
      0.48,
      0.4,
      0.28,
      0.6
    ],
    "tool_accuracies": [
      0.2,
      0.16,
      0.08,
      0.2,
      0.16,
      0.12,
      0.08,
      0.2,
      0.08,
      0.04,
      0.04,
      0.0,
      0.0,
      0.2,
      0.12,
      0.12,
      0.2,
      0.08,
      0.16,
      0.12,
      0.2,
      0.08,
      0.08,
      0.08,
      0.08,
      0.08,
      0.16,
      0.12,
      0.08,
      0.08,
      0.04,
      0.08,
      0.08,
      0.04,
      0.12,
      0.12,
      0.0,
      0.12,
      0.0,
      0.24,
      0.16,
      0.12,
      0.12,
      0.2,
      0.12,
      0.12,
      0.04,
      0.08,
      0.08,
      0.12,
      0.12,
      0.16,
      0.08,
      0.04,
      0.12,
      0.0,
      0.12,
      0.12,
      0.16,
      0.2,
      0.08,
      0.12,
      0.04,
      0.08,
      0.16,
      0.16,
      0.12,
      0.2,
      0.12,
      0.08,
      0.08,
      0.04,
      0.16,
      0.04,
      0.08,
      0.08,
      0.08,
      0.2,
      0.08,
      0.12,
      0.16,
      0.16,
      0.08,
      0.16,
      0.04,
      0.08,
      0.04,
      0.16,
      0.12,
      0.08,
      0.2,
      0.12,
      0.12,
      0.12,
      0.04,
      0.04,
      0.12,
      0.16,
      0.08,
      0.08,
      0.12,
      0.08,
      0.04,
      0.08,
      0.08,
      0.12,
      0.16,
      0.16,
      0.08,
      0.2,
      0.08,
      0.12,
      0.12,
      0.08,
      0.04,
      0.12,
      0.08,
      0.04,
      0.04,
      0.12,
      0.08,
      0.16,
      0.08,
      0.16,
      0.12,
      0.08,
      0.2,
      0.16,
      0.08,
      0.04,
      0.16,
      0.08,
      0.16,
      0.12,
      0.12,
      0.12,
      0.04,
      0.12,
      0.08,
      0.12,
      0.04,
      0.08,
      0.04,
      0.16,
      0.12,
      0.16,
      0.08,
      0.08,
      0.08,
      0.08,
      0.12,
      0.12,
      0.16,
      0.12,
      0.12,
      0.04,
      0.08,
      0.08,
      0.08,
      0.04,
      0.12,
      0.0,
      0.12,
      0.04,
      0.2,
      0.08,
      0.08,
      0.12,
      0.08,
      0.12,
      0.2,
      0.08,
      0.12,
      0.12,
      0.04,
      0.0,
      0.08,
      0.12,
      0.16,
      0.16,
      0.04,
      0.16,
      0.08,
      0.12,
      0.16,
      0.12,
      0.12,
      0.04,
      0.08,
      0.08,
      0.08,
      0.08,
      0.04,
      0.12,
      0.12,
      0.12,
      0.2,
      0.12,
      0.12,
      0.16,
      0.12,
      0.12,
      0.12,
      0.08,
      0.12,
      0.08,
      0.2,
      0.12,
      0.04,
      0.04,
      0.12,
      0.12,
      0.16,
      0.08,
      0.08,
      0.12,
      0.16,
      0.16,
      0.12,
      0.08,
      0.12,
      0.12,
      0.16,
      0.16,
      0.16,
      0.08,
      0.16,
      0.12,
      0.08,
      0.08
    ],