{
  "strategy": "q_learning_dqn",
  "run_id": 3,
  "seed": 789,
  "episodes": 230,
  "queries_per_episode": 25,
  "total_time": 6.4295594692230225,
  "metrics": {
    "task_completion_rate": {
      "mean": 0.5060869565217392,
      "std": 0.08440786746943225,
      "final": 0.52,
      "improvement": -0.07999999999999996
    },
    "tool_selection_accuracy": {
      "mean": 0.11095652173913041,
      "std": 0.04836408860055745,
      "final": 0.08
    },
    "average_reward": {
      "mean": 11.417391304347825,
      "std": 2.321216355409387,
      "cumulative": 2626.0
    },
    "execution_time": {
      "mean": 0.001109946582628333,
      "std": 0.00032091001996997916,
      "p95": 0.0017259631156921384
    },
    "convergence": {
      "episodes_to_stable": 230,
      "final_variance": 0.006784640000000001
    }
  },
  "time_series": {
    "completion_rates": [
      0.6,
      0.36,
      0.52,
      0.4,
      0.52,
      0.52,
      0.56,
      0.44,
      0.48,
      0.56,
      0.4,
      0.6,
      0.44,
      0.56,
      0.4,
      0.6,
      0.56,
      0.56,
      0.48,
      0.52,
      0.44,
      0.44,
      0.48,
      0.64,
      0.56,
      0.52,
      0.56,
      0.48,
      0.36,
      0.64,
      0.48,
      0.56,
      0.48,
      0.64,
      0.6,
      0.64,
      0.52,
      0.64,
      0.68,
      0.48,
      0.44,
      0.32,
      0.48,
      0.44,
      0.44,
      0.48,
      0.52,
      0.44,
      0.48,
      0.56,
      0.4,
      0.56,
      0.56,
      0.56,
      0.56,
      0.56,
      0.56,
      0.36,
      0.56,
      0.48,
      0.52,
      0.56,
      0.6,
      0.56,
      0.52,
      0.48,
      0.36,
      0.4,
      0.36,
      0.52,
      0.36,
      0.52,
      0.4,
      0.4,
      0.6,
      0.44,
      0.56,
      0.64,
      0.6,
      0.44,
      0.44,
      0.56,
      0.48,
      0.44,
      0.56,
      0.44,
      0.44,
      0.48,
      0.56,
      0.64,
      0.36,
      0.44,
      0.52,
      0.44,
      0.56,
      0.52,
      0.56,
      0.4,
      0.56,
      0.6,
      0.56,
      0.56,
      0.24,
      0.48,
      0.44,
      0.52,
      0.44,
      0.44,
      0.64,
      0.4,
      0.64,
      0.32,
      0.68,
      0.56,
      0.52,
      0.48,
      0.44,
      0.4,
      0.56,
      0.4,
      0.4,
      0.4,
      0.52,
      0.4,
      0.56,
      0.48,
      0.4,
      0.52,
      0.44,
      0.6,
      0.52,
      0.64,
      0.4,
      0.52,
      0.6,
      0.48,
      0.64,
      0.44,
      0.52,
      0.48,
      0.52,
      0.64,
      0.52,
      0.56,
      0.52,
      0.48,
      0.64,
      0.6,
      0.32,
      0.56,
      0.36,
      0.44,
      0.44,
      0.4,
      0.6,
      0.52,
      0.56,
      0.68,
      0.56,
      0.6,
      0.52,
      0.44,
      0.56,
      0.56,
      0.44,
      0.44,
      0.52,
      0.56,
      0.52,
      0.6,
      0.44,
      0.56,
      0.52,
      0.44,
      0.52,
      0.6,
      0.36,
      0.48,
      0.44,
      0.64,
      0.56,
      0.4,
      0.56,
      0.52,
      0.4,
      0.4,
      0.48,
      0.36,
      0.56,
      0.68,
      0.56,
      0.48,
      0.48,
      0.52,
      0.32,
      0.48,
      0.72,
      0.44,
      0.56,
      0.52,
      0.48,
      0.56,
      0.4,
      0.48,
      0.6,
      0.48,
      0.52,
      0.56,
      0.64,
      0.48,
      0.64,
      0.44,
      0.48,
      0.52,
      0.48,
      0.64,
      0.52,
      0.48,
      0.48,
      0.68,
      0.52,
      0.6,
      0.48,
      0.56,
      0.4,
      0.52,
      0.48,
      0.4,
      0.48,
      0.52
    ],
    "tool_accuracies": [
      0.2,
      0.04,
      0.08,
      0.08,
      0.16,
      0.04,
      0.16,
      0.0,
      0.08,
      0.12,
      0.16,
      0.12,
      0.12,
      0.12,
      0.2,
      0.16,
      0.12,
      0.16,
      0.08,
      0.16,
      0.08,
      0.08,
      0.08,
      0.16,
      0.08,
      0.16,
      0.16,
      0.08,
      0.08,
      0.12,
      0.12,
      0.08,
      0.16,
      0.08,
      0.08,
      0.08,
      0.12,
      0.12,
      0.16,
      0.16,
      0.12,
      0.12,
      0.12,
      0.08,
      0.08,
      0.04,
      0.16,
      0.12,
      0.12,
      0.16,
      0.12,
      0.08,
      0.16,
      0.2,
      0.08,
      0.16,
      0.12,
      0.0,
      0.08,
      0.08,
      0.04,
      0.12,
      0.08,
      0.12,
      0.2,
      0.04,
      0.04,
      0.08,
      0.12,
      0.12,
      0.08,
      0.12,
      0.12,
      0.08,
      0.12,
      0.12,
      0.16,
      0.12,
      0.08,
      0.08,
      0.12,
      0.16,
      0.04,
      0.04,
      0.12,
      0.08,
      0.16,
      0.08,
      0.12,
      0.16,
      0.04,
      0.16,
      0.16,
      0.08,
      0.24,
      0.16,
      0.12,
      0.04,
      0.04,
      0.08,
      0.12,
      0.12,
      0.04,
      0.08,
      0.08,
      0.04,
      0.04,
      0.12,
      0.16,
      0.04,
      0.12,
      0.08,
      0.2,
      0.0,
      0.2,
      0.12,
      0.04,
      0.08,
      0.12,
      0.04,
      0.12,
      0.08,
      0.08,
      0.12,
      0.12,
      0.0,
      0.12,
      0.12,
      0.08,
      0.2,
      0.12,
      0.12,
      0.04,
      0.12,
      0.08,
      0.2,
      0.16,
      0.12,
      0.08,
      0.12,
      0.16,
      0.16,
      0.16,
      0.16,
      0.2,
      0.08,
      0.2,
      0.12,
      0.0,
      0.08,
      0.0,
      0.08,
      0.12,
      0.04,
      0.2,
      0.12,
      0.08,
      0.12,
      0.16,
      0.12,
      0.08,
      0.2,
      0.16,
      0.16,
      0.0,
      0.04,
      0.12,
      0.16,
      0.12,
      0.16,
      0.12,
      0.12,
      0.08,
      0.04,
      0.12,
      0.16,
      0.0,
      0.08,
      0.16,
      0.2,
      0.12,
      0.08,
      0.08,
      0.16,
      0.12,
      0.08,
      0.12,
      0.12,
      0.12,
      0.16,
      0.12,
      0.08,
      0.16,
      0.04,
      0.12,
      0.08,
      0.16,
      0.12,
      0.2,
      0.08,
      0.12,
      0.2,
      0.12,
      0.08,
      0.16,
      0.08,
      0.12,
      0.04,
      0.16,
      0.16,
      0.04,
      0.12,
      0.08,
      0.08,
      0.12,
      0.16,
      0.12,
      0.12,
      0.12,
      0.16,
      0.12,
      0.2,
      0.12,
      0.08,
      0.04,
      0.12,
      0.12,
      0.12,
      0.12,
      0.08
    ],