{
  "strategy": "q_learning_dqn",
  "run_id": 2,
  "seed": 456,
  "episodes": 230,
  "queries_per_episode": 25,
  "total_time": 6.941467046737671,
  "metrics": {
    "task_completion_rate": {
      "mean": 0.5053913043478261,
      "std": 0.08560055827247592,
      "final": 0.44,
      "improvement": -0.08000000000000002
    },
    "tool_selection_accuracy": {
      "mean": 0.11391304347826087,
      "std": 0.04889555242820127,
      "final": 0.12
    },
    "average_reward": {
      "mean": 11.398260869565217,
      "std": 2.354015352493088,
      "cumulative": 2621.6
    },
    "execution_time": {
      "mean": 0.001104636648426885,
      "std": 0.00028368137393788314,
      "p95": 0.001666608333587646
    },
    "convergence": {
      "episodes_to_stable": 230,
      "final_variance": 0.007751039999999999
    }
  },
  "time_series": {
    "completion_rates": [
      0.52,
      0.6,
      0.6,
      0.44,
      0.44,
      0.52,
      0.44,
      0.48,
      0.56,
      0.64,
      0.44,
      0.48,
      0.6,
      0.72,
      0.4,
      0.64,
      0.52,
      0.48,
      0.6,
      0.56,
      0.48,
      0.6,
      0.48,
      0.52,
      0.56,
      0.48,
      0.52,
      0.4,
      0.44,
      0.52,
      0.36,
      0.44,
      0.72,
      0.52,
      0.52,
      0.36,
      0.68,
      0.64,
      0.52,
      0.4,
      0.48,
      0.52,
      0.48,
      0.6,
      0.32,
      0.48,
      0.56,
      0.56,
      0.44,
      0.52,
      0.52,
      0.52,
      0.52,
      0.48,
      0.44,
      0.48,
      0.52,
      0.36,
      0.4,
      0.44,
      0.52,
      0.6,
      0.56,
      0.36,
      0.64,
      0.44,
      0.52,
      0.64,
      0.52,
      0.44,
      0.56,
      0.44,
      0.52,
      0.56,
      0.48,
      0.6,
      0.64,
      0.52,
      0.52,
      0.52,
      0.6,
      0.52,
      0.6,
      0.48,
      0.48,
      0.52,
      0.44,
      0.36,
      0.4,
      0.48,
      0.56,
      0.48,
      0.6,
      0.48,
      0.56,
      0.52,
      0.64,
      0.68,
      0.44,
      0.44,
      0.52,
      0.44,
      0.36,
      0.4,
      0.4,
      0.52,
      0.4,
      0.4,
      0.56,
      0.48,
      0.36,
      0.44,
      0.36,
      0.64,
      0.44,
      0.56,
      0.6,
      0.48,
      0.56,
      0.52,
      0.56,
      0.52,
      0.44,
      0.48,
      0.4,
      0.44,
      0.36,
      0.44,
      0.64,
      0.52,
      0.44,
      0.44,
      0.4,
      0.52,
      0.48,
      0.4,
      0.48,
      0.36,
      0.52,
      0.6,
      0.56,
      0.56,
      0.6,
      0.44,
      0.6,
      0.44,
      0.4,
      0.48,
      0.44,
      0.44,
      0.48,
      0.68,
      0.72,
      0.48,
      0.48,
      0.36,
      0.64,
      0.4,
      0.6,
      0.4,
      0.36,
      0.6,
      0.48,
      0.44,
      0.64,
      0.44,
      0.64,
      0.56,
      0.52,
      0.48,
      0.4,
      0.52,
      0.52,
      0.52,
      0.4,
      0.56,
      0.32,
      0.4,
      0.44,
      0.56,
      0.36,
      0.64,
      0.64,
      0.52,
      0.48,
      0.48,
      0.72,
      0.56,
      0.6,
      0.48,
      0.4,
      0.52,
      0.48,
      0.68,
      0.56,
      0.4,
      0.6,
      0.52,
      0.56,
      0.4,
      0.64,
      0.52,
      0.56,
      0.56,
      0.48,
      0.44,
      0.48,
      0.52,
      0.52,
      0.52,
      0.6,
      0.64,
      0.56,
      0.4,
      0.52,
      0.48,
      0.56,
      0.6,
      0.64,
      0.52,
      0.48,
      0.52,
      0.52,
      0.56,
      0.48,
      0.4,
      0.4,
      0.48,
      0.36,
      0.44
    ],
    "tool_accuracies": [
      0.16,
      0.16,
      0.12,
      0.12,
      0.12,
      0.16,
      0.12,
      0.08,
      0.04,
      0.12,
      0.16,
      0.08,
      0.12,
      0.2,
      0.08,
      0.08,
      0.12,
      0.08,
      0.12,
      0.08,
      0.04,
      0.16,
      0.08,
      0.2,
      0.16,
      0.08,
      0.16,
      0.08,
      0.12,
      0.2,
      0.08,
      0.08,
      0.2,
      0.12,
      0.04,
      0.12,
      0.16,
      0.2,
      0.16,
      0.12,
      0.12,
      0.0,
      0.12,
      0.12,
      0.04,
      0.12,
      0.08,
      0.08,
      0.04,
      0.12,
      0.12,
      0.24,
      0.16,
      0.12,
      0.08,
      0.12,
      0.08,
      0.08,
      0.12,
      0.12,
      0.16,
      0.12,
      0.12,
      0.04,
      0.12,
      0.16,
      0.16,
      0.12,
      0.04,
      0.08,
      0.08,
      0.16,
      0.08,
      0.16,
      0.16,
      0.16,
      0.08,
      0.08,
      0.16,
      0.16,
      0.08,
      0.12,
      0.16,
      0.12,
      0.2,
      0.16,
      0.16,
      0.12,
      0.12,
      0.12,
      0.16,
      0.08,
      0.08,
      0.08,
      0.12,
      0.12,
      0.08,
      0.16,
      0.04,
      0.04,
      0.16,
      0.16,
      0.12,
      0.12,
      0.08,
      0.2,
      0.04,
      0.08,
      0.2,
      0.0,
      0.12,
      0.12,
      0.04,
      0.12,
      0.12,
      0.12,
      0.2,
      0.08,
      0.2,
      0.12,
      0.12,
      0.04,
      0.04,
      0.12,
      0.08,
      0.16,
      0.04,
      0.04,
      0.2,
      0.12,
      0.08,
      0.04,
      0.08,
      0.16,
      0.12,
      0.08,
      0.16,
      0.04,
      0.04,
      0.08,
      0.16,
      0.12,
      0.16,
      0.08,
      0.16,
      0.08,
      0.08,
      0.16,
      0.16,
      0.08,
      0.04,
      0.16,
      0.2,
      0.2,
      0.08,
      0.12,
      0.16,
      0.04,
      0.12,
      0.04,
      0.08,
      0.16,
      0.08,
      0.16,
      0.12,
      0.08,
      0.08,
      0.04,
      0.12,
      0.04,
      0.04,
      0.08,
      0.12,
      0.2,
      0.08,
      0.08,
      0.08,
      0.12,
      0.16,
      0.04,
      0.04,
      0.12,
      0.16,
      0.08,
      0.08,
      0.16,
      0.16,
      0.12,
      0.12,
      0.04,
      0.08,
      0.16,
      0.16,
      0.28,
      0.12,
      0.08,
      0.08,
      0.16,
      0.16,
      0.08,
      0.12,
      0.08,
      0.12,
      0.04,
      0.08,
      0.08,
      0.12,
      0.16,
      0.12,
      0.12,
      0.2,
      0.08,
      0.12,
      0.16,
      0.08,
      0.16,
      0.2,
      0.2,
      0.2,
      0.12,
      0.12,
      0.12,
      0.08,
      0.12,
      0.0,
      0.12,
      0.12,
      0.08,
      0.04,
      0.12
    ],