{
  "strategy": "q_learning_dqn",
  "run_id": 0,
  "seed": 42,
  "episodes": 230,
  "queries_per_episode": 25,
  "total_time": 1.7206485271453857,
  "metrics": {
    "task_completion_rate": {
      "mean": 0.5106086956521739,
      "std": 0.08519325301435697,
      "final": 0.44,
      "improvement": -0.08000000000000002
    },
    "tool_selection_accuracy": {
      "mean": 0.11599999999999999,
      "std": 0.0457364852929969,
      "final": 0.12
    },
    "average_reward": {
      "mean": 11.360000000000003,
      "std": 2.485772850979483,
      "cumulative": 681.6
    },
    "execution_time": {
      "mean": 0.001097455563752548,
      "std": 0.000310313828727819,
      "p95": 0.001664499759674072
    },
    "convergence": {
      "episodes_to_stable": 230,
      "final_variance": 0.00848064
    }
  },
  "time_series": {
    "completion_rates": [
      0.52,
      0.48,
      0.6,
      0.52,
      0.52,
      0.44,
      0.44,
      0.44,
      0.48,
      0.52,
      0.56,
      0.56,
      0.6,
      0.52,
      0.4,
      0.44,
      0.6,
      0.52,
      0.44,
      0.48,
      0.36,
      0.52,
      0.56,
      0.48,
      0.4,
      0.52,
      0.52,
      0.56,
      0.44,
      0.4,
      0.56,
      0.64,
      0.4,
      0.56,
      0.6,
      0.4,
      0.52,
      0.6,
      0.52,
      0.52,
      0.4,
      0.56,
      0.64,
      0.44,
      0.52,
      0.6,
      0.48,
      0.6,
      0.64,
      0.6,
      0.52,
      0.52,
      0.52,
      0.6,
      0.52,
      0.32,
      0.6,
      0.44,
      0.48,
      0.56,
      0.56,
      0.56,
      0.44,
      0.44,
      0.52,
      0.56,
      0.4,
      0.6,
      0.52,
      0.48,
      0.64,
      0.48,
      0.48,
      0.64,
      0.36,
      0.6,
      0.6,
      0.48,
      0.52,
      0.52,
      0.52,
      0.56,
      0.48,
      0.6,
      0.4,
      0.56,
      0.4,
      0.4,
      0.4,
      0.44,
      0.4,
      0.64,
      0.56,
      0.64,
      0.52,
      0.44,
      0.44,
      0.52,
      0.48,
      0.48,
      0.48,
      0.6,
      0.44,
      0.44,
      0.44,
      0.48,
      0.56,
      0.52,
      0.52,
      0.76,
      0.56,
      0.36,
      0.36,
      0.36,
      0.48,
      0.36,
      0.44,
      0.52,
      0.56,
      0.44,
      0.44,
      0.64,
      0.48,
      0.52,
      0.56,
      0.48,
      0.44,
      0.56,
      0.56,
      0.64,
      0.48,
      0.64,
      0.56,
      0.6,
      0.48,
      0.56,
      0.56,
      0.36,
      0.44,
      0.76,
      0.48,
      0.44,
      0.72,
      0.6,
      0.48,
      0.48,
      0.56,
      0.6,
      0.6,
      0.48,
      0.64,
      0.48,
      0.48,
      0.4,
      0.4,
      0.44,
      0.56,
      0.4,
      0.6,
      0.44,
      0.44,
      0.64,
      0.44,
      0.56,
      0.56,
      0.48,
      0.52,
      0.64,
      0.52,
      0.68,
      0.64,
      0.36,
      0.48,
      0.6,
      0.56,
      0.52,
      0.52,
      0.6,
      0.36,
      0.48,
      0.48,
      0.52,
      0.6,
      0.48,
      0.56,
      0.64,
      0.6,
      0.44,
      0.56,
      0.6,
      0.68,
      0.6,
      0.56,
      0.56,
      0.56,
      0.44,
      0.56,
      0.4,
      0.44,
      0.52,
      0.4,
      0.56,
      0.52,
      0.44,
      0.32,
      0.52,
      0.56,
      0.56,
      0.64,
      0.44,
      0.32,
      0.36,
      0.64,
      0.44,
      0.44,
      0.6,
      0.52,
      0.44,
      0.4,
      0.52,
      0.56,
      0.44,
      0.4,
      0.28,
      0.56,
      0.6,
      0.48,
      0.44,
      0.48,
      0.44
    ],
    "tool_accuracies": [
      0.08,
      0.12,
      0.16,
      0.04,
      0.08,
      0.16,
      0.08,
      0.08,
      0.12,
      0.2,
      0.16,
      0.08,
      0.12,
      0.12,
      0.04,
      0.08,
      0.12,
      0.12,
      0.04,
      0.04,
      0.16,
      0.08,
      0.08,
      0.16,
      0.04,
      0.12,
      0.12,
      0.16,
      0.12,
      0.08,
      0.12,
      0.12,
      0.08,
      0.12,
      0.2,
      0.12,
      0.12,
      0.12,
      0.04,
      0.2,
      0.08,
      0.16,
      0.08,
      0.12,
      0.12,
      0.16,
      0.12,
      0.2,
      0.12,
      0.04,
      0.12,
      0.04,
      0.12,
      0.04,
      0.12,
      0.08,
      0.2,
      0.12,
      0.12,
      0.12,
      0.16,
      0.12,
      0.2,
      0.08,
      0.08,
      0.08,
      0.08,
      0.08,
      0.12,
      0.08,
      0.16,
      0.2,
      0.12,
      0.16,
      0.16,
      0.12,
      0.2,
      0.16,
      0.2,
      0.0,
      0.16,
      0.12,
      0.12,
      0.12,
      0.12,
      0.0,
      0.08,
      0.08,
      0.04,
      0.12,
      0.08,
      0.2,
      0.12,
      0.16,
      0.08,
      0.08,
      0.08,
      0.04,
      0.12,
      0.08,
      0.04,
      0.2,
      0.12,
      0.12,
      0.16,
      0.12,
      0.12,
      0.12,
      0.12,
      0.12,
      0.12,
      0.08,
      0.12,
      0.12,
      0.16,
      0.08,
      0.12,
      0.08,
      0.12,
      0.08,
      0.12,
      0.08,
      0.04,
      0.16,
      0.08,
      0.24,
      0.08,
      0.12,
      0.12,
      0.2,
      0.16,
      0.16,
      0.12,
      0.12,
      0.2,
      0.16,
      0.2,
      0.04,
      0.08,
      0.08,
      0.04,
      0.08,
      0.12,
      0.04,
      0.08,
      0.04,
      0.12,
      0.12,
      0.08,
      0.12,
      0.16,
      0.12,
      0.12,
      0.12,
      0.12,
      0.12,
      0.08,
      0.08,
      0.16,
      0.12,
      0.12,
      0.12,
      0.08,
      0.12,
      0.08,
      0.12,
      0.04,
      0.16,
      0.08,
      0.16,
      0.2,
      0.12,
      0.16,
      0.16,
      0.16,
      0.12,
      0.08,
      0.16,
      0.08,
      0.12,
      0.12,
      0.16,
      0.2,
      0.12,
      0.2,
      0.2,
      0.16,
      0.12,
      0.12,
      0.12,
      0.2,
      0.16,
      0.16,
      0.16,
      0.12,
      0.12,
      0.16,
      0.16,
      0.12,
      0.08,
      0.08,
      0.16,
      0.04,
      0.08,
      0.04,
      0.12,
      0.12,
      0.12,
      0.16,
      0.2,
      0.04,
      0.04,
      0.16,
      0.08,
      0.2,
      0.12,
      0.08,
      0.08,
      0.08,
      0.12,
      0.12,
      0.08,
      0.04,
      0.08,
      0.16,
      0.12,
      0.08,
      0.04,
      0.16,
      0.12
    ],
    "episode_rewards": [
      15.1,
      7.4,
      10.7,
      14.0,
      12.9,
      11.8,
      11.8,
      14.0,
      7.4,
      10.7,
      10.7,
      11.8,
      14.0,
      10.7,
      12.9,
      15.1,
      14.0,
      9.6,
      12.9,
      14.0,
      16.2,
      14.0,
      12.9,
      12.9,
      12.9,
      9.6,
      12.9,
      8.5,
      9.6,
      11.8,
      8.5,
      12.9,
      11.8,
      9.6,
      6.3,
      11.8,
      12.9,
      12.9,
      15.1,
      9.6,
      6.3,
      7.4,
      15.1,
      9.6,
      9.6,
      14.0,
      11.8,
      9.6,
      8.5,
      11.8,
      12.9,
      9.6,
      8.5,
      5.2,
      12.9,
      14.0,
      10.7,
      9.6,
      10.7,
      9.6
    ],