{
  "strategy": "q_learning_tabular",
  "run_id": 4,
  "seed": 999,
  "episodes": 230,
  "queries_per_episode": 25,
  "total_time": 1.6533327102661133,
  "metrics": {
    "task_completion_rate": {
      "mean": 0.5034782608695652,
      "std": 0.08025008170940844,
      "final": 0.48,
      "improvement": -0.040000000000000036
    },
    "tool_selection_accuracy": {
      "mean": 0.1128695652173913,
      "std": 0.04932175139510486,
      "final": 0.08
    },
    "average_reward": {
      "mean": 11.345652173913043,
      "std": 2.206877247008732,
      "cumulative": 2609.5
    },
    "execution_time": {
      "mean": 0.000281712532043457,
      "std": 5.553713322210632e-05,
      "p95": 0.00038965845108032227
    },
    "convergence": {
      "episodes_to_stable": 230,
      "final_variance": 0.00715136
    }
  },
  "time_series": {
    "completion_rates": [
      0.52,
      0.56,
      0.48,
      0.52,
      0.52,
      0.56,
      0.52,
      0.36,
      0.56,
      0.52,
      0.48,
      0.6,
      0.48,
      0.44,
      0.6,
      0.56,
      0.6,
      0.56,
      0.56,
      0.56,
      0.56,
      0.6,
      0.68,
      0.4,
      0.4,
      0.48,
      0.64,
      0.44,
      0.56,
      0.52,
      0.56,
      0.56,
      0.52,
      0.56,
      0.48,
      0.56,
      0.56,
      0.52,
      0.56,
      0.44,
      0.52,
      0.56,
      0.48,
      0.44,
      0.64,
      0.6,
      0.52,
      0.56,
      0.6,
      0.44,
      0.56,
      0.6,
      0.52,
      0.52,
      0.32,
      0.48,
      0.6,
      0.56,
      0.48,
      0.4,
      0.52,
      0.48,
      0.48,
      0.44,
      0.36,
      0.52,
      0.44,
      0.6,
      0.4,
      0.44,
      0.52,
      0.44,
      0.56,
      0.44,
      0.48,
      0.4,
      0.48,
      0.56,
      0.48,
      0.48,
      0.56,
      0.4,
      0.4,
      0.36,
      0.4,
      0.52,
      0.48,
      0.52,
      0.4,
      0.48,
      0.36,
      0.68,
      0.48,
      0.68,
      0.44,
      0.44,
      0.72,
      0.56,
      0.48,
      0.48,
      0.48,
      0.48,
      0.52,
      0.52,
      0.52,
      0.52,
      0.72,
      0.48,
      0.52,
      0.44,
      0.48,
      0.56,
      0.4,
      0.48,
      0.52,
      0.48,
      0.56,
      0.52,
      0.48,
      0.56,
      0.52,
      0.48,
      0.6,
      0.36,
      0.44,
      0.4,
      0.4,
      0.48,
      0.36,
      0.52,
      0.6,
      0.72,
      0.64,
      0.52,
      0.44,
      0.56,
      0.68,
      0.4,
      0.48,
      0.44,
      0.52,
      0.52,
      0.44,
      0.52,
      0.4,
      0.52,
      0.56,
      0.52,
      0.48,
      0.48,
      0.48,
      0.48,
      0.6,
      0.32,
      0.44,
      0.52,
      0.4,
      0.48,
      0.4,
      0.56,
      0.56,
      0.28,
      0.44,
      0.36,
      0.6,
      0.52,
      0.52,
      0.56,
      0.52,
      0.64,
      0.64,
      0.48,
      0.52,
      0.4,
      0.4,
      0.48,
      0.56,
      0.28,
      0.48,
      0.48,
      0.52,
      0.52,
      0.52,
      0.52,
      0.48,
      0.4,
      0.48,
      0.52,
      0.44,
      0.6,
      0.48,
      0.6,
      0.56,
      0.44,
      0.48,
      0.44,
      0.64,
      0.36,
      0.4,
      0.6,
      0.56,
      0.36,
      0.52,
      0.64,
      0.52,
      0.52,
      0.48,
      0.68,
      0.68,
      0.64,
      0.48,
      0.48,
      0.44,
      0.52,
      0.48,
      0.4,
      0.52,
      0.48,
      0.48,
      0.48,
      0.56,
      0.52,
      0.6,
      0.44,
      0.44,
      0.44,
      0.4,
      0.52,
      0.48,
      0.48
    ],
    "tool_accuracies": [
      0.16,
      0.04,
      0.12,
      0.08,
      0.12,
      0.04,
      0.2,
      0.12,
      0.16,
      0.12,
      0.16,
      0.12,
      0.16,
      0.04,
      0.12,
      0.08,
      0.16,
      0.08,
      0.08,
      0.08,
      0.16,
      0.12,
      0.04,
      0.12,
      0.12,
      0.16,
      0.12,
      0.08,
      0.16,
      0.16,
      0.2,
      0.08,
      0.08,
      0.24,
      0.08,
      0.2,
      0.12,
      0.12,
      0.12,
      0.08,
      0.2,
      0.08,
      0.08,
      0.04,
      0.08,
      0.24,
      0.2,
      0.08,
      0.12,
      0.12,
      0.16,
      0.12,
      0.16,
      0.16,
      0.04,
      0.04,
      0.16,
      0.16,
      0.12,
      0.08,
      0.08,
      0.2,
      0.12,
      0.16,
      0.08,
      0.16,
      0.08,
      0.12,
      0.16,
      0.04,
      0.12,
      0.08,
      0.08,
      0.04,
      0.2,
      0.08,
      0.2,
      0.16,
      0.08,
      0.16,
      0.04,
      0.12,
      0.04,
      0.12,
      0.04,
      0.12,
      0.0,
      0.16,
      0.04,
      0.08,
      0.12,
      0.12,
      0.04,
      0.16,
      0.12,
      0.08,
      0.16,
      0.16,
      0.08,
      0.08,
      0.08,
      0.08,
      0.12,
      0.08,
      0.08,
      0.12,
      0.12,
      0.12,
      0.2,
      0.12,
      0.0,
      0.08,
      0.08,
      0.12,
      0.04,
      0.08,
      0.12,
      0.16,
      0.12,
      0.12,
      0.16,
      0.12,
      0.08,
      0.04,
      0.04,
      0.12,
      0.12,
      0.08,
      0.12,
      0.16,
      0.12,
      0.16,
      0.08,
      0.04,
      0.12,
      0.16,
      0.12,
      0.0,
      0.16,
      0.08,
      0.16,
      0.12,
      0.08,
      0.12,
      0.08,
      0.24,
      0.08,
      0.2,
      0.12,
      0.12,
      0.08,
      0.12,
      0.24,
      0.04,
      0.08,
      0.2,
      0.08,
      0.16,
      0.04,
      0.16,
      0.12,
      0.08,
      0.12,
      0.04,
      0.08,
      0.12,
      0.08,
      0.16,
      0.16,
      0.12,
      0.2,
      0.08,
      0.04,
      0.08,
      0.08,
      0.16,
      0.12,
      0.04,
      0.08,
      0.08,
      0.12,
      0.12,
      0.12,
      0.12,
      0.16,
      0.08,
      0.08,
      0.08,
      0.08,
      0.2,
      0.16,
      0.2,
      0.16,
      0.08,
      0.12,
      0.08,
      0.12,
      0.04,
      0.12,
      0.12,
      0.04,
      0.0,
      0.16,
      0.08,
      0.16,
      0.16,
      0.16,
      0.2,
      0.08,
      0.16,
      0.12,
      0.08,
      0.08,
      0.12,
      0.08,
      0.08,
      0.12,
      0.2,
      0.2,
      0.12,
      0.12,
      0.12,
      0.08,
      0.08,
      0.08,
      0.16,
      0.16,
      0.04,
      0.08,
      0.08
    ],