{
  "strategy": "q_learning_tabular",
  "run_id": 2,
  "seed": 456,
  "episodes": 230,
  "queries_per_episode": 25,
  "total_time": 1.66571044921875,
  "metrics": {
    "task_completion_rate": {
      "mean": 0.5106086956521739,
      "std": 0.08270730956100807,
      "final": 0.56,
      "improvement": 0.0
    },
    "tool_selection_accuracy": {
      "mean": 0.11026086956521738,
      "std": 0.046912700969858195,
      "final": 0.12
    },
    "average_reward": {
      "mean": 11.541739130434784,
      "std": 2.274451012927722,
      "cumulative": 2654.6
    },
    "execution_time": {
      "mean": 0.00028346190245255175,
      "std": 8.83573953953301e-05,
      "p95": 0.00046199178695678693
    },
    "convergence": {
      "episodes_to_stable": 230,
      "final_variance": 0.007355360000000002
    }
  },
  "time_series": {
    "completion_rates": [
      0.56,
      0.56,
      0.52,
      0.4,
      0.56,
      0.32,
      0.48,
      0.56,
      0.48,
      0.36,
      0.52,
      0.44,
      0.6,
      0.6,
      0.4,
      0.56,
      0.4,
      0.36,
      0.4,
      0.4,
      0.6,
      0.48,
      0.48,
      0.52,
      0.52,
      0.6,
      0.52,
      0.6,
      0.56,
      0.64,
      0.56,
      0.6,
      0.44,
      0.6,
      0.48,
      0.52,
      0.6,
      0.48,
      0.4,
      0.52,
      0.48,
      0.44,
      0.56,
      0.48,
      0.6,
      0.48,
      0.56,
      0.56,
      0.4,
      0.52,
      0.48,
      0.48,
      0.52,
      0.56,
      0.48,
      0.52,
      0.56,
      0.6,
      0.56,
      0.56,
      0.52,
      0.52,
      0.56,
      0.52,
      0.6,
      0.48,
      0.52,
      0.52,
      0.52,
      0.48,
      0.48,
      0.64,
      0.56,
      0.68,
      0.72,
      0.44,
      0.52,
      0.4,
      0.52,
      0.52,
      0.6,
      0.56,
      0.4,
      0.6,
      0.6,
      0.4,
      0.4,
      0.64,
      0.56,
      0.56,
      0.44,
      0.52,
      0.52,
      0.4,
      0.76,
      0.52,
      0.48,
      0.56,
      0.64,
      0.44,
      0.44,
      0.44,
      0.4,
      0.6,
      0.52,
      0.48,
      0.44,
      0.48,
      0.4,
      0.56,
      0.52,
      0.48,
      0.36,
      0.48,
      0.4,
      0.44,
      0.52,
      0.36,
      0.44,
      0.52,
      0.52,
      0.64,
      0.48,
      0.52,
      0.52,
      0.44,
      0.64,
      0.44,
      0.68,
      0.44,
      0.48,
      0.76,
      0.36,
      0.36,
      0.56,
      0.56,
      0.64,
      0.44,
      0.52,
      0.48,
      0.4,
      0.56,
      0.36,
      0.56,
      0.52,
      0.48,
      0.4,
      0.48,
      0.52,
      0.48,
      0.6,
      0.56,
      0.56,
      0.4,
      0.48,
      0.48,
      0.4,
      0.6,
      0.52,
      0.52,
      0.56,
      0.64,
      0.48,
      0.48,
      0.4,
      0.44,
      0.52,
      0.68,
      0.56,
      0.56,
      0.56,
      0.44,
      0.48,
      0.4,
      0.56,
      0.52,
      0.44,
      0.64,
      0.52,
      0.56,
      0.52,
      0.4,
      0.6,
      0.48,
      0.4,
      0.48,
      0.72,
      0.32,
      0.44,
      0.56,
      0.52,
      0.52,
      0.4,
      0.4,
      0.56,
      0.64,
      0.52,
      0.64,
      0.56,
      0.56,
      0.56,
      0.52,
      0.44,
      0.48,
      0.68,
      0.6,
      0.36,
      0.6,
      0.4,
      0.52,
      0.52,
      0.4,
      0.36,
      0.56,
      0.6,
      0.48,
      0.52,
      0.48,
      0.52,
      0.48,
      0.64,
      0.52,
      0.52,
      0.56,
      0.48,
      0.44,
      0.48,
      0.56,
      0.36,
      0.56
    ],
    "tool_accuracies": [
      0.16,
      0.04,
      0.16,
      0.12,
      0.16,
      0.12,
      0.16,
      0.08,
      0.12,
      0.08,
      0.12,
      0.08,
      0.28,
      0.12,
      0.08,
      0.16,
      0.08,
      0.08,
      0.16,
      0.16,
      0.08,
      0.12,
      0.08,
      0.12,
      0.12,
      0.08,
      0.04,
      0.16,
      0.16,
      0.12,
      0.08,
      0.16,
      0.04,
      0.2,
      0.12,
      0.08,
      0.2,
      0.04,
      0.08,
      0.08,
      0.08,
      0.16,
      0.12,
      0.12,
      0.2,
      0.08,
      0.12,
      0.08,
      0.08,
      0.12,
      0.12,
      0.04,
      0.08,
      0.2,
      0.16,
      0.16,
      0.12,
      0.16,
      0.12,
      0.16,
      0.0,
      0.12,
      0.08,
      0.2,
      0.12,
      0.12,
      0.16,
      0.12,
      0.2,
      0.12,
      0.12,
      0.16,
      0.08,
      0.12,
      0.08,
      0.08,
      0.12,
      0.12,
      0.16,
      0.16,
      0.2,
      0.16,
      0.12,
      0.16,
      0.16,
      0.04,
      0.12,
      0.04,
      0.08,
      0.08,
      0.08,
      0.04,
      0.12,
      0.04,
      0.16,
      0.12,
      0.16,
      0.16,
      0.08,
      0.08,
      0.04,
      0.08,
      0.04,
      0.12,
      0.12,
      0.2,
      0.08,
      0.08,
      0.04,
      0.12,
      0.12,
      0.04,
      0.04,
      0.08,
      0.04,
      0.16,
      0.16,
      0.16,
      0.08,
      0.16,
      0.04,
      0.08,
      0.08,
      0.04,
      0.12,
      0.08,
      0.2,
      0.08,
      0.12,
      0.04,
      0.12,
      0.2,
      0.08,
      0.12,
      0.08,
      0.2,
      0.16,
      0.08,
      0.16,
      0.08,
      0.08,
      0.2,
      0.04,
      0.08,
      0.08,
      0.12,
      0.04,
      0.08,
      0.12,
      0.12,
      0.12,
      0.12,
      0.04,
      0.08,
      0.08,
      0.12,
      0.08,
      0.04,
      0.08,
      0.24,
      0.16,
      0.08,
      0.08,
      0.04,
      0.16,
      0.04,
      0.12,
      0.12,
      0.12,
      0.12,
      0.12,
      0.08,
      0.08,
      0.12,
      0.04,
      0.12,
      0.12,
      0.08,
      0.12,
      0.16,
      0.04,
      0.04,
      0.08,
      0.08,
      0.08,
      0.08,
      0.2,
      0.04,
      0.08,
      0.08,
      0.12,
      0.16,
      0.08,
      0.08,
      0.04,
      0.16,
      0.16,
      0.08,
      0.16,
      0.2,
      0.12,
      0.08,
      0.12,
      0.04,
      0.2,
      0.16,
      0.08,
      0.12,
      0.12,
      0.16,
      0.12,
      0.12,
      0.12,
      0.12,
      0.12,
      0.12,
      0.16,
      0.08,
      0.12,
      0.04,
      0.08,
      0.12,
      0.16,
      0.08,
      0.08,
      0.12,
      0.08,
      0.08,
      0.12,
      0.12
    ],