{
  "strategy": "random",
  "run_id": 3,
  "seed": 789,
  "episodes": 230,
  "queries_per_episode": 25,
  "total_time": 0.03396272659301758,
  "metrics": {
    "task_completion_rate": {
      "mean": 0.44834782608695656,
      "std": 0.08699755553569966,
      "final": 0.44,
      "improvement": 0.03999999999999998
    },
    "tool_selection_accuracy": {
      "mean": 0.036869565217391306,
      "std": 0.03698096378435343,
      "final": 0.0
    },
    "average_reward": {
      "mean": 9.829565217391306,
      "std": 2.3924327772317406,
      "cumulative": 2260.8
    },
    "execution_time": {
      "mean": 3.7041954372240147e-06,
      "std": 7.063389353840627e-07,
      "p95": 5.132675170898437e-06
    },
    "convergence": {
      "episodes_to_stable": 230,
      "final_variance": 0.00722944
    }
  },
  "time_series": {
    "completion_rates": [
      0.4,
      0.44,
      0.4,
      0.48,
      0.4,
      0.44,
      0.48,
      0.52,
      0.4,
      0.44,
      0.44,
      0.36,
      0.4,
      0.44,
      0.44,
      0.64,
      0.48,
      0.44,
      0.56,
      0.56,
      0.32,
      0.4,
      0.36,
      0.28,
      0.48,
      0.48,
      0.48,
      0.28,
      0.44,
      0.48,
      0.48,
      0.48,
      0.44,
      0.28,
      0.48,
      0.36,
      0.36,
      0.44,
      0.6,
      0.32,
      0.48,
      0.48,
      0.48,
      0.44,
      0.48,
      0.48,
      0.52,
      0.56,
      0.28,
      0.4,
      0.48,
      0.52,
      0.52,
      0.44,
      0.56,
      0.48,
      0.48,
      0.48,
      0.44,
      0.36,
      0.64,
      0.56,
      0.52,
      0.28,
      0.56,
      0.36,
      0.56,
      0.48,
      0.48,
      0.44,
      0.56,
      0.48,
      0.36,
      0.52,
      0.32,
      0.48,
      0.48,
      0.4,
      0.36,
      0.6,
      0.6,
      0.6,
      0.48,
      0.36,
      0.56,
      0.32,
      0.52,
      0.52,
      0.36,
      0.4,
      0.28,
      0.4,
      0.4,
      0.52,
      0.36,
      0.44,
      0.4,
      0.52,
      0.4,
      0.32,
      0.44,
      0.44,
      0.48,
      0.6,
      0.68,
      0.48,
      0.4,
      0.44,
      0.32,
      0.68,
      0.44,
      0.32,
      0.48,
      0.56,
      0.36,
      0.48,
      0.36,
      0.48,
      0.6,
      0.44,
      0.6,
      0.48,
      0.52,
      0.52,
      0.4,
      0.44,
      0.56,
      0.36,
      0.52,
      0.44,
      0.44,
      0.48,
      0.68,
      0.24,
      0.44,
      0.44,
      0.56,
      0.44,
      0.48,
      0.44,
      0.52,
      0.52,
      0.36,
      0.44,
      0.56,
      0.44,
      0.4,
      0.36,
      0.48,
      0.28,
      0.48,
      0.44,
      0.36,
      0.44,
      0.28,
      0.48,
      0.52,
      0.52,
      0.52,
      0.4,
      0.52,
      0.28,
      0.52,
      0.36,
      0.48,
      0.56,
      0.48,
      0.36,
      0.48,
      0.28,
      0.44,
      0.48,
      0.28,
      0.36,
      0.36,
      0.6,
      0.6,
      0.44,
      0.4,
      0.52,
      0.48,
      0.48,
      0.32,
      0.44,
      0.4,
      0.4,
      0.4,
      0.44,
      0.28,
      0.52,
      0.48,
      0.44,
      0.36,
      0.44,
      0.48,
      0.56,
      0.36,
      0.56,
      0.48,
      0.24,
      0.36,
      0.44,
      0.44,
      0.56,
      0.52,
      0.32,
      0.52,
      0.44,
      0.36,
      0.44,
      0.44,
      0.36,
      0.44,
      0.56,
      0.48,
      0.4,
      0.4,
      0.36,
      0.44,
      0.36,
      0.52,
      0.48,
      0.56,
      0.32,
      0.32,
      0.44,
      0.44,
      0.48,
      0.4,
      0.44
    ],
    "tool_accuracies": [
      0.0,
      0.04,
      0.08,
      0.04,
      0.0,
      0.04,
      0.0,
      0.04,
      0.04,
      0.0,
      0.04,
      0.0,
      0.0,
      0.0,
      0.0,
      0.08,
      0.04,
      0.04,
      0.08,
      0.08,
      0.0,
      0.04,
      0.04,
      0.04,
      0.08,
      0.04,
      0.0,
      0.04,
      0.04,
      0.04,
      0.08,
      0.04,
      0.0,
      0.0,
      0.04,
      0.0,
      0.0,
      0.04,
      0.08,
      0.08,
      0.04,
      0.0,
      0.0,
      0.12,
      0.0,
      0.04,
      0.0,
      0.04,
      0.0,
      0.08,
      0.08,
      0.0,
      0.08,
      0.04,
      0.04,
      0.04,
      0.04,
      0.0,
      0.12,
      0.04,
      0.04,
      0.0,
      0.08,
      0.0,
      0.0,
      0.04,
      0.0,
      0.04,
      0.12,
      0.0,
      0.08,
      0.12,
      0.0,
      0.04,
      0.04,
      0.04,
      0.16,
      0.0,
      0.08,
      0.04,
      0.04,
      0.04,
      0.0,
      0.04,
      0.08,
      0.04,
      0.08,
      0.0,
      0.0,
      0.04,
      0.0,
      0.08,
      0.0,
      0.0,
      0.08,
      0.0,
      0.08,
      0.0,
      0.04,
      0.08,
      0.08,
      0.0,
      0.0,
      0.08,
      0.04,
      0.0,
      0.04,
      0.04,
      0.0,
      0.04,
      0.0,
      0.0,
      0.04,
      0.0,
      0.08,
      0.08,
      0.0,
      0.08,
      0.16,
      0.12,
      0.08,
      0.0,
      0.0,
      0.04,
      0.04,
      0.0,
      0.08,
      0.04,
      0.0,
      0.0,
      0.04,
      0.04,
      0.04,
      0.0,
      0.04,
      0.08,
      0.04,
      0.0,
      0.04,
      0.04,
      0.0,
      0.08,
      0.08,
      0.08,
      0.04,
      0.08,
      0.04,
      0.0,
      0.08,
      0.0,
      0.0,
      0.0,
      0.08,
      0.04,
      0.0,
      0.04,
      0.0,
      0.0,
      0.04,
      0.12,
      0.0,
      0.0,
      0.04,
      0.04,
      0.04,
      0.04,
      0.0,
      0.0,
      0.0,
      0.08,
      0.0,
      0.04,
      0.04,
      0.0,
      0.04,
      0.12,
      0.04,
      0.0,
      0.08,
      0.08,
      0.04,
      0.04,
      0.0,
      0.04,
      0.0,
      0.0,
      0.08,
      0.04,
      0.0,
      0.0,
      0.0,
      0.04,
      0.0,
      0.0,
      0.08,
      0.0,
      0.0,
      0.04,
      0.08,
      0.0,
      0.04,
      0.04,
      0.04,
      0.04,
      0.04,
      0.0,
      0.12,
      0.04,
      0.0,
      0.0,
      0.0,
      0.0,
      0.08,
      0.12,
      0.04,
      0.0,
      0.04,
      0.0,
      0.0,
      0.04,
      0.0,
      0.08,
      0.12,
      0.0,
      0.04,
      0.12,
      0.12,
      0.04,
      0.0,
      0.0
    ],