{
  "strategy": "random",
  "run_id": 1,
  "seed": 123,
  "episodes": 230,
  "queries_per_episode": 25,
  "total_time": 0.036277055740356445,
  "metrics": {
    "task_completion_rate": {
      "mean": 0.46643478260869564,
      "std": 0.10069490125123624,
      "final": 0.36,
      "improvement": -0.20000000000000007
    },
    "tool_selection_accuracy": {
      "mean": 0.03756521739130435,
      "std": 0.03759258262518022,
      "final": 0.0
    },
    "average_reward": {
      "mean": 10.32695652173913,
      "std": 2.7691097844089967,
      "cumulative": 2375.2
    },
    "execution_time": {
      "mean": 4.09760682479195e-06,
      "std": 1.6307812893364602e-06,
      "p95": 6.1340332031249995e-06
    },
    "convergence": {
      "episodes_to_stable": 230,
      "final_variance": 0.007517440000000001
    }
  },
  "time_series": {
    "completion_rates": [
      0.56,
      0.52,
      0.4,
      0.36,
      0.48,
      0.56,
      0.36,
      0.56,
      0.4,
      0.6,
      0.64,
      0.36,
      0.44,
      0.36,
      0.44,
      0.52,
      0.36,
      0.48,
      0.56,
      0.56,
      0.4,
      0.44,
      0.36,
      0.6,
      0.68,
      0.36,
      0.68,
      0.44,
      0.52,
      0.6,
      0.32,
      0.28,
      0.6,
      0.4,
      0.52,
      0.56,
      0.48,
      0.52,
      0.52,
      0.32,
      0.52,
      0.48,
      0.64,
      0.44,
      0.44,
      0.56,
      0.56,
      0.64,
      0.4,
      0.48,
      0.44,
      0.4,
      0.4,
      0.2,
      0.56,
      0.48,
      0.56,
      0.52,
      0.4,
      0.48,
      0.48,
      0.4,
      0.56,
      0.72,
      0.4,
      0.52,
      0.56,
      0.4,
      0.56,
      0.32,
      0.48,
      0.4,
      0.4,
      0.52,
      0.56,
      0.56,
      0.28,
      0.36,
      0.56,
      0.6,
      0.4,
      0.4,
      0.56,
      0.36,
      0.52,
      0.44,
      0.4,
      0.32,
      0.48,
      0.56,
      0.32,
      0.44,
      0.52,
      0.72,
      0.52,
      0.52,
      0.6,
      0.44,
      0.52,
      0.44,
      0.4,
      0.52,
      0.4,
      0.6,
      0.44,
      0.32,
      0.68,
      0.64,
      0.68,
      0.6,
      0.44,
      0.4,
      0.56,
      0.48,
      0.44,
      0.52,
      0.48,
      0.64,
      0.44,
      0.4,
      0.24,
      0.52,
      0.56,
      0.68,
      0.44,
      0.52,
      0.64,
      0.6,
      0.32,
      0.68,
      0.32,
      0.56,
      0.4,
      0.68,
      0.56,
      0.52,
      0.44,
      0.36,
      0.4,
      0.48,
      0.32,
      0.68,
      0.44,
      0.52,
      0.32,
      0.48,
      0.36,
      0.4,
      0.36,
      0.44,
      0.44,
      0.48,
      0.36,
      0.44,
      0.52,
      0.48,
      0.44,
      0.36,
      0.48,
      0.4,
      0.32,
      0.28,
      0.36,
      0.36,
      0.44,
      0.32,
      0.56,
      0.36,
      0.44,
      0.4,
      0.44,
      0.44,
      0.4,
      0.52,
      0.44,
      0.44,
      0.48,
      0.44,
      0.44,
      0.44,
      0.48,
      0.44,
      0.28,
      0.36,
      0.24,
      0.64,
      0.4,
      0.48,
      0.48,
      0.64,
      0.48,
      0.48,
      0.4,
      0.56,
      0.48,
      0.52,
      0.52,
      0.32,
      0.44,
      0.32,
      0.44,
      0.48,
      0.4,
      0.56,
      0.32,
      0.6,
      0.44,
      0.32,
      0.4,
      0.52,
      0.48,
      0.4,
      0.52,
      0.56,
      0.52,
      0.36,
      0.4,
      0.44,
      0.48,
      0.48,
      0.56,
      0.4,
      0.4,
      0.28,
      0.44,
      0.52,
      0.44,
      0.44,
      0.48,
      0.36
    ],
    "tool_accuracies": [
      0.04,
      0.12,
      0.04,
      0.0,
      0.04,
      0.04,
      0.0,
      0.12,
      0.04,
      0.08,
      0.08,
      0.0,
      0.08,
      0.0,
      0.04,
      0.08,
      0.04,
      0.0,
      0.04,
      0.12,
      0.0,
      0.04,
      0.0,
      0.04,
      0.12,
      0.0,
      0.0,
      0.04,
      0.04,
      0.12,
      0.04,
      0.0,
      0.0,
      0.08,
      0.0,
      0.12,
      0.0,
      0.04,
      0.0,
      0.04,
      0.0,
      0.0,
      0.08,
      0.08,
      0.04,
      0.0,
      0.04,
      0.12,
      0.0,
      0.0,
      0.08,
      0.0,
      0.08,
      0.08,
      0.0,
      0.12,
      0.0,
      0.0,
      0.04,
      0.04,
      0.0,
      0.0,
      0.0,
      0.0,
      0.0,
      0.08,
      0.04,
      0.0,
      0.08,
      0.04,
      0.0,
      0.0,
      0.04,
      0.04,
      0.0,
      0.08,
      0.0,
      0.04,
      0.0,
      0.04,
      0.0,
      0.0,
      0.04,
      0.08,
      0.16,
      0.04,
      0.04,
      0.0,
      0.04,
      0.0,
      0.0,
      0.04,
      0.0,
      0.04,
      0.04,
      0.04,
      0.0,
      0.04,
      0.08,
      0.0,
      0.04,
      0.0,
      0.04,
      0.12,
      0.0,
      0.04,
      0.08,
      0.04,
      0.04,
      0.04,
      0.0,
      0.04,
      0.0,
      0.04,
      0.08,
      0.0,
      0.08,
      0.0,
      0.04,
      0.04,
      0.04,
      0.08,
      0.04,
      0.08,
      0.04,
      0.04,
      0.12,
      0.16,
      0.0,
      0.12,
      0.0,
      0.04,
      0.0,
      0.0,
      0.0,
      0.0,
      0.04,
      0.0,
      0.0,
      0.0,
      0.0,
      0.04,
      0.04,
      0.04,
      0.04,
      0.04,
      0.04,
      0.04,
      0.0,
      0.04,
      0.0,
      0.0,
      0.04,
      0.08,
      0.04,
      0.04,
      0.12,
      0.08,
      0.08,
      0.12,
      0.0,
      0.0,
      0.0,
      0.04,
      0.08,
      0.04,
      0.0,
      0.04,
      0.0,
      0.04,
      0.04,
      0.04,
      0.08,
      0.04,
      0.08,
      0.0,
      0.04,
      0.04,
      0.04,
      0.04,
      0.08,
      0.0,
      0.04,
      0.0,
      0.0,
      0.04,
      0.08,
      0.0,
      0.08,
      0.0,
      0.08,
      0.04,
      0.0,
      0.04,
      0.08,
      0.04,
      0.0,
      0.04,
      0.04,
      0.04,
      0.08,
      0.0,
      0.04,
      0.0,
      0.04,
      0.0,
      0.12,
      0.0,
      0.04,
      0.0,
      0.08,
      0.04,
      0.0,
      0.0,
      0.04,
      0.04,
      0.0,
      0.0,
      0.04,
      0.04,
      0.08,
      0.04,
      0.0,
      0.04,
      0.04,
      0.16,
      0.04,
      0.08,
      0.0,
      0.0
    ],