{
  "strategy": "random",
  "run_id": 2,
  "seed": 456,
  "episodes": 230,
  "queries_per_episode": 25,
  "total_time": 0.0343022346496582,
  "metrics": {
    "task_completion_rate": {
      "mean": 0.4662608695652174,
      "std": 0.09854119305995152,
      "final": 0.48,
      "improvement": 0.03999999999999998
    },
    "tool_selection_accuracy": {
      "mean": 0.03495652173913043,
      "std": 0.034524695963613676,
      "final": 0.04
    },
    "average_reward": {
      "mean": 10.32217391304348,
      "std": 2.709882809148667,
      "cumulative": 2374.1
    },
    "execution_time": {
      "mean": 3.87411532194718e-06,
      "std": 9.466461247738363e-07,
      "p95": 5.348682403564452e-06
    },
    "convergence": {
      "episodes_to_stable": 230,
      "final_variance": 0.011213440000000003
    }
  },
  "time_series": {
    "completion_rates": [
      0.44,
      0.48,
      0.44,
      0.4,
      0.52,
      0.56,
      0.44,
      0.56,
      0.28,
      0.44,
      0.64,
      0.4,
      0.28,
      0.52,
      0.4,
      0.52,
      0.52,
      0.52,
      0.48,
      0.4,
      0.4,
      0.52,
      0.36,
      0.44,
      0.4,
      0.6,
      0.56,
      0.44,
      0.48,
      0.64,
      0.44,
      0.6,
      0.2,
      0.44,
      0.44,
      0.4,
      0.6,
      0.52,
      0.56,
      0.48,
      0.52,
      0.44,
      0.64,
      0.36,
      0.36,
      0.56,
      0.64,
      0.48,
      0.48,
      0.56,
      0.52,
      0.52,
      0.36,
      0.44,
      0.4,
      0.64,
      0.36,
      0.56,
      0.56,
      0.36,
      0.32,
      0.48,
      0.44,
      0.52,
      0.32,
      0.44,
      0.4,
      0.52,
      0.4,
      0.48,
      0.44,
      0.44,
      0.32,
      0.48,
      0.6,
      0.32,
      0.44,
      0.32,
      0.6,
      0.36,
      0.48,
      0.32,
      0.36,
      0.4,
      0.44,
      0.44,
      0.48,
      0.48,
      0.44,
      0.56,
      0.4,
      0.56,
      0.56,
      0.56,
      0.68,
      0.56,
      0.48,
      0.52,
      0.52,
      0.44,
      0.64,
      0.52,
      0.48,
      0.52,
      0.36,
      0.48,
      0.44,
      0.4,
      0.56,
      0.4,
      0.4,
      0.44,
      0.32,
      0.56,
      0.28,
      0.48,
      0.52,
      0.4,
      0.56,
      0.52,
      0.68,
      0.52,
      0.48,
      0.48,
      0.56,
      0.44,
      0.52,
      0.44,
      0.52,
      0.32,
      0.56,
      0.4,
      0.4,
      0.44,
      0.48,
      0.36,
      0.52,
      0.48,
      0.6,
      0.28,
      0.64,
      0.52,
      0.4,
      0.44,
      0.48,
      0.24,
      0.48,
      0.4,
      0.48,
      0.48,
      0.32,
      0.68,
      0.56,
      0.64,
      0.48,
      0.36,
      0.4,
      0.52,
      0.4,
      0.4,
      0.44,
      0.56,
      0.52,
      0.36,
      0.36,
      0.32,
      0.56,
      0.48,
      0.48,
      0.56,
      0.4,
      0.44,
      0.16,
      0.4,
      0.24,
      0.56,
      0.28,
      0.48,
      0.56,
      0.52,
      0.6,
      0.48,
      0.44,
      0.52,
      0.32,
      0.4,
      0.28,
      0.48,
      0.4,
      0.64,
      0.28,
      0.36,
      0.64,
      0.56,
      0.44,
      0.56,
      0.48,
      0.56,
      0.64,
      0.4,
      0.52,
      0.64,
      0.48,
      0.52,
      0.52,
      0.4,
      0.44,
      0.56,
      0.52,
      0.48,
      0.44,
      0.28,
      0.48,
      0.56,
      0.6,
      0.44,
      0.52,
      0.24,
      0.64,
      0.36,
      0.44,
      0.56,
      0.48,
      0.28,
      0.52,
      0.48,
      0.4,
      0.48,
      0.4,
      0.48
    ],
    "tool_accuracies": [
      0.04,
      0.04,
      0.04,
      0.08,
      0.0,
      0.04,
      0.0,
      0.08,
      0.04,
      0.0,
      0.0,
      0.04,
      0.0,
      0.12,
      0.04,
      0.12,
      0.0,
      0.04,
      0.04,
      0.04,
      0.0,
      0.04,
      0.08,
      0.08,
      0.0,
      0.08,
      0.04,
      0.12,
      0.04,
      0.0,
      0.0,
      0.0,
      0.04,
      0.0,
      0.04,
      0.04,
      0.04,
      0.0,
      0.04,
      0.04,
      0.08,
      0.04,
      0.12,
      0.0,
      0.04,
      0.04,
      0.04,
      0.0,
      0.0,
      0.0,
      0.04,
      0.0,
      0.04,
      0.04,
      0.0,
      0.08,
      0.08,
      0.0,
      0.04,
      0.0,
      0.08,
      0.04,
      0.08,
      0.08,
      0.0,
      0.08,
      0.04,
      0.0,
      0.0,
      0.12,
      0.0,
      0.0,
      0.04,
      0.04,
      0.04,
      0.0,
      0.08,
      0.04,
      0.12,
      0.0,
      0.0,
      0.12,
      0.04,
      0.0,
      0.04,
      0.08,
      0.04,
      0.0,
      0.04,
      0.0,
      0.0,
      0.0,
      0.04,
      0.04,
      0.04,
      0.0,
      0.0,
      0.04,
      0.0,
      0.0,
      0.08,
      0.04,
      0.04,
      0.08,
      0.04,
      0.04,
      0.04,
      0.0,
      0.04,
      0.04,
      0.0,
      0.08,
      0.08,
      0.0,
      0.0,
      0.12,
      0.0,
      0.04,
      0.08,
      0.04,
      0.0,
      0.0,
      0.0,
      0.0,
      0.0,
      0.04,
      0.04,
      0.04,
      0.04,
      0.0,
      0.0,
      0.04,
      0.0,
      0.04,
      0.0,
      0.12,
      0.04,
      0.04,
      0.08,
      0.04,
      0.04,
      0.0,
      0.04,
      0.04,
      0.04,
      0.0,
      0.0,
      0.08,
      0.0,
      0.08,
      0.0,
      0.0,
      0.04,
      0.04,
      0.08,
      0.0,
      0.04,
      0.04,
      0.08,
      0.0,
      0.0,
      0.08,
      0.0,
      0.04,
      0.08,
      0.04,
      0.12,
      0.08,
      0.04,
      0.12,
      0.04,
      0.0,
      0.0,
      0.0,
      0.0,
      0.0,
      0.0,
      0.12,
      0.04,
      0.0,
      0.04,
      0.0,
      0.04,
      0.04,
      0.04,
      0.0,
      0.0,
      0.04,
      0.04,
      0.04,
      0.04,
      0.04,
      0.0,
      0.08,
      0.0,
      0.0,
      0.04,
      0.08,
      0.04,
      0.0,
      0.12,
      0.04,
      0.04,
      0.0,
      0.04,
      0.04,
      0.04,
      0.0,
      0.0,
      0.0,
      0.04,
      0.0,
      0.0,
      0.0,
      0.0,
      0.08,
      0.0,
      0.08,
      0.04,
      0.04,
      0.0,
      0.08,
      0.08,
      0.0,
      0.08,
      0.0,
      0.0,
      0.04,
      0.04,
      0.04
    ],