{
  "strategy": "random",
  "run_id": 0,
  "seed": 42,
  "episodes": 230,
  "queries_per_episode": 25,
  "total_time": 0.03593158721923828,
  "metrics": {
    "task_completion_rate": {
      "mean": 0.4554782608695653,
      "std": 0.09599133546280075,
      "final": 0.6,
      "improvement": 0.24
    },
    "tool_selection_accuracy": {
      "mean": 0.03634782608695652,
      "std": 0.03626785460821742,
      "final": 0.04
    },
    "average_reward": {
      "mean": 10.025652173913041,
      "std": 2.6397617252270207,
      "cumulative": 2305.9
    },
    "execution_time": {
      "mean": 3.899159638778024e-06,
      "std": 7.044819057072638e-07,
      "p95": 5.445957183837889e-06
    },
    "convergence": {
      "episodes_to_stable": 230,
      "final_variance": 0.009331840000000001
    }
  },
  "time_series": {
    "completion_rates": [
      0.36,
      0.6,
      0.32,
      0.56,
      0.24,
      0.44,
      0.52,
      0.2,
      0.56,
      0.4,
      0.56,
      0.36,
      0.36,
      0.56,
      0.4,
      0.48,
      0.32,
      0.44,
      0.48,
      0.44,
      0.6,
      0.6,
      0.52,
      0.6,
      0.4,
      0.48,
      0.56,
      0.56,
      0.4,
      0.48,
      0.36,
      0.4,
      0.44,
      0.48,
      0.4,
      0.36,
      0.56,
      0.52,
      0.32,
      0.36,
      0.32,
      0.4,
      0.6,
      0.4,
      0.48,
      0.4,
      0.64,
      0.44,
      0.44,
      0.6,
      0.52,
      0.6,
      0.4,
      0.56,
      0.52,
      0.4,
      0.56,
      0.36,
      0.56,
      0.48,
      0.56,
      0.36,
      0.4,
      0.6,
      0.44,
      0.44,
      0.64,
      0.4,
      0.56,
      0.4,
      0.56,
      0.36,
      0.4,
      0.48,
      0.44,
      0.52,
      0.52,
      0.48,
      0.36,
      0.52,
      0.32,
      0.32,
      0.52,
      0.32,
      0.68,
      0.32,
      0.52,
      0.36,
      0.48,
      0.52,
      0.52,
      0.4,
      0.28,
      0.48,
      0.48,
      0.56,
      0.28,
      0.52,
      0.6,
      0.56,
      0.64,
      0.36,
      0.44,
      0.36,
      0.4,
      0.44,
      0.52,
      0.44,
      0.56,
      0.4,
      0.36,
      0.4,
      0.64,
      0.48,
      0.48,
      0.48,
      0.36,
      0.52,
      0.44,
      0.4,
      0.48,
      0.44,
      0.36,
      0.52,
      0.44,
      0.4,
      0.56,
      0.48,
      0.4,
      0.36,
      0.36,
      0.36,
      0.36,
      0.36,
      0.44,
      0.4,
      0.4,
      0.44,
      0.44,
      0.6,
      0.52,
      0.32,
      0.68,
      0.28,
      0.48,
      0.64,
      0.32,
      0.52,
      0.56,
      0.44,
      0.2,
      0.44,
      0.32,
      0.36,
      0.56,
      0.44,
      0.44,
      0.6,
      0.48,
      0.36,
      0.44,
      0.36,
      0.64,
      0.44,
      0.44,
      0.32,
      0.64,
      0.52,
      0.48,
      0.48,
      0.52,
      0.52,
      0.4,
      0.44,
      0.4,
      0.6,
      0.36,
      0.4,
      0.56,
      0.32,
      0.28,
      0.52,
      0.48,
      0.36,
      0.36,
      0.4,
      0.64,
      0.4,
      0.48,
      0.44,
      0.44,
      0.44,
      0.36,
      0.48,
      0.56,
      0.4,
      0.48,
      0.56,
      0.44,
      0.4,
      0.44,
      0.44,
      0.44,
      0.36,
      0.4,
      0.36,
      0.4,
      0.44,
      0.4,
      0.52,
      0.6,
      0.52,
      0.44,
      0.72,
      0.4,
      0.36,
      0.56,
      0.32,
      0.52,
      0.48,
      0.48,
      0.4,
      0.48,
      0.56,
      0.32,
      0.32,
      0.48,
      0.44,
      0.52,
      0.6
    ],
    "tool_accuracies": [
      0.0,
      0.04,
      0.0,
      0.0,
      0.08,
      0.0,
      0.04,
      0.0,
      0.04,
      0.0,
      0.04,
      0.0,
      0.04,
      0.04,
      0.08,
      0.08,
      0.04,
      0.0,
      0.0,
      0.0,
      0.04,
      0.04,
      0.04,
      0.04,
      0.0,
      0.0,
      0.04,
      0.08,
      0.08,
      0.0,
      0.12,
      0.04,
      0.0,
      0.0,
      0.04,
      0.0,
      0.0,
      0.0,
      0.04,
      0.04,
      0.0,
      0.08,
      0.0,
      0.0,
      0.0,
      0.08,
      0.04,
      0.04,
      0.04,
      0.12,
      0.0,
      0.04,
      0.0,
      0.08,
      0.04,
      0.04,
      0.0,
      0.0,
      0.12,
      0.08,
      0.0,
      0.04,
      0.0,
      0.0,
      0.0,
      0.04,
      0.04,
      0.0,
      0.08,
      0.04,
      0.0,
      0.0,
      0.0,
      0.0,
      0.04,
      0.08,
      0.12,
      0.0,
      0.0,
      0.0,
      0.04,
      0.08,
      0.08,
      0.04,
      0.16,
      0.04,
      0.0,
      0.0,
      0.0,
      0.08,
      0.04,
      0.0,
      0.04,
      0.08,
      0.04,
      0.0,
      0.0,
      0.12,
      0.0,
      0.04,
      0.12,
      0.0,
      0.04,
      0.04,
      0.08,
      0.0,
      0.08,
      0.08,
      0.04,
      0.08,
      0.04,
      0.0,
      0.08,
      0.0,
      0.08,
      0.0,
      0.04,
      0.04,
      0.04,
      0.0,
      0.04,
      0.04,
      0.0,
      0.08,
      0.08,
      0.04,
      0.04,
      0.04,
      0.0,
      0.08,
      0.04,
      0.04,
      0.08,
      0.08,
      0.0,
      0.0,
      0.0,
      0.04,
      0.04,
      0.0,
      0.0,
      0.04,
      0.0,
      0.12,
      0.0,
      0.08,
      0.04,
      0.08,
      0.04,
      0.04,
      0.04,
      0.08,
      0.0,
      0.0,
      0.0,
      0.0,
      0.04,
      0.04,
      0.0,
      0.04,
      0.04,
      0.08,
      0.12,
      0.0,
      0.08,
      0.08,
      0.12,
      0.04,
      0.08,
      0.0,
      0.04,
      0.0,
      0.08,
      0.04,
      0.04,
      0.08,
      0.04,
      0.04,
      0.04,
      0.0,
      0.0,
      0.0,
      0.08,
      0.0,
      0.0,
      0.0,
      0.08,
      0.0,
      0.04,
      0.0,
      0.04,
      0.04,
      0.12,
      0.0,
      0.0,
      0.04,
      0.08,
      0.12,
      0.04,
      0.0,
      0.04,
      0.04,
      0.04,
      0.08,
      0.08,
      0.0,
      0.0,
      0.04,
      0.0,
      0.08,
      0.0,
      0.04,
      0.04,
      0.04,
      0.0,
      0.0,
      0.08,
      0.0,
      0.12,
      0.04,
      0.0,
      0.08,
      0.0,
      0.0,
      0.0,
      0.04,
      0.04,
      0.04,
      0.0,
      0.04
    ],