{
  "strategy": "random",
  "run_id": 4,
  "seed": 999,
  "episodes": 230,
  "queries_per_episode": 25,
  "total_time": 0.03665637969970703,
  "metrics": {
    "task_completion_rate": {
      "mean": 0.456,
      "std": 0.10164559059278727,
      "final": 0.36,
      "improvement": -0.08000000000000002
    },
    "tool_selection_accuracy": {
      "mean": 0.04069565217391304,
      "std": 0.03821499225788645,
      "final": 0.0
    },
    "average_reward": {
      "mean": 10.04,
      "std": 2.7952537413016496,
      "cumulative": 2309.2
    },
    "execution_time": {
      "mean": 4.01032489279042e-06,
      "std": 1.2584183353428567e-06,
      "p95": 5.874156951904296e-06
    },
    "convergence": {
      "episodes_to_stable": 230,
      "final_variance": 0.010320000000000001
    }
  },
  "time_series": {
    "completion_rates": [
      0.44,
      0.6,
      0.44,
      0.32,
      0.64,
      0.44,
      0.6,
      0.52,
      0.24,
      0.32,
      0.4,
      0.28,
      0.52,
      0.6,
      0.4,
      0.4,
      0.4,
      0.52,
      0.4,
      0.44,
      0.52,
      0.48,
      0.4,
      0.44,
      0.48,
      0.44,
      0.36,
      0.44,
      0.4,
      0.52,
      0.6,
      0.32,
      0.48,
      0.36,
      0.28,
      0.4,
      0.68,
      0.4,
      0.36,
      0.4,
      0.28,
      0.52,
      0.56,
      0.64,
      0.24,
      0.68,
      0.44,
      0.76,
      0.48,
      0.64,
      0.36,
      0.52,
      0.48,
      0.6,
      0.52,
      0.32,
      0.44,
      0.48,
      0.44,
      0.44,
      0.64,
      0.44,
      0.32,
      0.56,
      0.36,
      0.48,
      0.4,
      0.52,
      0.48,
      0.52,
      0.48,
      0.4,
      0.52,
      0.52,
      0.4,
      0.44,
      0.48,
      0.4,
      0.56,
      0.48,
      0.52,
      0.6,
      0.64,
      0.56,
      0.4,
      0.28,
      0.44,
      0.6,
      0.56,
      0.4,
      0.32,
      0.6,
      0.56,
      0.44,
      0.56,
      0.4,
      0.4,
      0.56,
      0.4,
      0.52,
      0.48,
      0.44,
      0.48,
      0.44,
      0.64,
      0.36,
      0.44,
      0.52,
      0.4,
      0.36,
      0.56,
      0.44,
      0.4,
      0.56,
      0.28,
      0.48,
      0.44,
      0.36,
      0.48,
      0.4,
      0.48,
      0.56,
      0.36,
      0.52,
      0.28,
      0.36,
      0.36,
      0.36,
      0.4,
      0.36,
      0.36,
      0.4,
      0.56,
      0.44,
      0.52,
      0.44,
      0.44,
      0.32,
      0.36,
      0.4,
      0.44,
      0.48,
      0.48,
      0.68,
      0.48,
      0.4,
      0.4,
      0.56,
      0.72,
      0.6,
      0.48,
      0.52,
      0.32,
      0.52,
      0.36,
      0.4,
      0.56,
      0.4,
      0.56,
      0.44,
      0.48,
      0.28,
      0.4,
      0.32,
      0.6,
      0.36,
      0.44,
      0.36,
      0.44,
      0.44,
      0.4,
      0.48,
      0.44,
      0.28,
      0.44,
      0.48,
      0.28,
      0.32,
      0.48,
      0.52,
      0.4,
      0.48,
      0.4,
      0.52,
      0.36,
      0.56,
      0.32,
      0.44,
      0.56,
      0.52,
      0.4,
      0.52,
      0.56,
      0.6,
      0.2,
      0.4,
      0.36,
      0.4,
      0.52,
      0.44,
      0.6,
      0.48,
      0.36,
      0.4,
      0.4,
      0.6,
      0.44,
      0.28,
      0.4,
      0.4,
      0.52,
      0.36,
      0.44,
      0.6,
      0.6,
      0.4,
      0.64,
      0.72,
      0.44,
      0.4,
      0.28,
      0.36,
      0.6,
      0.6,
      0.56,
      0.44,
      0.4,
      0.36,
      0.52,
      0.36
    ],
    "tool_accuracies": [
      0.0,
      0.04,
      0.0,
      0.0,
      0.0,
      0.08,
      0.04,
      0.04,
      0.0,
      0.0,
      0.12,
      0.08,
      0.16,
      0.04,
      0.08,
      0.04,
      0.0,
      0.08,
      0.08,
      0.0,
      0.0,
      0.04,
      0.04,
      0.08,
      0.04,
      0.08,
      0.04,
      0.04,
      0.08,
      0.0,
      0.04,
      0.0,
      0.0,
      0.0,
      0.0,
      0.0,
      0.0,
      0.08,
      0.04,
      0.0,
      0.04,
      0.04,
      0.08,
      0.04,
      0.0,
      0.08,
      0.08,
      0.12,
      0.04,
      0.04,
      0.04,
      0.04,
      0.12,
      0.08,
      0.08,
      0.04,
      0.0,
      0.0,
      0.04,
      0.04,
      0.08,
      0.0,
      0.0,
      0.04,
      0.0,
      0.04,
      0.12,
      0.08,
      0.08,
      0.12,
      0.08,
      0.04,
      0.04,
      0.0,
      0.0,
      0.04,
      0.04,
      0.0,
      0.04,
      0.08,
      0.08,
      0.04,
      0.04,
      0.0,
      0.04,
      0.0,
      0.0,
      0.08,
      0.0,
      0.08,
      0.04,
      0.08,
      0.04,
      0.0,
      0.04,
      0.0,
      0.0,
      0.0,
      0.04,
      0.08,
      0.0,
      0.12,
      0.08,
      0.08,
      0.04,
      0.04,
      0.0,
      0.12,
      0.04,
      0.08,
      0.08,
      0.12,
      0.0,
      0.04,
      0.0,
      0.04,
      0.0,
      0.04,
      0.08,
      0.0,
      0.04,
      0.04,
      0.04,
      0.08,
      0.0,
      0.0,
      0.0,
      0.04,
      0.08,
      0.04,
      0.04,
      0.0,
      0.0,
      0.04,
      0.08,
      0.12,
      0.08,
      0.04,
      0.04,
      0.04,
      0.0,
      0.08,
      0.04,
      0.08,
      0.08,
      0.08,
      0.0,
      0.08,
      0.08,
      0.08,
      0.0,
      0.08,
      0.0,
      0.0,
      0.0,
      0.0,
      0.12,
      0.04,
      0.04,
      0.0,
      0.04,
      0.0,
      0.0,
      0.0,
      0.04,
      0.0,
      0.0,
      0.08,
      0.0,
      0.04,
      0.0,
      0.0,
      0.12,
      0.08,
      0.04,
      0.04,
      0.0,
      0.08,
      0.12,
      0.04,
      0.0,
      0.0,
      0.0,
      0.08,
      0.0,
      0.04,
      0.0,
      0.04,
      0.04,
      0.08,
      0.0,
      0.0,
      0.12,
      0.12,
      0.0,
      0.04,
      0.0,
      0.0,
      0.04,
      0.08,
      0.04,
      0.12,
      0.0,
      0.0,
      0.04,
      0.08,
      0.0,
      0.04,
      0.0,
      0.08,
      0.04,
      0.0,
      0.0,
      0.08,
      0.08,
      0.04,
      0.12,
      0.04,
      0.0,
      0.04,
      0.04,
      0.0,
      0.0,
      0.0,
      0.04,
      0.04,
      0.08,
      0.0,
      0.08,
      0.0
    ],